symbol,name,sector,industry,market_cap
A,"Agilent Technologies, Inc.",Health Care,Biotechnology,Large Cap
AA,Alcoa Corporation,Materials,Metals & Mining,Large Cap
AADX,Applied Aerospace & Defense Inc.,Industrials,Aerospace & Defense,Small Cap
AAL,American Airlines Group Inc.,Industrials,Airlines,Mid Cap
AAOI,"Applied Optoelectronics, Inc.",Information Technology,Semiconductors & Semiconductor Equipment,Large Cap
AAON,"AAON, Inc.",Industrials,Building Products,Mid Cap
AAP,"Advance Auto Parts, Inc.",Consumer Discretionary,Specialty Retail,Mid Cap
AAPL,Apple Inc.,Information Technology,"Technology Hardware, Storage & Peripherals",Mega Cap
ABAT,American Battery Technology Company Common Stock,Materials,Metals & Mining,Small Cap
ABBV,AbbVie Inc.,Health Care,Pharmaceuticals,Mega Cap
ABG,Asbury Automotive Group Inc,Consumer Discretionary,Specialty Retail,Mid Cap
ABM,ABM Industries Incorporated,Industrials,Professional Services,Mid Cap
ABNB,"Airbnb, Inc. Class A",Communication Services,Diversified Telecommunication Services,Large Cap
ABSI,Absci Corporation Common Stock,Health Care,Biotechnology,Small Cap
ABT,Abbott Laboratories,Health Care,Health Care Equipment & Supplies,Large Cap
ABTC,American Bitcoin Corp. Class A Common Stock,Information Technology,Software,Small Cap
ABUS,Arbutus Biopharma Corporation,Health Care,Biotechnology,Small Cap
ACA,"Arcosa, Inc.",Industrials,Transportation Infrastructure,Mid Cap
ACAD,ACADIA Pharmaceuticals Inc.,Health Care,Biotechnology,Mid Cap
ACCO,ACCO Brands Corporation,Industrials,Commercial Services & Supplies,Small Cap
ACCV,Accelevation Holdings Corp. Class A Ordinary Shares,Information Technology,"Electronic Equipment, Instruments & Components",Mid Cap
ACDC,ProFrac Holding Corp. Class A Common Stock,Energy,Energy Equipment & Services,Small Cap
ACEL,"Accel Entertainment, Inc.",Consumer Discretionary,"Hotels, Restaurants & Leisure",Small Cap
ACHC,"Acadia Healthcare Company, Inc.",Health Care,Health Care Providers & Services,Mid Cap
ACHR,Archer Aviation Inc. Class A Common Stock,Industrials,Aerospace & Defense,Mid Cap
ACI,"Albertsons Companies, Inc. Class A",Consumer Staples,Food & Staples Retailing,Mid Cap
ACIW,"ACI Worldwide, Inc.",Information Technology,Software,Mid Cap
ACLS,"Axcelis Technologies, Inc.",Information Technology,Semiconductors & Semiconductor Equipment,Mid Cap
ACM,Aecom,Industrials,Construction & Engineering,Mid Cap
ACMR,"ACM Research, Inc.",Information Technology,Semiconductors & Semiconductor Equipment,Mid Cap
ACRS,"Aclaris Therapeutics, Inc.",Health Care,Biotechnology,Small Cap
ACTG,Acacia Research Corporation,Industrials,Professional Services,Small Cap
ACVA,ACV Auctions Inc.,Information Technology,Software,Small Cap
AD,Array Digital Infrastructure Inc. Common Shares,Communication Services,Diversified Telecommunication Services,Mid Cap
ADAM,Adamas Trust Inc. Common Stock,Information Technology,Software,Small Cap
ADBE,Adobe Inc.,Information Technology,Software,Large Cap
ADEA,Adeia Inc. Common Stock,Information Technology,Software,Mid Cap
ADI,"Analog Devices, Inc.",Information Technology,Semiconductors & Semiconductor Equipment,Mega Cap
ADIG,ADI Global Distribution Inc. Common Stock,Industrials,Building Products,Small Cap
ADM,Archer-Daniels-Midland Company,Consumer Staples,Food Products,Large Cap
ADMA,"ADMA Biologics, Inc.",Health Care,Biotechnology,Mid Cap
ADP,"Automatic Data Processing, Inc.",Industrials,Professional Services,Large Cap
ADPT,Adaptive Biotechnologies Corp.,Health Care,Biotechnology,Mid Cap
ADRX,ADARx Pharmaceuticals Inc. Common Stock,Health Care,Biotechnology,Mid Cap
ADSK,"Autodesk, Inc.",Information Technology,Software,Large Cap
ADT,ADT Inc.,Industrials,Commercial Services & Supplies,Mid Cap
ADTN,"ADTRAN, Inc.",Information Technology,Communications Equipment,Small Cap
ADUS,Addus HomeCare Corporation,Health Care,Health Care Providers & Services,Mid Cap
ADV,Advantage Solutions Inc.,Communication Services,Media,Small Cap
AEGN,Aegion Corporation,Industrials,Construction & Engineering,Small Cap
AEHR,Aehr Test Systems,Information Technology,Semiconductors & Semiconductor Equipment,Mid Cap
AEIS,"Advanced Energy Industries, Inc.",Industrials,Electrical Equipment,Large Cap
AEO,"American Eagle Outfitters, Inc.",Consumer Discretionary,Specialty Retail,Mid Cap
AESI,Atlas Energy Solutions Inc. Class A Common Stock,Energy,Energy Equipment & Services,Small Cap
AEVA,"Aeva Technologies, Inc.",Consumer Discretionary,Auto Components,Small Cap
AFRM,"Affirm Holdings, Inc.",Information Technology,IT Services,Large Cap
AGCO,AGCO Corporation,Industrials,Machinery,Mid Cap
AGEN,Agenus Inc.,Health Care,Biotechnology,Small Cap
AGIO,"Agios Pharmaceuticals, Inc.",Health Care,Biotechnology,Small Cap
AGL,"agilon health, inc.",Health Care,Health Care Providers & Services,Small Cap
AGX,"Argan, Inc.",Industrials,Construction & Engineering,Mid Cap
AGYS,"Agilysys, Inc.",Information Technology,Software,Mid Cap
AHCO,AdaptHealth Corp.,Health Care,Health Care Equipment & Supplies,Small Cap
AI,"C3.ai, Inc.",Information Technology,IT Services,Small Cap
AIN,Albany International Corp.,Consumer Discretionary,"Textiles, Apparel & Luxury Goods",Small Cap
AIOT,PowerFleet Inc. Common Stock,Communication Services,Diversified Telecommunication Services,Small Cap
AIP,Arteris Inc. Common Stock,Information Technology,Semiconductors & Semiconductor Equipment,Small Cap
AIR,AAR Corp.,Industrials,Aerospace & Defense,Mid Cap
AIT,"Applied Industrial Technologies, Inc.",Industrials,Trading Companies & Distributors,Large Cap
AKAM,"Akamai Technologies, Inc.",Information Technology,Software,Large Cap
AKTS,"Aktis Oncology, Inc.",Information Technology,Communications Equipment,Small Cap
ALAB,Astera Labs Inc. Common Stock,Information Technology,Semiconductors & Semiconductor Equipment,Large Cap
ALB,Albemarle Corporation,Materials,Chemicals,Large Cap
ALG,Alamo Group Inc.,Industrials,Machinery,Small Cap
ALGM,"Allegro MicroSystems, Inc.",Information Technology,Semiconductors & Semiconductor Equipment,Mid Cap
ALGN,"Align Technology, Inc.",Health Care,Health Care Equipment & Supplies,Mid Cap
ALGT,Allegiant Travel Company,Industrials,Airlines,Mid Cap
ALHC,"Alignment Healthcare, Inc.",Health Care,Health Care Providers & Services,Small Cap
ALK,"Alaska Air Group, Inc.",Industrials,Airlines,Mid Cap
ALKT,"Alkami Technology, Inc.",Information Technology,Software,Small Cap
ALLO,"Allogene Therapeutics, Inc.",Health Care,Biotechnology,Small Cap
ALMR,Alamar Biosciences Inc. Common Stock,Health Care,Biotechnology,Mid Cap
ALMS,Alumis Inc. Common Stock,Health Care,Biotechnology,Small Cap
ALNT,Allient Inc. Common Stock,Industrials,Electrical Equipment,Mid Cap
ALNY,"Alnylam Pharmaceuticals, Inc.",Health Care,Biotechnology,Large Cap
ALOY,REalloys Inc. Common Stock,Materials,Metals & Mining,Small Cap
ALRM,"Alarm.com Holdings, Inc.",Information Technology,Software,Mid Cap
ALSN,"Allison Transmission Holdings, Inc.",Consumer Discretionary,Auto Components,Mid Cap
ALT,"Altimmune, Inc.",Health Care,Biotechnology,Small Cap
AM,Antero Midstream Corporation,Energy,"Oil, Gas & Consumable Fuels",Mid Cap
AMAT,"Applied Materials, Inc.",Information Technology,Semiconductors & Semiconductor Equipment,Mega Cap
AMBA,"Ambarella, Inc.",Information Technology,Semiconductors & Semiconductor Equipment,Mid Cap
AMBQ,Ambiq Micro Inc. Common Stock,Information Technology,Semiconductors & Semiconductor Equipment,Small Cap
AMC,"AMC Entertainment Holdings, Inc.",Communication Services,Entertainment,Mid Cap
AMCX,AMC Global Media Inc.,Communication Services,Entertainment,Small Cap
AMD,"Advanced Micro Devices, Inc.",Information Technology,Semiconductors & Semiconductor Equipment,Mega Cap
AME,"AMETEK, Inc.",Industrials,Machinery,Large Cap
AMGN,Amgen Inc.,Health Care,Pharmaceuticals,Mega Cap
AMKR,"Amkor Technology, Inc.",Information Technology,Semiconductors & Semiconductor Equipment,Large Cap
AMLX,Amylyx Pharmaceuticals Inc. Common Stock,Health Care,Biotechnology,Mid Cap
AMN,AMN Healthcare Services Inc,Health Care,Health Care Providers & Services,Small Cap
AMPH,"Amphastar Pharmaceuticals, Inc.",Health Care,Pharmaceuticals,Small Cap
AMPL,Amplitude Inc. Class A Common Stock,Information Technology,Software,Small Cap
AMPX,Amprius Technologies Inc. Common Stock,Industrials,Electrical Equipment,Small Cap
AMR,"Alpha Metallurgical Resources, Inc.",Materials,Metals & Mining,Mid Cap
AMRC,"Ameresco, Inc.",Industrials,Construction & Engineering,Small Cap
AMRX,"Amneal Pharmaceuticals, Inc. Class A",Health Care,Pharmaceuticals,Mid Cap
AMRZ,Amrize Ltd Ordinary Shares,Materials,Construction Materials,Large Cap
AMSC,American Superconductor Corporation,Industrials,Machinery,Small Cap
AMTM,Amentum Holdings Inc. Common Stock,Industrials,Aerospace & Defense,Mid Cap
AMZN,"Amazon.com, Inc.",Consumer Discretionary,Internet & Direct Marketing Retail,Mega Cap
AN,"AutoNation, Inc.",Consumer Discretionary,Specialty Retail,Mid Cap
ANAB,"AnaptysBio, Inc.",Health Care,Biotechnology,Small Cap
ANDE,"The Andersons, Inc.",Consumer Staples,Food & Staples Retailing,Mid Cap
ANET,"Arista Networks, Inc.",Information Technology,"Technology Hardware, Storage & Peripherals",Mega Cap
ANF,Abercrombie & Fitch Co. Class A,Consumer Discretionary,Specialty Retail,Mid Cap
ANGO,"AngioDynamics, Inc.",Health Care,Health Care Equipment & Supplies,Small Cap
ANGX,Angel Studios Inc. Class A Common Stock,Consumer Discretionary,"Hotels, Restaurants & Leisure",Small Cap
ANIP,"ANI Pharmaceuticals, Inc.",Health Care,Pharmaceuticals,Small Cap
ANNX,"Annexon, Inc.",Health Care,Biotechnology,Small Cap
ANRO,Alto Neuroscience Inc.,Health Care,Biotechnology,Small Cap
AONC,American Oncology Network Inc. Class A Common Stock,Health Care,Health Care Providers & Services,Small Cap
AORT,Artivion Inc. Common Stock,Health Care,Health Care Equipment & Supplies,Small Cap
AOS,A.O. Smith Corporation,Industrials,Machinery,Mid Cap
AOSL,Alpha and Omega Semiconductor Limited,Information Technology,Semiconductors & Semiconductor Equipment,Small Cap
APA,APA Corporation,Energy,"Oil, Gas & Consumable Fuels",Large Cap
APD,"Air Products and Chemicals, Inc.",Materials,Chemicals,Large Cap
APEI,"American Public Education, Inc.",Consumer Discretionary,Diversified Consumer Services,Small Cap
APG,APi Group Corporation,Industrials,Construction & Engineering,Large Cap
APH,Amphenol Corporation Class A,Information Technology,"Electronic Equipment, Instruments & Components",Mega Cap
APMD,Apnimed Inc. Common Stock,Health Care,Biotechnology,Small Cap
APOG,"Apogee Enterprises, Inc.",Industrials,Building Products,Small Cap
APP,AppLovin Corp. Class A,Information Technology,Software,Large Cap
APPF,"AppFolio, Inc.",Information Technology,Software,Mid Cap
APPN,Appian Corporation Class A,Information Technology,Software,Mid Cap
APPS,"Digital Turbine, Inc.",Information Technology,Software,Small Cap
AQST,"Aquestive Therapeutics, Inc.",Health Care,Pharmaceuticals,Small Cap
AR,Antero Resources Corporation,Energy,"Oil, Gas & Consumable Fuels",Large Cap
ARCB,ArcBest Corporation,Industrials,Road & Rail,Mid Cap
ARCT,Arcturus Therapeutics Holdings Inc.,Health Care,Biotechnology,Small Cap
ARDT,Ardent Health Partners Inc. Common Stock,Health Care,Health Care Providers & Services,Small Cap
ARDX,"Ardelyx, Inc.",Health Care,Biotechnology,Small Cap
ARHS,Arhaus Inc. Class A Common Stock,Industrials,Building Products,Small Cap
ARKO,Arko Corp.,Consumer Staples,Food & Staples Retailing,Small Cap
ARLO,"Arlo Technologies, Inc.",Industrials,Professional Services,Small Cap
ARLP,"Alliance Resource Partners, L.P.",Materials,Metals & Mining,Mid Cap
ARMK,Aramark,Consumer Discretionary,"Hotels, Restaurants & Leisure",Large Cap
AROC,"Archrock, Inc.",Energy,Energy Equipment & Services,Mid Cap
ARQT,"Arcutis Biotherapeutics, Inc.",Health Care,Biotechnology,Mid Cap
ARRY,"Array Technologies, Inc.",Information Technology,"Technology Hardware, Storage & Peripherals",Small Cap
ARTV,Artiva Biotherapeutics Inc. Common Stock,Health Care,Biotechnology,Small Cap
ARVN,"Arvinas, Inc.",Health Care,Biotechnology,Small Cap
ARW,"Arrow Electronics, Inc.",Information Technology,"Electronic Equipment, Instruments & Components",Large Cap
ARWR,"Arrowhead Pharmaceuticals, Inc.",Health Care,Biotechnology,Mid Cap
ARXS,Arxis Inc. Class A Common Stock,Industrials,Aerospace & Defense,Large Cap
ASAN,"Asana, Inc.",Information Technology,Software,Mid Cap
ASH,Ashland Inc.,Materials,Chemicals,Mid Cap
ASIX,AdvanSix Inc.,Materials,Chemicals,Small Cap
ASMB,"Assembly Biosciences, Inc.",Health Care,Biotechnology,Small Cap
ASO,"Academy Sports and Outdoors, Inc.",Consumer Discretionary,Specialty Retail,Mid Cap
ASPI,ASP Isotopes Inc. Common Stock,Materials,Chemicals,Small Cap
ASPN,"Aspen Aerogels, Inc.",Industrials,Building Products,Small Cap
ASST,"Strive, Inc.",Information Technology,Software,Mid Cap
ASTE,"Astec Industries, Inc.",Industrials,Machinery,Small Cap
ASTH,Astrana Health Inc. Common Stock,Industrials,Professional Services,Small Cap
ASTS,"AST SpaceMobile, Inc.",Communication Services,Diversified Telecommunication Services,Large Cap
ASYS,"Amtech Systems, Inc.",Information Technology,Semiconductors & Semiconductor Equipment,Small Cap
ATEC,"Alphatec Holdings, Inc.",Health Care,Health Care Equipment & Supplies,Small Cap
ATEN,"A10 Networks, Inc.",Information Technology,Software,Mid Cap
ATEX,Anterix Inc.,Communication Services,Diversified Telecommunication Services,Small Cap
ATI,ATI Inc.,Industrials,Machinery,Large Cap
ATKR,Atkore Inc.,Industrials,Electrical Equipment,Mid Cap
ATMU,Atmus Filtration Technologies Inc.,Industrials,,Mid Cap
ATNI,"ATN International, Inc.",Communication Services,Diversified Telecommunication Services,Small Cap
ATR,"AptarGroup, Inc.",Consumer Discretionary,Distributors,Mid Cap
ATRC,"AtriCure, Inc.",Health Care,Health Care Equipment & Supplies,Mid Cap
ATRO,Astronics Corporation,Industrials,Aerospace & Defense,Mid Cap
AUGO,Aura Minerals Inc. Common Shares,Materials,Metals & Mining,Mid Cap
AUR,Aurora Innovation Inc. Class A Common Stock,Information Technology,Software,Large Cap
AURA,Aura Biosciences Inc. Common Stock,Health Care,Biotechnology,Small Cap
AVAH,Aveanna Healthcare Holdings Inc.,Health Care,Health Care Providers & Services,Mid Cap
AVAV,"AeroVironment, Inc.",Industrials,Aerospace & Defense,Mid Cap
AVBP,ArriVent BioPharma Inc. Common Stock,Health Care,Biotechnology,Small Cap
AVEX,AEVEX Corp.,Industrials,Aerospace & Defense,Small Cap
AVGO,Broadcom Inc.,Information Technology,Semiconductors & Semiconductor Equipment,Mega Cap
AVIR,"Atea Pharmaceuticals, Inc.",Health Care,Biotechnology,Small Cap
AVLN,Avalyn Pharma Inc. Common Stock,Health Care,Biotechnology,Small Cap
AVNT,Avient Corporation,Materials,Chemicals,Mid Cap
AVO,"Mission Produce, Inc.",Consumer Staples,Household Products,Small Cap
AVPT,AvePoint Inc. Class A Common Stock,Information Technology,Software,Mid Cap
AVR,Anteris Technologies Global Corp. Common Stock,Health Care,Health Care Equipment & Supplies,Small Cap
AVT,"Avnet, Inc.",Information Technology,"Electronic Equipment, Instruments & Components",Mid Cap
AVTR,"Avantor, Inc.",Materials,Chemicals,Large Cap
AVTX,Avalo Therapeutics Inc. Common Stock,Health Care,Biotechnology,Small Cap
AVY,Avery Dennison Corporation,Industrials,Commercial Services & Supplies,Large Cap
AWI,"Armstrong World Industries, Inc.",Industrials,Building Products,Mid Cap
AXGN,"AxoGen, Inc.",Health Care,Health Care Equipment & Supplies,Mid Cap
AXON,Axon Enterprise Inc,Industrials,Aerospace & Defense,Large Cap
AXSM,"Axsome Therapeutics, Inc.",Health Care,Biotechnology,Mid Cap
AXTA,Axalta Coating Systems Ltd.,Materials,Chemicals,Mid Cap
AXTI,"AXT, Inc.",Information Technology,Semiconductors & Semiconductor Equipment,Mid Cap
AYI,"Acuity Brands, Inc.",Industrials,Electrical Equipment,Mid Cap
AZO,"AutoZone, Inc.",Consumer Discretionary,Specialty Retail,Large Cap
AZTA,Azenta Inc.,Health Care,Health Care Technology,Small Cap
AZZ,AZZ Inc.,Industrials,Electrical Equipment,Mid Cap
BA,Boeing Company (The),Industrials,Aerospace & Defense,Large Cap
BAH,Booz Allen Hamilton Holding Corporation Class A,Industrials,Professional Services,Mid Cap
BALL,Ball Corporation Common Stock,Materials,Containers & Packaging,Large Cap
BALY,Bally's Corporation,Consumer Discretionary,"Hotels, Restaurants & Leisure",Small Cap
BAND,Bandwidth Inc. Class A,Information Technology,Software,Mid Cap
BATRA,The Liberty Braves Group,Communication Services,Entertainment,Mid Cap
BATRK,The Liberty Braves Group,Communication Services,Entertainment,Mid Cap
BAX,Baxter International Inc.,Health Care,Health Care Equipment & Supplies,Large Cap
BBAI,BigBear.ai Inc. Common Stock,Information Technology,Software,Small Cap
BBCP,"Concrete Pumping Holdings, Inc.",Industrials,Construction & Engineering,Small Cap
BBIO,"BridgeBio Pharma, Inc.",Health Care,Biotechnology,Large Cap
BBNX,Beta Bionics Inc. Common Stock,Health Care,Health Care Equipment & Supplies,Small Cap
BBSI,"Barrett Business Services, Inc.",Industrials,Professional Services,Small Cap
BBW,"Build-A-Bear Workshop, Inc.",Consumer Discretionary,Specialty Retail,Small Cap
BBWI,Bath & Body Works Inc.,Industrials,Professional Services,Mid Cap
BBY,"Best Buy Co., Inc.",Consumer Discretionary,Specialty Retail,Large Cap
BC,Brunswick Corporation,Consumer Discretionary,"Hotels, Restaurants & Leisure",Mid Cap
BCAX,Bicara Therapeutics Inc. Common Stock,Health Care,Biotechnology,Small Cap
BCC,Boise Cascade Co.,Materials,Paper & Forest Products,Mid Cap
BCPC,Balchem Corp,Materials,Chemicals,Mid Cap
BCRX,"BioCryst Pharmaceuticals, Inc.",Health Care,Biotechnology,Mid Cap
BDC,Belden Inc.,Industrials,Electrical Equipment,Mid Cap
BDSX,"Biodesix, Inc.",Health Care,Biotechnology,Small Cap
BDX,"Becton, Dickinson and Company",Health Care,Health Care Equipment & Supplies,Large Cap
BE,Bloom Energy Corporation,Industrials,Electrical Equipment,Large Cap
BEAM,Beam Therapeutics Inc.,Health Care,Biotechnology,Mid Cap
BELFA,Bel Fuse Inc.,Information Technology,"Electronic Equipment, Instruments & Components",Mid Cap
BELFB,Bel Fuse Inc.,Information Technology,"Electronic Equipment, Instruments & Components",Mid Cap
BETA,Beta Technologies Inc. Class A Common Stock,Industrials,Aerospace & Defense,Mid Cap
BFAM,Bright Horizons Family Solutions Inc.,Consumer Discretionary,"Hotels, Restaurants & Leisure",Mid Cap
BFLY,"Butterfly Network, Inc.",Health Care,Health Care Equipment & Supplies,Mid Cap
BG,Bunge Limited,Consumer Staples,Food Products,Large Cap
BH,Biglari Holdings Inc.,Consumer Discretionary,"Hotels, Restaurants & Leisure",Small Cap
BHE,"Benchmark Electronics, Inc.",Information Technology,"Electronic Equipment, Instruments & Components",Mid Cap
BHVN,Biohaven Pharmaceutical Holding Company Ltd.,Health Care,Biotechnology,Small Cap
BIIB,Biogen Inc.,Health Care,Pharmaceuticals,Large Cap
BILL,"BILL Holdings, Inc.",Information Technology,Software,Mid Cap
BIO,"Bio-Rad Laboratories, Inc. Class A",Health Care,Health Care Equipment & Supplies,Large Cap
BJ,"BJ's Wholesale Club Holdings, Inc.",Consumer Staples,Food & Staples Retailing,Large Cap
BJRI,"BJ's Restaurants, Inc.",Consumer Discretionary,"Hotels, Restaurants & Leisure",Small Cap
BKD,Brookdale Senior Living Inc.,Health Care,Health Care Providers & Services,Mid Cap
BKE,"The Buckle, Inc.",Consumer Discretionary,Specialty Retail,Mid Cap
BKKT,Bakkt Holdings Inc. Class A Common Stock,Information Technology,Software,Small Cap
BKNG,Booking Holdings Inc.,Consumer Discretionary,"Hotels, Restaurants & Leisure",Large Cap
BKR,Baker Hughes Company Class A,Energy,Energy Equipment & Services,Large Cap
BKSY,BlackSky Technology Inc. Class A Common Stock,Information Technology,"Electronic Equipment, Instruments & Components",Small Cap
BKV,BKV Corporation Common Stock,Energy,"Oil, Gas & Consumable Fuels",Mid Cap
BL,"BlackLine, Inc.",Information Technology,Software,Small Cap
BLBD,Blue Bird Corporation,Consumer Discretionary,Automobiles,Small Cap
BLDR,"Builders FirstSource, Inc.",Industrials,Building Products,Mid Cap
BLFS,"BioLife Solutions, Inc.",Health Care,Health Care Equipment & Supplies,Small Cap
BLKB,"Blackbaud, Inc.",Information Technology,Software,Small Cap
BLLN,BillionToOne Inc. Class A Common Stock,Health Care,Biotechnology,Mid Cap
BLMN,"Bloomin' Brands, Inc.",Consumer Discretionary,"Hotels, Restaurants & Leisure",Small Cap
BLSM,BlossomHill Therapeutics Inc. Common Stock,Health Care,Biotechnology,Small Cap
BLTE,Belite Bio Inc American Depositary Shares,Health Care,Biotechnology,Mid Cap
BLZE,Backblaze Inc. Class A Common Stock,Information Technology,Software,Small Cap
BMBL,Bumble Inc.,Information Technology,Software,Small Cap
BMI,"Badger Meter, Inc.",Industrials,Electrical Equipment,Mid Cap
BMRN,BioMarin Pharmaceutical Inc.,Health Care,Biotechnology,Large Cap
BMY,Bristol-Myers Squibb Company,Health Care,Pharmaceuticals,Large Cap
BNED,"Barnes & Noble Education, Inc.",Consumer Discretionary,Specialty Retail,Small Cap
BNTC,Benitec Biopharma Inc.,Health Care,Biotechnology,Small Cap
BOBS,Bob's Discount Furniture Inc. Common Stock,Consumer Discretionary,Automobiles,Small Cap
BOC,Boston Omaha Corporation Class A Common Stock,Communication Services,Media,Small Cap
BOOT,"Boot Barn Holdings, Inc.",Consumer Discretionary,Specialty Retail,Mid Cap
BOX,"Box, Inc.",Information Technology,Software,Mid Cap
BR,"Broadridge Financial Solutions, Inc.",Information Technology,IT Services,Large Cap
BRBR,"BellRing Brands, Inc.",Consumer Staples,Food Products,Small Cap
BRC,Brady Corporation,Industrials,Commercial Services & Supplies,Mid Cap
BRCB,Black Rock Coffee Bar Inc. Class A Common Stock,Consumer Discretionary,"Hotels, Restaurants & Leisure",Small Cap
BRKR,Bruker Corporation,Health Care,Health Care Equipment & Supplies,Mid Cap
BRKRP,Bruker Corporation 6.375% Mandatory Convertible Preferred Stock Series A,Health Care,Biotechnology,Large Cap
BROS,Dutch Bros Inc. Class A Common Stock,Consumer Discretionary,"Hotels, Restaurants & Leisure",Mid Cap
BRSL,Brightstar Lottery Ordinary Shares,Consumer Discretionary,"Hotels, Restaurants & Leisure",Small Cap
BRUN,Boost Run Inc. Class A Common Stock,Information Technology,Software,Small Cap
BRVE,Braveheart Bio Inc. Common Stock,Health Care,Biotechnology,Small Cap
BRZE,Braze Inc. Class A Common Stock,Information Technology,Software,Mid Cap
BSM,"Black Stone Minerals, L.P.",Energy,"Oil, Gas & Consumable Fuels",Mid Cap
BSX,Boston Scientific Corporation,Health Care,Health Care Equipment & Supplies,Large Cap
BSY,"Bentley Systems, Incorporated Class B",Information Technology,Software,Large Cap
BTBT,"Bit Digital, Inc.",Information Technology,Software,Small Cap
BTRSW,BTRS Holdings Inc.,Information Technology,Software,Mid Cap
BTSG,BrightSpring Health Services Inc. Common Stock,Health Care,Health Care Technology,Large Cap
BTSGU,BrightSpring Health Services Inc. Tangible Equity Unit,Health Care,Health Care Technology,Large Cap
BTU,Peabody Energy Corporation,Materials,Metals & Mining,Mid Cap
BURL,"Burlington Stores, Inc.",Consumer Discretionary,Specialty Retail,Large Cap
BV,"BrightView Holdings, Inc.",Industrials,Professional Services,Small Cap
BVS,Bioventus Inc.,Health Care,Biotechnology,Small Cap
BW,"Babcock & Wilcox Enterprises, I",Industrials,Electrical Equipment,Small Cap
BWA,BorgWarner Inc.,Consumer Discretionary,Auto Components,Large Cap
BWMN,Bowman Consulting Group Ltd. Common Stock,Industrials,Professional Services,Small Cap
BWXT,"BWX Technologies, Inc.",Industrials,Aerospace & Defense,Large Cap
BXC,BlueLinx Holdings Inc.,Industrials,Building Products,Small Cap
BXG,Bluegreen Vacations Corporation,Consumer Discretionary,"Hotels, Restaurants & Leisure",Small Cap
BYD,Boyd Gaming Corporation,Consumer Discretionary,"Hotels, Restaurants & Leisure",Mid Cap
BZH,"Beazer Homes USA, Inc.",Consumer Discretionary,Household Durables,Small Cap
CABA,"Cabaletta Bio, Inc.",Health Care,Biotechnology,Small Cap
CACI,CACI International Inc,Information Technology,IT Services,Large Cap
CADL,Candel Therapeutics Inc. Common Stock,Health Care,Biotechnology,Small Cap
CAG,"Conagra Brands, Inc.",Consumer Staples,Food Products,Mid Cap
CAH,"Cardinal Health, Inc.",Health Care,Health Care Providers & Services,Large Cap
CAKE,Cheesecake Factory Incorporated,Consumer Discretionary,"Hotels, Restaurants & Leisure",Mid Cap
CAL,"Caleres, Inc.",Consumer Discretionary,Specialty Retail,Small Cap
CALM,"Cal-Maine Foods, Inc.",Consumer Staples,Food Products,Mid Cap
CALX,"Calix, Inc.",Information Technology,Software,Mid Cap
CALY,Callaway Golf Company,Consumer Discretionary,"Hotels, Restaurants & Leisure",Mid Cap
CAPL,CrossAmerica Partners LP,Energy,"Oil, Gas & Consumable Fuels",Small Cap
CAPR,"Capricor Therapeutics, Inc.",Health Care,Biotechnology,Small Cap
CAR,"Avis Budget Group, Inc.",Industrials,Commercial Services & Supplies,Mid Cap
CARG,"CarGurus, Inc.",Communication Services,Interactive Media & Services,Mid Cap
CARL,Carlsmed Inc. Common Stock,Health Care,Health Care Technology,Small Cap
CARR,Carrier Global Corp.,Industrials,Building Products,Large Cap
CARS,Cars.com Inc.,Consumer Discretionary,Automobiles,Small Cap
CART,Maplebear Inc. Common Stock,Information Technology,IT Services,Large Cap
CASS,"Cass Information Systems, Inc.",Industrials,Professional Services,Small Cap
CASY,"Casey's General Stores, Inc.",Consumer Staples,Food & Staples Retailing,Large Cap
CAT,Caterpillar Inc.,Industrials,Machinery,Mega Cap
CAVA,CAVA Group Inc. Common Stock,Consumer Discretionary,"Hotels, Restaurants & Leisure",Mid Cap
CBLL,CeriBell Inc. Common Stock,Health Care,Health Care Equipment & Supplies,Small Cap
CBRL,"Cracker Barrel Old Country Store, Inc.",Consumer Discretionary,"Hotels, Restaurants & Leisure",Small Cap
CBRS,Cerebras Systems Inc. Class A Common Stock,Information Technology,Semiconductors & Semiconductor Equipment,Large Cap
CBT,Cabot Corporation,Materials,Chemicals,Mid Cap
CBU,"Community Bank System, Inc.",Information Technology,Software,Mid Cap
CBZ,"CBIZ, Inc.",Industrials,Professional Services,Mid Cap
CC,The Chemours Company,Materials,Chemicals,Mid Cap
CCC,CCC Intelligent Solutions Holdings Inc. Common Stock,Information Technology,Software,Mid Cap
CCCC,"C4 Therapeutics, Inc.",Health Care,Biotechnology,Small Cap
CCK,"Crown Holdings, Inc.",Materials,Containers & Packaging,Large Cap
CCL,Carnival Corporation & plc,Consumer Discretionary,"Hotels, Restaurants & Leisure",Large Cap
CCO,"Clear Channel Outdoor Holdings, Inc.",Communication Services,Media,Small Cap
CCOI,"Cogent Communications Holdings, Inc.",Communication Services,Diversified Telecommunication Services,Small Cap
CCS,"Century Communities, Inc.",Consumer Discretionary,Household Durables,Small Cap
CCSI,Consensus Cloud Solutions Inc. Common Stock,Information Technology,Software,Small Cap
CDE,"Coeur Mining, Inc.",Materials,Metals & Mining,Large Cap
CDNA,"CareDx, Inc.",Health Care,Biotechnology,Mid Cap
CDNL,Cardinal Infrastructure Group Inc. Class A Common Stock,Industrials,Construction & Engineering,Small Cap
CDNS,"Cadence Design Systems, Inc.",Information Technology,Software,Large Cap
CDRE,Cadre Holdings Inc. Common Stock,Industrials,Aerospace & Defense,Small Cap
CDW,CDW Corporation,Information Technology,IT Services,Large Cap
CE,Celanese Corporation,Materials,Chemicals,Mid Cap
CECO,CECO Environmental Corp. Common Stock,Industrials,Construction & Engineering,Mid Cap
CELC,Celcuity Inc.,Health Care,Biotechnology,Mid Cap
CELH,"Celsius Holdings, Inc.",Consumer Staples,Beverages,Mid Cap
CENT,Central Garden & Pet Company,Consumer Staples,Food Products,Mid Cap
CENTA,Central Garden & Pet Company,Consumer Staples,Food Products,Mid Cap
CENX,Century Aluminum Company,Materials,Metals & Mining,Mid Cap
CEREW,"Cerevel Therapeutics Holdings, Inc.",Health Care,Biotechnology,Mid Cap
CERS,Cerus Corporation,Health Care,,Small Cap
CERT,"Certara, Inc.",Health Care,Biotechnology,Small Cap
CEVA,"CEVA, Inc.",Information Technology,Semiconductors & Semiconductor Equipment,Small Cap
CF,"CF Industries Holdings, Inc.",Industrials,Construction & Engineering,Large Cap
CFXA,Colfax Corporation,Industrials,Machinery,Mid Cap
CGEM,"Cullinan Therapeutics, Inc.",Health Care,Biotechnology,Small Cap
CGNX,Cognex Corporation,Information Technology,"Electronic Equipment, Instruments & Components",Large Cap
CGON,CG Oncology Inc. Common stock,Health Care,Biotechnology,Mid Cap
CHD,"Church & Dwight Co., Inc.",Consumer Staples,Household Products,Large Cap
CHDN,"Churchill Downs, Incorporated",Consumer Discretionary,"Hotels, Restaurants & Leisure",Mid Cap
CHE,Chemed Corporation,Health Care,Health Care Providers & Services,Mid Cap
CHEF,"The Chefs' Warehouse, Inc.",Consumer Staples,Food & Staples Retailing,Mid Cap
CHH,"Choice Hotels International, Inc.",Consumer Discretionary,"Hotels, Restaurants & Leisure",Mid Cap
CHRD,Chord Energy Corporation Common Stock,Energy,"Oil, Gas & Consumable Fuels",Mid Cap
CHRN,ChronoScale Corporation Common Stock,Information Technology,"Electronic Equipment, Instruments & Components",Mid Cap
CHRW,"C.H. Robinson Worldwide, Inc.",Industrials,Air Freight & Logistics,Large Cap
CHSCL,CHS Inc.,Consumer Staples,Food Products,Small Cap
CHSCO,CHS Inc.,Consumer Staples,Food Products,Small Cap
CHSCP,CHS Inc.,Consumer Staples,Food Products,Small Cap
CHTR,"Charter Communications, Inc. Class A",Communication Services,Entertainment,Large Cap
CHTRP,Charter Communications Inc. Series A Cumulative Redeemable Preferred Stock,Communication Services,Entertainment,Mid Cap
CHWY,"Chewy, Inc.",Consumer Discretionary,Internet & Direct Marketing Retail,Mid Cap
CI,Cigna Corporation,Health Care,Health Care Providers & Services,Large Cap
CIEN,Ciena Corporation,Information Technology,Communications Equipment,Large Cap
CIX,CompX International Inc.,Industrials,Commercial Services & Supplies,Small Cap
CL,Colgate-Palmolive Company,Consumer Staples,Household Products,Large Cap
CLDX,"Celldex Therapeutics, Inc.",Health Care,Biotechnology,Mid Cap
CLF,Cleveland-Cliffs Inc,Materials,Metals & Mining,Mid Cap
CLFD,"Clearfield, Inc.",Information Technology,Communications Equipment,Small Cap
CLGX,"CoreLogic, Inc.",Information Technology,IT Services,Mid Cap
CLH,"Clean Harbors, Inc.",Industrials,Commercial Services & Supplies,Large Cap
CLMB,Climb Global Solutions Inc. Common Stock,Information Technology,Software,Small Cap
CLMT,"Calumet Specialty Products Partners, L.P.",Energy,"Oil, Gas & Consumable Fuels",Mid Cap
CLNE,Clean Energy Fuels Corp.,Energy,"Oil, Gas & Consumable Fuels",Small Cap
CLOV,"Clover Health Investments, Corp.",Health Care,Health Care Providers & Services,Mid Cap
CLOVW,"Clover Health Investments, Corp.",Health Care,Health Care Providers & Services,Mid Cap
CLPT,"ClearPoint Neuro, Inc.",Health Care,Health Care Equipment & Supplies,Small Cap
CLSK,"CleanSpark, Inc.",Information Technology,Software,Mid Cap
CLW,Clearwater Paper Corporation,Materials,Paper & Forest Products,Small Cap
CLX,The Clorox Company,Consumer Staples,Household Products,Mid Cap
CLYM,Climb Bio Inc. Common Stock,Health Care,Biotechnology,Small Cap
CMC,Commercial Metals Company,Materials,Metals & Mining,Mid Cap
CMCO,Columbus McKinnon Corporation,Industrials,Machinery,Small Cap
CMCSA,Comcast Corporation,Communication Services,Entertainment,Large Cap
CMD,Cantel Medical Corp.,Health Care,Health Care Equipment & Supplies,Mid Cap
CMG,"Chipotle Mexican Grill, Inc.",Consumer Discretionary,"Hotels, Restaurants & Leisure",Large Cap
CMI,Cummins Inc.,Industrials,Machinery,Large Cap
CMP,"Compass Minerals International, Inc.",Materials,Metals & Mining,Small Cap
CNC,Centene Corporation,Health Care,Health Care Providers & Services,Large Cap
CNK,"Cinemark Holdings, Inc.",Communication Services,Entertainment,Mid Cap
CNM,Core & Main Inc. Class A Common Stock,Information Technology,"Electronic Equipment, Instruments & Components",Mid Cap
CNMD,CONMED Corporation,Health Care,Health Care Equipment & Supplies,Small Cap
CNNE,"Cannae Holdings, Inc.",Consumer Discretionary,"Hotels, Restaurants & Leisure",Small Cap
CNR,"Core Natural Resources, Inc.",Energy,"Oil, Gas & Consumable Fuels",Mid Cap
CNX,CNX Resources Corporation,Energy,"Oil, Gas & Consumable Fuels",Mid Cap
CNXC,Concentrix Corporation,Information Technology,IT Services,Small Cap
CNXN,"PC Connection, Inc.",Information Technology,"Electronic Equipment, Instruments & Components",Mid Cap
COAG,Hemab Therapeutics Holdings Inc. Common Stock,Health Care,Biotechnology,Small Cap
COCO,The Vita Coco Company Inc. Common Stock,Consumer Staples,Beverages,Mid Cap
CODI,Compass Diversified,Industrials,Industrial Conglomerates,Small Cap
COGT,"Cogent Biosciences, Inc.",Health Care,Biotechnology,Mid Cap
COHR,"Coherent, Inc.",Information Technology,"Electronic Equipment, Instruments & Components",Large Cap
COHU,"Cohu, Inc.",Information Technology,Semiconductors & Semiconductor Equipment,Mid Cap
COIN,"Coinbase Global, Inc. Class A",Information Technology,Software,Large Cap
COKE,"Coca-Cola Consolidated, Inc.",Consumer Staples,Beverages,Large Cap
COLB,"Columbia Banking System, Inc.",Information Technology,Software,Mid Cap
COLL,"Collegium Pharmaceutical, Inc.",Health Care,Pharmaceuticals,Small Cap
COLM,Columbia Sportswear Company,Consumer Discretionary,"Textiles, Apparel & Luxury Goods",Mid Cap
COMP,"Compass, Inc.",Information Technology,Software,Mid Cap
CON,Concentra Group Holdings Parent Inc. Common Stock,Health Care,Biotechnology,Mid Cap
COO,"The Cooper Companies, Inc.",Health Care,Health Care Equipment & Supplies,Large Cap
COP,ConocoPhillips,Energy,"Oil, Gas & Consumable Fuels",Large Cap
CORE,"Core-Mark Holding Company, Inc.",Consumer Staples,Food & Staples Retailing,Mid Cap
CORT,Corcept Therapeutics Incorporated,Health Care,Biotechnology,Large Cap
CORZ,Core Scientific Inc. Common Stock,Information Technology,,Mid Cap
COST,Costco Wholesale Corporation,Consumer Staples,Food & Staples Retailing,Mega Cap
COTY,Coty Inc.,Consumer Staples,Household Products,Mid Cap
COUR,"Coursera, Inc.",Consumer Discretionary,Diversified Consumer Services,Small Cap
CPAY,Corpay Inc. Common Stock,Information Technology,Software,Large Cap
CPB,Campbell Soup Company,Consumer Staples,Food Products,Mid Cap
CPRT,"Copart, Inc.",Industrials,Professional Services,Large Cap
CPS,Cooper-Standard Holdings Inc.,Consumer Discretionary,Auto Components,Small Cap
CQP,"Cheniere Energy Partners, L.P.",Energy,"Oil, Gas & Consumable Fuels",Large Cap
CR,Crane Co.,Industrials,Machinery,Large Cap
CRAI,"CRA International, Inc.",Industrials,Professional Services,Small Cap
CRC,California Resources Corp,Energy,"Oil, Gas & Consumable Fuels",Mid Cap
CRCT,"Cricut, Inc.",Information Technology,"Technology Hardware, Storage & Peripherals",Small Cap
CRDO,Credo Technology Group Holding Ltd Ordinary Shares,Information Technology,Semiconductors & Semiconductor Equipment,Large Cap
CRGY,Crescent Energy Company Class A Common Stock,Energy,"Oil, Gas & Consumable Fuels",Mid Cap
CRI,"Carter's, Inc.",Consumer Discretionary,Specialty Retail,Small Cap
CRK,"Comstock Resources, Inc.",Energy,"Oil, Gas & Consumable Fuels",Mid Cap
CRL,"Charles River Laboratories International, Inc.",Health Care,Biotechnology,Large Cap
CRM,"Salesforce, Inc.",Information Technology,Software,Large Cap
CRMD,CorMedix Inc.,Health Care,Biotechnology,Small Cap
CRNC,Cerence Inc.,Information Technology,Software,Small Cap
CROX,"Crocs, Inc.",Consumer Discretionary,"Textiles, Apparel & Luxury Goods",Mid Cap
CRS,Carpenter Technology Corporation,Industrials,Building Products,Large Cap
CRSR,"Corsair Gaming, Inc.",Information Technology,"Technology Hardware, Storage & Peripherals",Small Cap
CRUS,"Cirrus Logic, Inc.",Information Technology,Semiconductors & Semiconductor Equipment,Mid Cap
CRVS,"Corvus Pharmaceuticals, Inc.",Health Care,Biotechnology,Small Cap
CRWD,"CrowdStrike Holdings, Inc. Class A",Information Technology,Software,Mega Cap
CRWV,CoreWeave Inc. Class A Common Stock,Information Technology,Software,Large Cap
CSCO,"Cisco Systems, Inc.",Information Technology,Communications Equipment,Mega Cap
CSL,Carlisle Companies Incorporated,Industrials,Building Products,Large Cap
CSQR,Csquare Inc. Common Stock,Communication Services,Diversified Telecommunication Services,Mid Cap
CSTL,"Castle Biosciences, Inc.",Health Care,Biotechnology,Small Cap
CSV,"Carriage Services, Inc.",Consumer Discretionary,Diversified Consumer Services,Small Cap
CSW,CSW Industrials Inc. Common Stock,Consumer Discretionary,Household Durables,Mid Cap
CSX,CSX Corporation,Industrials,Road & Rail,Large Cap
CTAS,Cintas Corporation,Industrials,Professional Services,Large Cap
CTB,Cooper Tire & Rubber Company,Consumer Discretionary,Auto Components,Mid Cap
CTEV,Claritev Corporation Class A Common Stock,Industrials,Professional Services,Small Cap
CTKB,Cytek Biosciences Inc. Common Stock,Health Care,Health Care Equipment & Supplies,Small Cap
CTMX,"CytomX Therapeutics, Inc.",Health Care,Biotechnology,Small Cap
CTNM,Contineum Therapeutics Inc. Class A Common Stock,Health Care,Biotechnology,Small Cap
CTOS,"Custom Truck One Source, Inc.",Industrials,Commercial Services & Supplies,Mid Cap
CTRI,Centuri Holdings Inc. Common Stock,Industrials,,Mid Cap
CTRN,"Citi Trends, Inc.",Consumer Discretionary,Specialty Retail,Small Cap
CTS,CTS Corporation,Information Technology,"Electronic Equipment, Instruments & Components",Small Cap
CTSH,Cognizant Technology Solutions Corporation Class A,Information Technology,IT Services,Large Cap
CTVA,Corteva Inc,Materials,Chemicals,Mid Cap
CV,CapsoVision Inc. Common Stock,Health Care,Health Care Equipment & Supplies,Small Cap
CVCO,"Cavco Industries, Inc.",Consumer Discretionary,Household Durables,Mid Cap
CVEO,Civeo Corporation,Industrials,Professional Services,Small Cap
CVI,"CVR Energy, Inc.",Energy,"Oil, Gas & Consumable Fuels",Mid Cap
CVLG,"Covenant Logistics Group, Inc.",Industrials,Road & Rail,Small Cap
CVLT,"Commvault Systems, Inc.",Information Technology,Software,Mid Cap
CVNA,Carvana Co.,Consumer Discretionary,Internet & Direct Marketing Retail,Large Cap
CVS,CVS Health Corporation,Health Care,Health Care Providers & Services,Large Cap
CVSA,Covista Inc. Common Shares,Consumer Discretionary,Diversified Consumer Services,Mid Cap
CVX,Chevron Corporation,Energy,"Oil, Gas & Consumable Fuels",Mega Cap
CW,Curtiss-Wright Corporation,Industrials,Machinery,Large Cap
CWH,"Camping World Holdings, Inc. Class A",Consumer Discretionary,Specialty Retail,Small Cap
CWST,"Casella Waste Systems, Inc.",Industrials,Commercial Services & Supplies,Mid Cap
CXM,Sprinklr Inc. Class A Common Stock,Information Technology,Software,Small Cap
CXT,Crane NXT Co. Common Stock,Industrials,Machinery,Mid Cap
CYH,"Community Health Systems, Inc.",Health Care,Health Care Providers & Services,Small Cap
CYPH,Cypherpunk Technologies Inc. Common Stock,Health Care,Biotechnology,Small Cap
CYRX,"Cryoport, Inc.",Industrials,Air Freight & Logistics,Small Cap
CYTK,"Cytokinetics, Incorporated",Health Care,Biotechnology,Mid Cap
CZR,"Caesars Entertainment, Inc.",Consumer Discretionary,"Hotels, Restaurants & Leisure",Mid Cap
DAKT,"Daktronics, Inc.",Information Technology,"Technology Hardware, Storage & Peripherals",Small Cap
DAL,"Delta Air Lines, Inc.",Industrials,Airlines,Large Cap
DAN,Dana Incorporated,Consumer Discretionary,Auto Components,Mid Cap
DAR,Darling Ingredients Inc.,Consumer Staples,Food Products,Mid Cap
DASH,"DoorDash, Inc.",Communication Services,Interactive Media & Services,Large Cap
DAVE,Dave Inc. Class A Common Stock,Information Technology,Software,Mid Cap
DBD,"Diebold Nixdorf, Incorporated",Information Technology,Software,Mid Cap
DBI,Designer Brands Inc. Class A,Consumer Discretionary,"Textiles, Apparel & Luxury Goods",Small Cap
DBX,"Dropbox, Inc.",Information Technology,Software,Mid Cap
DC,Dakota Gold Corp. Common Stock,Materials,Metals & Mining,Small Cap
DCH,Dauch Corporation Common Stock,Consumer Discretionary,Auto Components,Small Cap
DCI,"Donaldson Company, Inc.",Industrials,Machinery,Large Cap
DCO,Ducommun Incorporated,Industrials,Aerospace & Defense,Mid Cap
DCTH,"Delcath Systems, Inc.",Health Care,Health Care Equipment & Supplies,Small Cap
DD,"DuPont de Nemours, Inc.",Materials,Chemicals,Large Cap
DDD,3D Systems Corporation,Information Technology,"Technology Hardware, Storage & Peripherals",Small Cap
DDOG,"Datadog, Inc. Class A",Information Technology,Software,Large Cap
DDS,"Dillard's, Inc.",Consumer Discretionary,Multiline Retail,Large Cap
DE,Deere & Company,Industrials,Machinery,Large Cap
DECK,Deckers Outdoor Corporation,Consumer Discretionary,"Textiles, Apparel & Luxury Goods",Large Cap
DELL,Dell Technologies Inc.,Information Technology,"Technology Hardware, Storage & Peripherals",Mega Cap
DFH,"Dream Finders Homes, Inc.",Consumer Discretionary,Household Durables,Small Cap
DFTX,Definium Therapeutics Inc. Common Shares,Health Care,Biotechnology,Mid Cap
DG,Dollar General Corporation,Consumer Discretionary,Multiline Retail,Large Cap
DGII,Digi International Inc.,Information Technology,Communications Equipment,Mid Cap
DGX,Quest Diagnostics Incorporated,Health Care,Biotechnology,Large Cap
DHI,"D.R. Horton, Inc.",Consumer Discretionary,Household Durables,Large Cap
DHR,Danaher Corporation,Health Care,Biotechnology,Large Cap
DIN,"Dine Brands Global, Inc.",Consumer Discretionary,"Hotels, Restaurants & Leisure",Small Cap
DINO,HF Sinclair Corporation Common Stock,Energy,"Oil, Gas & Consumable Fuels",Large Cap
DIOD,Diodes Incorporated,Information Technology,Semiconductors & Semiconductor Equipment,Mid Cap
DIS,Walt Disney Company,Communication Services,Entertainment,Large Cap
DJCO,Daily Journal Corporation,Communication Services,Diversified Telecommunication Services,Small Cap
DJT,Trump Media & Technology Group Corp. Common Stock,Communication Services,Interactive Media & Services,Mid Cap
DK,Delek US Holdings Inc,Energy,"Oil, Gas & Consumable Fuels",Mid Cap
DKL,"Delek Logistics Partners, LP",Energy,"Oil, Gas & Consumable Fuels",Mid Cap
DKNG,DraftKings Inc.,Consumer Discretionary,"Hotels, Restaurants & Leisure",Mid Cap
DKS,"Dick's Sporting Goods, Inc.",Consumer Discretionary,Specialty Retail,Large Cap
DLB,"Dolby Laboratories, Inc. Class A",Information Technology,IT Services,Mid Cap
DLTR,"Dollar Tree, Inc.",Consumer Discretionary,Multiline Retail,Large Cap
DLX,Deluxe Corporation,Communication Services,Diversified Telecommunication Services,Small Cap
DMAC,DiaMedica Therapeutics Inc.,Health Care,Biotechnology,Small Cap
DMLP,"Dorchester Minerals, L.P.",Energy,"Oil, Gas & Consumable Fuels",Small Cap
DNA,Ginkgo Bioworks Holdings Inc. Class A Common Stock,Health Care,Biotechnology,Small Cap
DNLI,Denali Therapeutics Inc.,Health Care,Biotechnology,Mid Cap
DNOW,Dnow Inc.,Energy,Energy Equipment & Services,Mid Cap
DNTH,Dianthus Therapeutics Inc. Common Stock,Health Care,Biotechnology,Mid Cap
DNUT,Krispy Kreme Inc. Common Stock,Consumer Staples,Food & Staples Retailing,Small Cap
DOCN,"DigitalOcean Holdings, Inc.",Information Technology,Software,Large Cap
DOCU,"DocuSign, Inc.",Information Technology,Software,Large Cap
DORM,"Dorman Products, Inc.",Consumer Discretionary,Auto Components,Mid Cap
DOV,Dover Corporation,Industrials,Machinery,Large Cap
DOW,Dow Inc.,Materials,Chemicals,Large Cap
DOX,Amdocs Limited,Information Technology,Software,Mid Cap
DPZ,"Domino's Pizza, Inc.",Consumer Discretionary,"Hotels, Restaurants & Leisure",Mid Cap
DRI,"Darden Restaurants, Inc.",Consumer Discretionary,"Hotels, Restaurants & Leisure",Large Cap
DRVN,Driven Brands Holdings Inc.,Consumer Discretionary,Specialty Retail,Small Cap
DSGN,"Design Therapeutics, Inc.",Health Care,Biotechnology,Small Cap
DSGR,Distribution Solutions Group Inc. Common Stock,Information Technology,"Electronic Equipment, Instruments & Components",Small Cap
DSP,Viant Technology Inc.,Information Technology,Software,Small Cap
DT,"Dynatrace, Inc.",Information Technology,Software,Large Cap
DUOL,Duolingo Inc. Class A Common Stock,Information Technology,Software,Mid Cap
DV,"DoubleVerify Holdings, Inc.",Information Technology,Software,Mid Cap
DVA,DaVita Inc.,Health Care,Health Care Providers & Services,Large Cap
DVN,Devon Energy Corporation,Energy,"Oil, Gas & Consumable Fuels",Large Cap
DXC,DXC Technology Co.,Information Technology,IT Services,Small Cap
DXCM,"DexCom, Inc.",Health Care,Biotechnology,Large Cap
DXPE,"DXP Enterprises, Inc.",Industrials,Trading Companies & Distributors,Mid Cap
DY,"Dycom Industries, Inc.",Industrials,Construction & Engineering,Mid Cap
DYN,"Dyne Therapeutics, Inc.",Health Care,Biotechnology,Mid Cap
EAT,"Brinker International, Inc.",Consumer Discretionary,"Hotels, Restaurants & Leisure",Mid Cap
EBAY,eBay Inc.,Consumer Discretionary,Internet & Direct Marketing Retail,Large Cap
EBF,"Ennis, Inc.",Industrials,Commercial Services & Supplies,Small Cap
EBS,Emergent BioSolutions Inc.,Health Care,Pharmaceuticals,Small Cap
ECL,Ecolab Inc.,Materials,Chemicals,Large Cap
ECVT,Ecovyst Inc. Common Stock,Materials,Chemicals,Small Cap
EDIT,"Editas Medicine, Inc.",Health Care,Biotechnology,Small Cap
EEFT,"Euronet Worldwide, Inc.",Information Technology,Software,Mid Cap
EFOR,Everforth Inc.,Information Technology,IT Services,Small Cap
EFX,Equifax Inc.,Industrials,Professional Services,Large Cap
EGHT,"8x8, Inc.",Information Technology,Software,Small Cap
EGOV,NIC Inc.,Health Care,Biotechnology,Mid Cap
EGY,"VAALCO Energy, Inc.",Energy,"Oil, Gas & Consumable Fuels",Small Cap
EHC,Encompass Health Corporation,Health Care,Health Care Providers & Services,Large Cap
EIKN,Eikon Therapeutics Inc. Common Stock,Health Care,Biotechnology,Small Cap
EL,The Estee Lauder Companies Inc.,Consumer Staples,Household Products,Large Cap
ELA,Envela Corporation,Consumer Discretionary,Specialty Retail,Small Cap
ELAN,Elanco Animal Health Incorporat,Health Care,Pharmaceuticals,Large Cap
ELF,"e.l.f. Beauty, Inc.",Consumer Staples,Household Products,Mid Cap
ELMT,The Elmet Group Co. Common Stock,Energy,Energy Equipment & Services,Small Cap
ELV,Elevance Health Inc. Common Stock,Health Care,Biotechnology,Large Cap
ELVN,Enliven Therapeutics Inc. Common Stock,Health Care,Biotechnology,Mid Cap
EMAT,Evolution Metals & Technologies Corp. Common Stock,Materials,Metals & Mining,Small Cap
EMBC,Embecta Corp. Common Stock,Health Care,Health Care Technology,Small Cap
EME,"EMCOR Group, Inc.",Industrials,Construction & Engineering,Large Cap
EMN,Eastman Chemical Company,Materials,Chemicals,Mid Cap
EMR,Emerson Electric Co.,Industrials,Machinery,Large Cap
ENOV,Enovis Corporation Common Stock,Industrials,Machinery,Small Cap
ENPH,"Enphase Energy, Inc.",Information Technology,"Technology Hardware, Storage & Peripherals",Mid Cap
ENR,"Energizer Holdings, Inc.",Industrials,Electrical Equipment,Small Cap
ENS,EnerSys,Industrials,Electrical Equipment,Mid Cap
ENSG,"The Ensign Group, Inc.",Health Care,Health Care Providers & Services,Large Cap
ENTA,"Enanta Pharmaceuticals, Inc.",Health Care,Biotechnology,Small Cap
ENTG,"Entegris, Inc.",Information Technology,Semiconductors & Semiconductor Equipment,Large Cap
ENVX,Enovix Corporation Common Stock,Information Technology,"Electronic Equipment, Instruments & Components",Small Cap
EOG,"EOG Resources, Inc.",Energy,"Oil, Gas & Consumable Fuels",Large Cap
EOLS,"Evolus, Inc.",Health Care,Pharmaceuticals,Small Cap
EOSE,"Eos Energy Enterprises, Inc.",Industrials,Electrical Equipment,Small Cap
EOSEW,"Eos Energy Enterprises, Inc.",Industrials,Electrical Equipment,Small Cap
EPAC,Enerpac Tool Group Corp.,Industrials,Machinery,Small Cap
EPAM,"EPAM Systems, Inc.",Information Technology,IT Services,Mid Cap
EPC,Edgewell Personal Care Co.,Consumer Staples,Household Products,Small Cap
EPD,Enterprise Products Partners L.P.,Energy,"Oil, Gas & Consumable Fuels",Large Cap
EQPT,EquipmentShare.com Inc Common Stock,Industrials,Commercial Services & Supplies,Mid Cap
EQT,EQT Corporation,Energy,"Oil, Gas & Consumable Fuels",Large Cap
ERAS,Erasca Inc. Common Stock,Health Care,Biotechnology,Mid Cap
ERII,"Energy Recovery, Inc.",Industrials,Construction & Engineering,Small Cap
EROC,ERock Inc. Class A Common Stock,Information Technology,"Electronic Equipment, Instruments & Components",Mid Cap
EROK,EagleRock Land LLC Class A shares representing limited liability company interests,Energy,"Oil, Gas & Consumable Fuels",Mid Cap
ESAB,ESAB Corporation Common Stock,Industrials,Machinery,Mid Cap
ESE,ESCO Technologies Inc.,Information Technology,"Electronic Equipment, Instruments & Components",Mid Cap
ESI,Element Solutions Inc,Materials,Chemicals,Mid Cap
ESTC,Elastic N.V.,Information Technology,Software,Mid Cap
ET,Energy Transfer LP,Energy,"Oil, Gas & Consumable Fuels",Large Cap
ETD,Ethan Allen Interiors Inc. Common Stock,Consumer Discretionary,Household Durables,Small Cap
ETON,"Eton Pharmaceuticals, Inc.",Health Care,Biotechnology,Small Cap
ETRA,Electra Therapeutics Inc. Common stock,Health Care,Pharmaceuticals,Small Cap
ETSY,"Etsy, Inc.",Consumer Discretionary,Internet & Direct Marketing Retail,Mid Cap
EVC,Entravision Communications Corporation Class A,Communication Services,Media,Small Cap
EVCM,EverCommerce Inc. Common Stock,Information Technology,Software,Small Cap
EVER,"EverQuote, Inc.",Communication Services,Interactive Media & Services,Small Cap
EVEX,Eve Holding Inc. Common Stock,Industrials,Aerospace & Defense,Small Cap
EVGO,EVgo Inc. Class A Common Stock,Consumer Discretionary,Internet & Direct Marketing Retail,Small Cap
EVH,"Evolent Health, Inc.",Health Care,Health Care Technology,Small Cap
EVLV,Evolv Technologies Holdings Inc. Class A Common Stock,Industrials,Commercial Services & Supplies,Small Cap
EVTC,"EVERTEC, Inc.",Information Technology,Software,Small Cap
EW,Edwards Lifesciences Corporation,Health Care,Health Care Equipment & Supplies,Large Cap
EWTX,"Edgewise Therapeutics, Inc.",Health Care,Biotechnology,Mid Cap
EXE,Expand Energy Corporation Common Stock,Energy,"Oil, Gas & Consumable Fuels",Large Cap
EXEL,"Exelixis, Inc.",Health Care,Biotechnology,Large Cap
EXLS,"ExlService Holdings, Inc.",Information Technology,IT Services,Mid Cap
EXP,Eagle Materials Inc.,Materials,Construction Materials,Mid Cap
EXPD,"Expeditors International of Washington, Inc.",Industrials,Air Freight & Logistics,Large Cap
EXPE,"Expedia Group, Inc.",Consumer Discretionary,"Hotels, Restaurants & Leisure",Large Cap
EXPO,"Exponent, Inc.",Industrials,Construction & Engineering,Mid Cap
EXTR,"Extreme Networks, Inc.",Information Technology,Communications Equipment,Mid Cap
EYE,"National Vision Holdings, Inc.",Consumer Discretionary,Specialty Retail,Small Cap
F,Ford Motor Company,Consumer Discretionary,Automobiles,Large Cap
FA,First Advantage Corporation Common Stock,Industrials,Professional Services,Mid Cap
FAC,Factorial Energy Inc. Class A Common Stock,Information Technology,"Electronic Equipment, Instruments & Components",Small Cap
FANG,"Diamondback Energy, Inc.",Energy,"Oil, Gas & Consumable Fuels",Large Cap
FAST,Fastenal Company,Industrials,Trading Companies & Distributors,Large Cap
FBIN,Fortune Brands Innovations Inc. Common Stock,Consumer Discretionary,,Mid Cap
FBIOP,"Fortress Biotech, Inc.",Health Care,Biotechnology,Small Cap
FBYD,Falcon's Beyond Global Inc. Class A Common Stock,Industrials,Industrial Conglomerates,Small Cap
FCEL,"FuelCell Energy, Inc.",Industrials,Electrical Equipment,Small Cap
FCN,"FTI Consulting, Inc.",Industrials,Professional Services,Mid Cap
FCX,"Freeport-McMoRan, Inc.",Materials,Metals & Mining,Large Cap
FDMT,"4D Molecular Therapeutics, Inc.",Health Care,Biotechnology,Small Cap
FDX,FedEx Corporation,Industrials,Air Freight & Logistics,Large Cap
FDXF,FedEx Freight Holding Company Inc.,Industrials,Air Freight & Logistics,Large Cap
FEIM,"Frequency Electronics, Inc.",Information Technology,Communications Equipment,Small Cap
FELE,"Franklin Electric Co., Inc.",Industrials,Machinery,Mid Cap
FENC,Fennec Pharmaceuticals Inc.,Health Care,Biotechnology,Small Cap
FET,"Forum Energy Technologies, Inc.",Energy,Energy Equipment & Services,Small Cap
FFIV,"F5, Inc.",Information Technology,Software,Large Cap
FIBK,"First Interstate BancSystem, Inc.",Information Technology,Software,Mid Cap
FICO,Fair Isaac Corporation,Information Technology,Software,Large Cap
FIG,Figma Inc. Class A Common Stock,Information Technology,Software,Large Cap
FIGS,FIGS Inc. Class A Common Stock,Health Care,Biotechnology,Mid Cap
FIS,"Fidelity National Information Services, Inc.",Information Technology,IT Services,Large Cap
FIVE,"Five Below, Inc.",Consumer Discretionary,Specialty Retail,Large Cap
FIVN,"Five9, Inc.",Information Technology,Software,Mid Cap
FIX,"Comfort Systems USA, Inc.",Industrials,Construction & Engineering,Large Cap
FIZZ,National Beverage Corp.,Consumer Staples,Beverages,Mid Cap
FLGT,"Fulgent Genetics, Inc.",Health Care,Biotechnology,Small Cap
FLIR,"FLIR Systems, Inc.",Information Technology,"Electronic Equipment, Instruments & Components",Mid Cap
FLO,"Flowers Foods, Inc.",Consumer Staples,Food Products,Small Cap
FLOC,Flowco Holdings Inc. Class A Common Stock,Energy,Energy Equipment & Services,Small Cap
FLR,Fluor Corporation,Industrials,Construction & Engineering,Mid Cap
FLS,Flowserve Corporation,Industrials,Machinery,Mid Cap
FLUT,Flutter Entertainment plc Ordinary Shares,Communication Services,Diversified Telecommunication Services,Large Cap
FLXS,"Flexsteel Industries, Inc.",Consumer Discretionary,Household Durables,Small Cap
FLYW,Flywire Corporation,Information Technology,IT Services,Mid Cap
FMC,FMC Corporation,Materials,Chemicals,Small Cap
FND,"Floor & Decor Holdings, Inc.",Consumer Discretionary,Specialty Retail,Mid Cap
FNKO,"Funko, Inc.",Consumer Discretionary,"Hotels, Restaurants & Leisure",Small Cap
FORM,"FormFactor, Inc.",Information Technology,Semiconductors & Semiconductor Equipment,Large Cap
FOSL,"Fossil Group, Inc.",Consumer Discretionary,"Textiles, Apparel & Luxury Goods",Small Cap
FOUR,"Shift4 Payments, Inc.",Information Technology,Software,Mid Cap
FOX,Fox Corporation Class A,Communication Services,Media,Large Cap
FOXA,Fox Corporation Class A,Communication Services,Media,Large Cap
FOXF,Fox Factory Holding Corp.,Consumer Discretionary,Automobiles,Small Cap
FPS,Forgent Power Solutions Inc. Class A Common Stock,Information Technology,"Electronic Equipment, Instruments & Components",Large Cap
FRD,"Friedman Industries, Incorporated",Materials,Metals & Mining,Small Cap
FRNM,Freenome Inc. Common stock,Health Care,Biotechnology,Small Cap
FROG,JFrog Ltd.,Information Technology,Software,Large Cap
FRPT,Freshpet Inc,Consumer Staples,Food Products,Mid Cap
FRSH,Freshworks Inc. Class A Common Stock,Information Technology,Software,Mid Cap
FSLR,"First Solar, Inc.",Information Technology,Semiconductors & Semiconductor Equipment,Large Cap
FSLY,"Fastly, Inc.",Information Technology,Software,Mid Cap
FSS,Federal Signal Corporation,Industrials,Construction & Engineering,Mid Cap
FSTR,L.B. Foster Company,Industrials,Road & Rail,Small Cap
FTAI,FTAI Aviation Ltd.,Industrials,Commercial Services & Supplies,Large Cap
FTAIM,FTAI Aviation Ltd. 9.500% Fixed-Rate Reset Series D Cumulative Perpetual Redeemable Preferred Shares,Industrials,Professional Services,Mid Cap
FTDR,"frontdoor, inc.",Consumer Discretionary,Diversified Consumer Services,Mid Cap
FTH,Faeth Therapeutics Inc. Common Stock,Health Care,Biotechnology,Small Cap
FTK,"Flotek Industries, Inc.",Energy,Energy Equipment & Services,Small Cap
FTNT,"Fortinet, Inc.",Information Technology,Software,Large Cap
FTRE,Fortrea Holdings Inc. Common Stock,Health Care,Biotechnology,Mid Cap
FTV,Fortive Corporation,Information Technology,"Electronic Equipment, Instruments & Components",Large Cap
FUBO,fuboTV Inc.,Communication Services,Media,Small Cap
FUL,H.B. Fuller Company,Materials,Chemicals,Mid Cap
FUN,Six Flags Entertainment Corporation,Consumer Discretionary,"Hotels, Restaurants & Leisure",Small Cap
FWDI,Forward Industries Inc. Common Stock,Materials,Chemicals,Small Cap
FWONA,Formula One Group,Communication Services,Entertainment,Large Cap
FWONK,Liberty Media Corporation,Communication Services,Entertainment,Large Cap
FWRD,Forward Air Corporation,Industrials,Air Freight & Logistics,Small Cap
FWRG,First Watch Restaurant Group Inc. Common Stock,Consumer Discretionary,"Hotels, Restaurants & Leisure",Small Cap
GALT,Galectin Therapeutics Inc.,Health Care,Biotechnology,Small Cap
GAP,Gap Inc. (The) Common Stock,Consumer Discretionary,Specialty Retail,Mid Cap
GATX,GATX Corporation,Industrials,Commercial Services & Supplies,Mid Cap
GBTG,Global Business Travel Group Inc. Class A Common Stock,Information Technology,Software,Mid Cap
GBX,"The Greenbrier Companies, Inc.",Industrials,Road & Rail,Small Cap
GCO,Genesco Inc.,Consumer Discretionary,Specialty Retail,Small Cap
GD,General Dynamics Corporation,Industrials,Aerospace & Defense,Large Cap
GDDY,GoDaddy Inc.,Information Technology,Software,Large Cap
GDRX,"GoodRx Holdings, Inc.",Health Care,Health Care Technology,Small Cap
GDYN,"Grid Dynamics Holdings, Inc.",Information Technology,IT Services,Small Cap
GE,GE Aerospace,Industrials,Machinery,Mega Cap
GEF,"Greif, Inc.",Materials,Containers & Packaging,Mid Cap
GEHC,GE HealthCare Technologies Inc. Common Stock,Information Technology,Software,Large Cap
GEL,"Genesis Energy, L.P.",Energy,"Oil, Gas & Consumable Fuels",Small Cap
GEMI,Gemini Space Station Inc. Class A Common Stock,Information Technology,Software,Small Cap
GEN,Gen Digital Inc. Common Stock,Information Technology,Software,Large Cap
GENB,Generate Biomedicines Inc. Common Stock,Health Care,Biotechnology,Small Cap
GERN,Geron Corporation,Health Care,Biotechnology,Small Cap
GEV,GE Vernova Inc. Common Stock,Energy,,Mega Cap
GEVO,"Gevo, Inc.",Materials,Chemicals,Small Cap
GFF,Griffon Corporation,Industrials,Building Products,Mid Cap
GFN,General Finance Corporation,Industrials,Commercial Services & Supplies,Small Cap
GFNSZ,General Finance Corporation,Industrials,Commercial Services & Supplies,Small Cap
GFS,GlobalFoundries Inc. Ordinary Shares,Information Technology,Semiconductors & Semiconductor Equipment,Large Cap
GGG,Graco Inc.,Industrials,Machinery,Large Cap
GH,"Guardant Health, Inc.",Health Care,Biotechnology,Large Cap
GHC,Graham Holdings Company,Consumer Staples,Household Products,Mid Cap
GHM,Graham Corporation,Industrials,Machinery,Small Cap
GIC,Global Industrial Company Common Stock,Information Technology,"Electronic Equipment, Instruments & Components",Small Cap
GIII,"G-III Apparel Group, Ltd.",Consumer Discretionary,"Textiles, Apparel & Luxury Goods",Small Cap
GILD,"Gilead Sciences, Inc.",Health Care,Pharmaceuticals,Large Cap
GIS,"General Mills, Inc.",Consumer Staples,Food Products,Large Cap
GKOS,Glaukos Corp,Health Care,Health Care Equipment & Supplies,Mid Cap
GLAS,Glass House Brands Inc. Subordinate Voting Shares,Health Care,Biotechnology,Small Cap
GLIBA,Liberty Capital Corporation,Communication Services,Entertainment,Small Cap
GLIBK,Liberty Capital Corporation,Communication Services,Entertainment,Small Cap
GLOO,Gloo Holdings Inc. Class A Common Stock,Information Technology,Software,Small Cap
GLP,Global Partners LP,Energy,"Oil, Gas & Consumable Fuels",Small Cap
GLUE,Monte Rosa Therapeutics Inc. Common Stock,Health Care,Biotechnology,Small Cap
GLUU,Glu Mobile Inc.,Communication Services,Interactive Media & Services,Mid Cap
GLW,Corning Inc,Information Technology,"Electronic Equipment, Instruments & Components",Large Cap
GM,General Motors Company,Consumer Discretionary,Automobiles,Large Cap
GME,GameStop Corp.,Consumer Discretionary,Specialty Retail,Large Cap
GMED,"Globus Medical, Inc.",Health Care,Health Care Equipment & Supplies,Large Cap
GMRS,GMR Solutions Inc. Class A Common Stock,Health Care,Health Care Providers & Services,Small Cap
GNK,Genco Shipping & Trading Limited,Industrials,Marine,Small Cap
GNMK,"GenMark Diagnostics, Inc.",Health Care,Health Care Technology,Small Cap
GNRC,Generac Holdings Inc.,Industrials,Machinery,Large Cap
GNTX,Gentex Corporation,Consumer Discretionary,Auto Components,Mid Cap
GO,Grocery Outlet Holding Corp.,Consumer Staples,Food & Staples Retailing,Small Cap
GOLF,Acushnet Holdings Corp.,Consumer Discretionary,"Hotels, Restaurants & Leisure",Mid Cap
GOOG,Alphabet Inc.,Communication Services,Interactive Media & Services,Mega Cap
GOOGL,Alphabet Inc.,Communication Services,Interactive Media & Services,Mega Cap
GOOGM,Alphabet Inc. Depositary Shares representing a 1/20th Interest in a Share of Series A Mandatory Convertible Preferred Stock,Communication Services,Diversified Telecommunication Services,Mega Cap
GOOGN,Alphabet Inc. Depositary Shares representing a 1/20th Interest in a Share of Series B Mandatory Convertible Preferred Stock,Communication Services,Diversified Telecommunication Services,Mega Cap
GPC,Genuine Parts Company,Consumer Discretionary,Specialty Retail,Large Cap
GPCR,Structure Therapeutics Inc. American Depositary Shares,Health Care,Biotechnology,Small Cap
GPGI,GPGI Inc.,Industrials,Machinery,Mid Cap
GPI,"Group 1 Automotive, Inc.",Consumer Discretionary,Specialty Retail,Mid Cap
GPK,Graphic Packaging Holding Company,Materials,Containers & Packaging,Mid Cap
GPN,Global Payments Inc.,Industrials,Professional Services,Large Cap
GPOR,Gulfport Energy Corporation Common Shares,Energy,"Oil, Gas & Consumable Fuels",Mid Cap
GPRE,Green Plains Inc.,Materials,Chemicals,Small Cap
GRAL,GRAIL Inc. Common Stock,Health Care,Biotechnology,Mid Cap
GRALV,GRAIL Inc. Common Stock When Issued,Health Care,Biotechnology,Small Cap
GRBK,"Green Brick Partners, Inc.",Consumer Discretionary,Household Durables,Mid Cap
GRC,The Gorman-Rupp Company,Industrials,Machinery,Mid Cap
GRDN,Guardian Pharmacy Services Inc. Class A Common Stock,Health Care,Pharmaceuticals,Mid Cap
GRPN,"Groupon, Inc.",Communication Services,Interactive Media & Services,Small Cap
GRTX,"Galera Therapeutics, Inc.",Health Care,Biotechnology,Mid Cap
GSAT,"Globalstar, Inc.",Communication Services,Diversified Telecommunication Services,Large Cap
GT,Goodyear Tire & Rubber Company,Consumer Discretionary,Auto Components,Small Cap
GTES,Gates Industrial Corporation plc,Industrials,Machinery,Mid Cap
GTLB,GitLab Inc. Class A Common Stock,Information Technology,Software,Mid Cap
GTM,ZoomInfo Technologies Inc Common Stock,Information Technology,Software,Small Cap
GTN,"Gray Television, Inc.",Communication Services,Media,Small Cap
GVA,Granite Construction Incorporated,Industrials,Construction & Engineering,Mid Cap
GWRE,"Guidewire Software, Inc.",Information Technology,Software,Large Cap
GWW,"W.W. Grainger, Inc.",Industrials,Trading Companies & Distributors,Large Cap
GXO,GXO Logistics Inc. Common Stock,Industrials,Air Freight & Logistics,Mid Cap
GYRE,Gyre Therapeutics Inc. Common Stock,Health Care,Biotechnology,Small Cap
H,Hyatt Hotels Corporation,Consumer Discretionary,"Hotels, Restaurants & Leisure",Large Cap
HAE,Haemonetics Corporation,Health Care,Health Care Equipment & Supplies,Mid Cap
HAL,Halliburton Company,Energy,Energy Equipment & Services,Large Cap
HALO,"Halozyme Therapeutics, Inc.",Health Care,Biotechnology,Large Cap
HAS,"Hasbro, Inc.",Consumer Discretionary,"Hotels, Restaurants & Leisure",Large Cap
HAYW,"Hayward Holdings, Inc.",Industrials,Electrical Equipment,Mid Cap
HBB,Hamilton Beach Brands Holding Company,Information Technology,"Electronic Equipment, Instruments & Components",Small Cap
HCA,"HCA Healthcare, Inc.",Health Care,Health Care Providers & Services,Large Cap
HCC,"Warrior Met Coal, Inc.",Materials,Metals & Mining,Mid Cap
HCSG,"Healthcare Services Group, Inc.",Health Care,Health Care Providers & Services,Small Cap
HD,"Home Depot, Inc.",Consumer Discretionary,Specialty Retail,Mega Cap
HEI,HEICO Corporation,Industrials,Aerospace & Defense,Large Cap
HELE,Helen of Troy Limited,Consumer Staples,Household Products,Small Cap
HESM,Hess Midstream LP,Energy,"Oil, Gas & Consumable Fuels",Mid Cap
HGV,Hilton Grand Vacations Inc.,Consumer Discretionary,"Hotels, Restaurants & Leisure",Mid Cap
HII,"Huntington Ingalls Industries, Inc.",Industrials,Aerospace & Defense,Large Cap
HIMS,"Hims & Hers Health, Inc.",Consumer Staples,Household Products,Mid Cap
HL,Hecla Mining Company,Materials,Metals & Mining,Large Cap
HLF,Herbalife Ltd.,Consumer Staples,Food Products,Small Cap
HLIO,"Helios Technologies, Inc.",Industrials,Machinery,Mid Cap
HLIT,Harmonic Inc.,Health Care,Biotechnology,Small Cap
HLMN,Hillman Solutions Corp. Common Stock,Materials,Chemicals,Small Cap
HLT,Hilton Worldwide Holdings Inc.,Consumer Discretionary,"Hotels, Restaurants & Leisure",Large Cap
HMH,HMH Holding Inc. Class A Common Stock,Energy,Energy Equipment & Services,Small Cap
HNGE,Hinge Health Inc. Class A Common Stock,Information Technology,Software,Mid Cap
HNI,HNI Corporation,Industrials,Commercial Services & Supplies,Mid Cap
HNRG,Hallador Energy Company,Materials,Metals & Mining,Small Cap
HNST,The Honest Company Inc. Common Stock,Materials,Paper & Forest Products,Small Cap
HOG,"Harley-Davidson, Inc.",Consumer Discretionary,Automobiles,Mid Cap
HOME,At Home Group Inc.,Consumer Discretionary,Specialty Retail,Mid Cap
HON,Honeywell International Inc.,Industrials,Industrial Conglomerates,Large Cap
HONA,Honeywell Aerospace Inc. Common Stock,Industrials,Aerospace & Defense,Large Cap
HOS,Hornbeck Offshore Services Inc. Common Stock,Energy,Energy Equipment & Services,Small Cap
HOV,"Hovnanian Enterprises, Inc.",Consumer Discretionary,Household Durables,Small Cap
HP,"Helmerich & Payne, Inc.",Energy,Energy Equipment & Services,Mid Cap
HPE,Hewlett Packard Enterprise Co.,Information Technology,Communications Equipment,Large Cap
HPK,"HighPeak Energy, Inc.",Energy,"Oil, Gas & Consumable Fuels",Small Cap
HPQ,HP Inc.,Information Technology,"Technology Hardware, Storage & Peripherals",Large Cap
HQY,"HealthEquity, Inc.",Health Care,Health Care Technology,Mid Cap
HRB,"H&R Block, Inc.",Consumer Discretionary,Diversified Consumer Services,Mid Cap
HRI,Herc Holdings Inc.,Industrials,Commercial Services & Supplies,Mid Cap
HRL,Hormel Foods Corporation,Consumer Staples,Food Products,Large Cap
HRMY,"Harmony Biosciences Holdings, Inc.",Health Care,Biotechnology,Mid Cap
HROW,"Harrow Health, Inc.",Health Care,Pharmaceuticals,Small Cap
HSIC,"Henry Schein, Inc.",Health Care,Health Care Providers & Services,Mid Cap
HSTM,"HealthStream, Inc.",Health Care,Health Care Technology,Small Cap
HSY,The Hershey Company,Consumer Staples,Food Products,Large Cap
HTFL,Heartflow Inc. Common Stock,Health Care,Health Care Technology,Mid Cap
HTLD,"PetMed Express, Inc.",Consumer Discretionary,"Textiles, Apparel & Luxury Goods",Small Cap
HTZ,Hertz Global Holdings Inc Common Stock,Industrials,Commercial Services & Supplies,Small Cap
HUBB,Hubbell Incorporated,Industrials,Electrical Equipment,Large Cap
HUBG,"Hub Group, Inc.",Industrials,Air Freight & Logistics,Small Cap
HUBS,"HubSpot, Inc.",Information Technology,Software,Large Cap
HUM,Humana Inc.,Health Care,Health Care Providers & Services,Large Cap
HUN,Huntsman Corporation,Materials,Chemicals,Small Cap
HURN,Huron Consulting Group Inc.,Industrials,Professional Services,Mid Cap
HVT,"Haverty Furniture Companies, Inc.",Consumer Discretionary,Specialty Retail,Small Cap
HWKN,"Hawkins, Inc.",Materials,Chemicals,Mid Cap
HWM,Howmet Aerospace Inc.,Industrials,Machinery,Large Cap
HXL,Hexcel Corporation,Information Technology,IT Services,Mid Cap
HY,"Hyster-Yale Materials Handling, Inc.",Industrials,Machinery,Small Cap
HYLN,Hyliion Holdings Corp.,Consumer Discretionary,Auto Components,Small Cap
HYMC,Hycroft Mining Holding Corporation,Materials,Metals & Mining,Small Cap
HZO,"MarineMax, Inc.",Consumer Discretionary,Specialty Retail,Small Cap
IA,Innovative Solutions and Support Inc. Common Stock,Information Technology,Software,Small Cap
IART,Integra LifeSciences Holdings Corporation,Health Care,Health Care Equipment & Supplies,Small Cap
IAUX,i-80 Gold Corp. Common Shares,Materials,Metals & Mining,Small Cap
IBEX,IBEX Limited,Information Technology,Software,Small Cap
IBM,International Business Machines Corporation,Information Technology,IT Services,Mega Cap
IBP,"Installed Building Products, Inc.",Industrials,Building Products,Mid Cap
IBRX,ImmunityBio Inc,Health Care,Biotechnology,Large Cap
IBTA,Ibotta Inc. Class A Common Stock,Information Technology,Software,Small Cap
ICFI,"ICF International, Inc.",Industrials,Professional Services,Small Cap
ICHR,"Ichor Holdings, Ltd.",Information Technology,Semiconductors & Semiconductor Equipment,Mid Cap
ICUI,"ICU Medical, Inc.",Health Care,Health Care Equipment & Supplies,Mid Cap
IDCC,"InterDigital, Inc.",Communication Services,Diversified Telecommunication Services,Mid Cap
IDT,IDT Corporation Class B,Communication Services,Diversified Telecommunication Services,Small Cap
IDXX,"IDEXX Laboratories, Inc.",Health Care,Biotechnology,Large Cap
IDYA,"IDEAYA Biosciences, Inc.",Health Care,Biotechnology,Mid Cap
IEP,Icahn Enterprises L.P.,Industrials,Industrial Conglomerates,Mid Cap
IESC,"IES Holdings, Inc.",Industrials,Construction & Engineering,Large Cap
IEX,IDEX Corporation,Industrials,Machinery,Large Cap
IFF,International Flavors & Fragrances Inc.,Materials,Chemicals,Large Cap
IIIN,"Insteel Industries, Inc.",Industrials,Machinery,Small Cap
IIIV,"i3 Verticals, Inc.",Information Technology,IT Services,Small Cap
ILMN,"Illumina, Inc.",Health Care,Biotechnology,Large Cap
IMKTA,"Ingles Markets, Incorporated",Consumer Staples,Food & Staples Retailing,Small Cap
IMMX,Immix Biopharma Inc. Common Stock,Health Care,Biotechnology,Small Cap
IMNM,"Immunome, Inc.",Health Care,Biotechnology,Mid Cap
IMVT,"Immunovant, Inc.",Health Care,Biotechnology,Mid Cap
IMXI,"International Money Express, Inc.",Information Technology,Software,Small Cap
INBX,"Inhibrx, Inc.",Health Care,Biotechnology,Small Cap
INBXV,Inhibrx Inc. Ex-distribution When-Issued,Health Care,Biotechnology,Small Cap
INCY,Incyte Corporation,Health Care,Biotechnology,Large Cap
INDI,"indie Semiconductor, Inc.",Information Technology,Semiconductors & Semiconductor Equipment,Small Cap
INDP,Indaptus Therapeutics Inc. Common Stock,Health Care,Biotechnology,Small Cap
INFQ,Infleqtion Inc. Common Stock,Information Technology,Software,Mid Cap
INGM,Ingram Micro Holding Corporation Common Stock,Information Technology,Software,Mid Cap
INGR,Ingredion Incorporated,Consumer Staples,Food Products,Mid Cap
INNV,InnovAge Holding Corp.,Health Care,Health Care Providers & Services,Small Cap
INOD,Innodata Inc.,Information Technology,IT Services,Mid Cap
INSM,Insmed Incorporated,Health Care,Biotechnology,Large Cap
INSP,"Inspire Medical Systems, Inc.",Health Care,Health Care Equipment & Supplies,Mid Cap
INSW,"International Seaways, Inc.",Industrials,Marine,Mid Cap
INTA,Intapp Inc. Common Stock,Information Technology,Software,Mid Cap
INTC,Intel Corporation,Information Technology,Semiconductors & Semiconductor Equipment,Mega Cap
INTU,Intuit Inc.,Information Technology,Software,Large Cap
INVA,"Innoviva, Inc.",Health Care,Biotechnology,Small Cap
INVX,Innovex International Inc. Common Stock,Energy,Energy Equipment & Services,Small Cap
IONQ,IonQ Inc. Common Stock,Industrials,Building Products,Large Cap
IONS,"Ionis Pharmaceuticals, Inc.",Health Care,Biotechnology,Mid Cap
IOSP,Innospec Inc.,Materials,Chemicals,Mid Cap
IOVA,"Iovance Biotherapeutics, Inc.",Health Care,Biotechnology,Mid Cap
IP,International Paper Company,Consumer Discretionary,Distributors,Large Cap
IPAR,"Inter Parfums, Inc.",Consumer Staples,Household Products,Mid Cap
IPGP,IPG Photonics Corporation,Information Technology,Semiconductors & Semiconductor Equipment,Mid Cap
IPI,"Intrepid Potash, Inc.",Materials,Chemicals,Small Cap
IPX,IperionX Limited American Depositary Share,Industrials,Professional Services,Small Cap
IQV,IQVIA Holdings Inc,Health Care,Biotechnology,Large Cap
IR,Ingersoll Rand Inc.,Industrials,Machinery,Large Cap
IRD,Opus Genetics Inc. Common Stock,Health Care,Biotechnology,Small Cap
IRDM,Iridium Communications Inc.,Communication Services,Diversified Telecommunication Services,Mid Cap
IRMD,IRadimed Corporation,Health Care,Health Care Equipment & Supplies,Small Cap
IRON,Disc Medicine Inc. Common Stock,Health Care,Biotechnology,Mid Cap
IRTC,"iRhythm Technologies, Inc.",Health Care,Health Care Equipment & Supplies,Mid Cap
IRWD,"Ironwood Pharmaceuticals, Inc. Class A",Health Care,Pharmaceuticals,Small Cap
ISRG,"Intuitive Surgical, Inc.",Health Care,Health Care Equipment & Supplies,Large Cap
IT,"Gartner, Inc.",Information Technology,IT Services,Large Cap
ITG,ITG Inc. Class A Common Stock,Industrials,Construction & Engineering,Small Cap
ITGR,Integer Holdings Corporation,Health Care,Health Care Equipment & Supplies,Mid Cap
ITRI,"Itron, Inc.",Information Technology,"Electronic Equipment, Instruments & Components",Mid Cap
ITT,ITT Inc.,Industrials,Machinery,Large Cap
ITW,Illinois Tool Works Inc.,Industrials,Machinery,Large Cap
JAKK,"JAKKS Pacific, Inc.",Consumer Discretionary,"Hotels, Restaurants & Leisure",Small Cap
JANX,Janux Therapeutics Inc. Common Stock,Health Care,Biotechnology,Small Cap
JBHT,"J.B. Hunt Transport Services, Inc.",Industrials,Air Freight & Logistics,Large Cap
JBI,Janus International Group Inc. Common Stock,Industrials,,Small Cap
JBIO,Jade Biosciences Inc. Common Stock,Health Care,Biotechnology,Small Cap
JBL,Jabil Inc.,Information Technology,"Electronic Equipment, Instruments & Components",Large Cap
JBLU,JetBlue Airways Corporation,Industrials,Airlines,Small Cap
JBSS,"John B. Sanfilippo & Son, Inc.",Consumer Staples,Food Products,Small Cap
JBTM,JBT Marel Corporation,Industrials,Machinery,Mid Cap
JILL,"J.Jill, Inc.",Consumer Discretionary,Specialty Retail,Small Cap
JJSF,J & J Snack Foods Corp.,Consumer Staples,Food Products,Small Cap
JKHY,"Jack Henry & Associates, Inc.",Information Technology,IT Services,Large Cap
JMKE,Jersey Mike's Subs Inc. Class A Common Stock,Consumer Discretionary,"Hotels, Restaurants & Leisure",Mid Cap
JNJ,Johnson & Johnson,Health Care,Pharmaceuticals,Mega Cap
JOBY,Joby Aviation Inc. Common Stock,Industrials,Aerospace & Defense,Mid Cap
JOUT,Johnson Outdoors Inc.,Consumer Discretionary,"Hotels, Restaurants & Leisure",Small Cap
JSM,Navient Corporation SR NT 6% 121543,Materials,Chemicals,Small Cap
KAI,Kadant Inc.,Industrials,Machinery,Mid Cap
KALU,Kaiser Aluminum Corporation,Materials,Metals & Mining,Mid Cap
KARD,Kardigan Inc. Common Stock,Health Care,Biotechnology,Small Cap
KBH,KB Home,Consumer Discretionary,Household Durables,Mid Cap
KBR,"KBR, Inc.",Industrials,Construction & Engineering,Mid Cap
KD,Kyndryl Holdings Inc. Common Stock,Information Technology,Software,Mid Cap
KDK,Kodiak AI Inc. Common Stock,Information Technology,Software,Small Cap
KDP,Keurig Dr Pepper Inc.,Consumer Staples,Beverages,Large Cap
KE,"Kimball Electronics, Inc.",Industrials,Electrical Equipment,Small Cap
KELYA,"Kelly Services, Inc.",Industrials,Professional Services,Small Cap
KELYB,"Kelly Services, Inc.",Industrials,Professional Services,Small Cap
KEX,Kirby Corporation,Industrials,Marine,Mid Cap
KEYS,Keysight Technologies Inc,Information Technology,"Electronic Equipment, Instruments & Components",Large Cap
KFRC,Kforce Inc.,Industrials,Professional Services,Small Cap
KFY,Korn Ferry,Industrials,Professional Services,Mid Cap
KHC,Kraft Heinz Company,Consumer Staples,Food Products,Large Cap
KIDS,OrthoPediatrics Corp.,Health Care,Health Care Equipment & Supplies,Small Cap
KLAC,KLA Corporation,Information Technology,Semiconductors & Semiconductor Equipment,Mega Cap
KLRA,Kailera Therapeutics Inc. Common Stock,Health Care,Biotechnology,Small Cap
KMB,Kimberly-Clark Corporation,Consumer Staples,Household Products,Large Cap
KMI,Kinder Morgan Inc Class P,Energy,"Oil, Gas & Consumable Fuels",Large Cap
KMT,Kennametal Inc.,Industrials,Machinery,Mid Cap
KMTS,Kestra Medical Technologies Ltd. Common Stock,Health Care,Health Care Technology,Small Cap
KMX,"CarMax, Inc.",Consumer Discretionary,Specialty Retail,Mid Cap
KN,Knowles Corporation,Information Technology,Communications Equipment,Mid Cap
KNF,Knife Riv Holding Co. Common Stock,Materials,Construction Materials,Mid Cap
KNL,"Knoll, Inc.",Industrials,Commercial Services & Supplies,Small Cap
KNTK,Kinetik Holdings Inc. Class A Common Stock,Energy,"Oil, Gas & Consumable Fuels",Mid Cap
KNX,Knight-Swift Transportation Holdings Inc.,Industrials,Road & Rail,Large Cap
KO,Coca-Cola Company,Consumer Staples,Beverages,Mega Cap
KOD,"Kodiak Sciences, Inc.",Health Care,Biotechnology,Mid Cap
KODK,Eastman Kodak Company,Industrials,Professional Services,Small Cap
KOP,Koppers Holdings Inc.,Materials,Chemicals,Small Cap
KOPN,Kopin Corporation,Information Technology,"Electronic Equipment, Instruments & Components",Small Cap
KOS,Kosmos Energy Ltd.,Energy,"Oil, Gas & Consumable Fuels",Small Cap
KPLT,Katapult Holdings Inc. Common Stock,Information Technology,Software,Small Cap
KR,The Kroger Co.,Consumer Staples,Food & Staples Retailing,Large Cap
KRMN,Karman Holdings Inc.,Health Care,,Mid Cap
KRO,"Kronos Worldwide, Inc.",Materials,Chemicals,Small Cap
KRP,"Kimbell Royalty Partners, LP",Energy,"Oil, Gas & Consumable Fuels",Small Cap
KRSA,Korsana Biosciences Inc. Common Stock,Health Care,Biotechnology,Small Cap
KRT,"Karat Packaging, Inc.",Materials,Containers & Packaging,Small Cap
KRUS,"Kura Sushi USA, Inc.",Consumer Discretionary,"Hotels, Restaurants & Leisure",Small Cap
KRYS,"Krystal Biotech, Inc.",Health Care,Biotechnology,Mid Cap
KSS,Kohl's Corporation,Consumer Discretionary,Multiline Retail,Mid Cap
KTB,"Kontoor Brands, Inc.",Consumer Discretionary,"Textiles, Apparel & Luxury Goods",Mid Cap
KTOS,"Kratos Defense & Security Solutions, Inc.",Industrials,Aerospace & Defense,Mid Cap
KURA,"Kura Oncology, Inc.",Health Care,Biotechnology,Small Cap
KVUE,Kenvue Inc. Common Stock,Materials,Chemicals,Large Cap
KVYO,Klaviyo Inc. Series A Common Stock,Information Technology,Software,Mid Cap
KWR,Quaker Houghton,Materials,Chemicals,Mid Cap
KYMR,"Kymera Therapeutics, Inc.",Health Care,Biotechnology,Mid Cap
KYTX,Kyverna Therapeutics Inc. Common Stock,Health Care,Biotechnology,Small Cap
LAD,"Lithia Motors, Inc.",Consumer Discretionary,Specialty Retail,Mid Cap
LASR,"nLIGHT, Inc.",Information Technology,Semiconductors & Semiconductor Equipment,Mid Cap
LAUR,"Laureate Education, Inc.",Consumer Discretionary,Diversified Consumer Services,Mid Cap
LBRT,Liberty Oilfield Services Inc.,Energy,Energy Equipment & Services,Mid Cap
LBRX,LB Pharmaceuticals Inc Common Stock,Health Care,Biotechnology,Small Cap
LCID,Lucid Group Inc. Common Stock,Consumer Discretionary,Automobiles,Small Cap
LCII,LCI Industries,Consumer Discretionary,Automobiles,Mid Cap
LDOS,"Leidos Holdings, Inc.",Information Technology,IT Services,Large Cap
LE,"Lands' End, Inc.",Consumer Discretionary,Specialty Retail,Small Cap
LEA,Lear Corporation,Consumer Discretionary,Auto Components,Mid Cap
LEAF,Leaf Group Ltd.,Communication Services,Diversified Telecommunication Services,Small Cap
LECO,"Lincoln Electric Holdings, Inc.",Industrials,Machinery,Large Cap
LEGH,Legacy Housing Corporation,Consumer Discretionary,Household Durables,Small Cap
LEGN,Legend Biotech Corporation,Health Care,Biotechnology,Mid Cap
LEN,Lennar Corporation,Consumer Discretionary,Household Durables,Large Cap
LEU,Centrus Energy Corp.,Energy,"Oil, Gas & Consumable Fuels",Mid Cap
LEVI,Levi Strauss & Co. Class A,Consumer Discretionary,"Textiles, Apparel & Luxury Goods",Mid Cap
LFMDP,LifeMD Inc. 8.875% Series A Cumulative Perpetual Preferred Stock,Industrials,Professional Services,Small Cap
LFST,LifeStance Health Group Inc. Common Stock,Health Care,Health Care Providers & Services,Mid Cap
LFTO,Liftoff Mobile Inc. Common Stock,Information Technology,Software,Mid Cap
LFUS,"Littelfuse, Inc.",Information Technology,"Electronic Equipment, Instruments & Components",Large Cap
LGIH,"LGI Homes, Inc.",Consumer Discretionary,Household Durables,Small Cap
LGN,Legence Corp. Class A Common stock,Industrials,Construction & Engineering,Mid Cap
LGND,Ligand Pharmaceuticals Incorporated,Health Care,Biotechnology,Mid Cap
LH,Labcorp Holdings Inc.,Health Care,Biotechnology,Large Cap
LHX,L3Harris Technologies Inc,Industrials,Aerospace & Defense,Large Cap
LIF,Life360 Inc. Common Stock,Information Technology,Software,Mid Cap
LIFE,Ethos Technologies Inc.,Health Care,Biotechnology,Mid Cap
LII,Lennox International Inc.,Industrials,Machinery,Large Cap
LILA,Liberty Latin America Ltd.,Communication Services,Diversified Telecommunication Services,Small Cap
LILAK,Liberty Latin America Ltd.,Communication Services,Diversified Telecommunication Services,Small Cap
LILAP,Liberty Latin America Ltd. 9.0% Fixed Rate Cumulative Perpetual Redeemable Series A Preference Shares,Communication Services,Entertainment,Mid Cap
LIME,Neutron Holdings Inc. Common Stock,Information Technology,Software,Small Cap
LINC,Lincoln Educational Services Corporation,Consumer Discretionary,Diversified Consumer Services,Small Cap
LIND,"Lindblad Expeditions Holdings, Inc.",Consumer Discretionary,"Hotels, Restaurants & Leisure",Mid Cap
LION,Lionsgate Studios Corp. Common Shares,Consumer Discretionary,,Mid Cap
LITE,Lumentum Holdings Inc.,Information Technology,Communications Equipment,Large Cap
LKQ,LKQ Corporation,Consumer Discretionary,Auto Components,Mid Cap
LLY,Eli Lilly and Company,Health Care,Pharmaceuticals,Mega Cap
LLYVA,Liberty Media Corporation Series A Liberty Live Common Stock,Communication Services,Media,Mid Cap
LLYVK,Liberty Media Corporation Series C Liberty Live Common Stock,Communication Services,Media,Mid Cap
LMAT,"LeMaitre Vascular, Inc.",Health Care,Health Care Equipment & Supplies,Small Cap
LMB,"Limbach Holdings, Inc.",Industrials,Construction & Engineering,Small Cap
LMRI,Lumexa Imaging Holdings Inc. Common Stock,Health Care,Biotechnology,Small Cap
LMT,Lockheed Martin Corporation,Industrials,Aerospace & Defense,Large Cap
LNG,"Cheniere Energy, Inc.",Energy,"Oil, Gas & Consumable Fuels",Large Cap
LNN,Lindsay Corporation,Industrials,Machinery,Small Cap
LNTH,Lantheus Holdings Inc,Health Care,Biotechnology,Mid Cap
LOAR,Loar Holdings Inc. Common Stock,Industrials,Aerospace & Defense,Mid Cap
LOCO,"El Pollo Loco Holdings, Inc.",Consumer Discretionary,"Hotels, Restaurants & Leisure",Small Cap
LOPE,"Grand Canyon Education, Inc.",Consumer Discretionary,Diversified Consumer Services,Mid Cap
LOW,"Lowe's Companies, Inc.",Consumer Discretionary,Specialty Retail,Large Cap
LPG,Dorian LPG Ltd.,Energy,"Oil, Gas & Consumable Fuels",Mid Cap
LPTH,"LightPath Technologies, Inc.",Information Technology,"Electronic Equipment, Instruments & Components",Small Cap
LPX,Louisiana-Pacific Corporation,Industrials,Building Products,Mid Cap
LQDA,Liquidia Corporation,Health Care,Biotechnology,Mid Cap
LQDT,"Liquidity Services, Inc.",Consumer Discretionary,Internet & Direct Marketing Retail,Small Cap
LRCX,Lam Research Corporation,Information Technology,Semiconductors & Semiconductor Equipment,Mega Cap
LRN,"Stride, Inc.",Consumer Discretionary,Diversified Consumer Services,Mid Cap
LSCC,Lattice Semiconductor Corporation,Information Technology,Semiconductors & Semiconductor Equipment,Large Cap
LSTR,"Landstar System, Inc.",Information Technology,Software,Mid Cap
LTGO,Latigo Biotherapeutics Inc. Common Stock,Health Care,Pharmaceuticals,Small Cap
LTH,Life Time Group Holdings Inc. Common Stock,Consumer Discretionary,"Hotels, Restaurants & Leisure",Mid Cap
LTRX,"Lantronix, Inc.",Information Technology,Communications Equipment,Small Cap
LUCK,Lucky Strike Entertainment Corporation Class A Common Stock,Consumer Discretionary,"Hotels, Restaurants & Leisure",Small Cap
LUMN,"Lumen Technologies, Inc.",Communication Services,Diversified Telecommunication Services,Mid Cap
LUNR,Intuitive Machines Inc. Class A Common Stock,Industrials,,Mid Cap
LUV,Southwest Airlines Co.,Industrials,Airlines,Large Cap
LVS,Las Vegas Sands Corp.,Consumer Discretionary,"Hotels, Restaurants & Leisure",Large Cap
LVWR,LiveWire Group Inc. Common Stock,Consumer Discretionary,Automobiles,Small Cap
LW,"Lamb Weston Holdings, Inc.",Consumer Staples,Food Products,Mid Cap
LWAY,"Lifeway Foods, Inc.",Consumer Staples,Food Products,Small Cap
LXRX,"Lexicon Pharmaceuticals, Inc.",Health Care,Biotechnology,Small Cap
LXU,"LSB Industries, Inc.",Materials,Chemicals,Small Cap
LYB,LyondellBasell Industries NV,Materials,Chemicals,Large Cap
LYFT,"Lyft, Inc.",Information Technology,Software,Mid Cap
LYNX,Lyntris Inc. Common Stock,Information Technology,"Electronic Equipment, Instruments & Components",Small Cap
LYTS,LSI Industries Inc.,Information Technology,"Electronic Equipment, Instruments & Components",Small Cap
LYV,"Live Nation Entertainment, Inc.",Communication Services,Entertainment,Large Cap
LZ,LegalZoom.com Inc. Common Stock,Communication Services,Diversified Telecommunication Services,Small Cap
LZB,La-Z-Boy Incorporated,Consumer Discretionary,Household Durables,Small Cap
M,"Macy's, Inc.",Consumer Discretionary,Multiline Retail,Mid Cap
MAGN,Magnera Corporation Common Stock,Materials,Paper & Forest Products,Small Cap
MAIR,Madison Air Solutions Corporation Class A Common Stock,Industrials,Machinery,Large Cap
MAMA,Mama's Creations Inc. Common Stock,Consumer Staples,Food Products,Small Cap
MAN,ManpowerGroup Inc.,Industrials,Professional Services,Mid Cap
MANE,Veradermics Incorporated Common Stock,Health Care,Biotechnology,Mid Cap
MANH,"Manhattan Associates, Inc.",Information Technology,Software,Large Cap
MAR,"Marriott International, Inc. Class A",Consumer Discretionary,"Hotels, Restaurants & Leisure",Large Cap
MAS,Masco Corporation,Industrials,Building Products,Large Cap
MASS,908 Devices Inc.,Health Care,Health Care Technology,Small Cap
MAT,"Mattel, Inc.",Consumer Discretionary,"Hotels, Restaurants & Leisure",Mid Cap
MATV,Mativ Holdings Inc. Common Stock,Materials,Chemicals,Small Cap
MATW,Matthews International Corporation Class A,Industrials,Industrial Conglomerates,Small Cap
MATX,"Matson, Inc.",Industrials,Marine,Mid Cap
MAX,"MediaAlpha, Inc.",Communication Services,Interactive Media & Services,Small Cap
MAZE,Maze Therapeutics Inc. Common Stock,Health Care,Biotechnology,Small Cap
MBGL,Mobility Global Inc. Common Stock,Industrials,Professional Services,Mid Cap
MBUU,"Malibu Boats, Inc.",Consumer Discretionary,Automobiles,Small Cap
MBX,MBX Biosciences Inc. Common Stock,Health Care,Biotechnology,Mid Cap
MCD,McDonald's Corporation,Consumer Discretionary,"Hotels, Restaurants & Leisure",Large Cap
MCFT,"Mastercraft Boat Holdings, Inc.",Consumer Discretionary,Automobiles,Small Cap
MCHP,Microchip Technology Incorporated,Information Technology,Semiconductors & Semiconductor Equipment,Large Cap
MCHPP,Microchip Technology Incorporated Depositary Shares Each Representing a 1/20th Interest in a Share of 7.50% Series A Mandatory Convertible Preferred Stock,Information Technology,Semiconductors & Semiconductor Equipment,Large Cap
MCK,McKesson Corporation,Health Care,Health Care Providers & Services,Large Cap
MCRI,"Monarch Casino & Resort, Inc.",Consumer Discretionary,"Hotels, Restaurants & Leisure",Mid Cap
MCS,The Marcus Corporation,Communication Services,Entertainment,Small Cap
MD,"Pediatrix Medical Group, Inc.",Health Care,Health Care Providers & Services,Mid Cap
MDB,"MongoDB, Inc. Class A",Information Technology,Software,Large Cap
MDGL,"Madrigal Pharmaceuticals, Inc.",Health Care,Biotechnology,Large Cap
MDLN,Medline Inc. Class A Common Stock,Health Care,Health Care Technology,Large Cap
MDLZ,"Mondelez International, Inc. Class A",Consumer Staples,Food Products,Large Cap
MDU,"MDU Resources Group, Inc.",Materials,Construction Materials,Mid Cap
MDXG,"MiMedx Group, Inc.",Health Care,Health Care Technology,Small Cap
MEC,"Mayville Engineering Company, Inc.",Industrials,Machinery,Small Cap
MEDP,"Medpace Holdings, Inc.",Health Care,Biotechnology,Large Cap
MEI,"Methode Electronics, Inc.",Information Technology,"Electronic Equipment, Instruments & Components",Small Cap
META,Meta Platforms Inc Class A,Communication Services,Interactive Media & Services,Mega Cap
METC,"Ramaco Resources, Inc.",Materials,Metals & Mining,Small Cap
MFP,Midera Food Processing Inc. Common Stock,Information Technology,"Electronic Equipment, Instruments & Components",Small Cap
MG,"Mistras Group, Inc.",Industrials,Commercial Services & Supplies,Small Cap
MGM,MGM Resorts International,Consumer Discretionary,"Hotels, Restaurants & Leisure",Mid Cap
MGNI,"Magnite, Inc.",Communication Services,Media,Mid Cap
MGRC,McGrath RentCorp,Industrials,Commercial Services & Supplies,Mid Cap
MGTX,MeiraGTx Holdings plc,Health Care,Biotechnology,Small Cap
MGY,Magnolia Oil & Gas Corporation,Energy,"Oil, Gas & Consumable Fuels",Mid Cap
MH,McGraw Hill Inc. Common Stock,Consumer Discretionary,Diversified Consumer Services,Mid Cap
MHK,"Mohawk Industries, Inc.",Consumer Discretionary,Household Durables,Mid Cap
MHO,"M/I Homes, Inc.",Consumer Discretionary,Household Durables,Mid Cap
MIDD,Middleby Corporation,Industrials,Machinery,Mid Cap
MIR,Mirion Technologies Inc. Class A Common Stock,Information Technology,"Electronic Equipment, Instruments & Components",Mid Cap
MIRM,"Mirum Pharmaceuticals, Inc.",Health Care,Biotechnology,Mid Cap
MITK,"Mitek Systems, Inc.",Information Technology,Software,Small Cap
MKC,"McCormick & Company, Incorporated",Consumer Staples,Food Products,Large Cap
MKSI,"MKS Instruments, Inc.",Information Technology,"Electronic Equipment, Instruments & Components",Large Cap
MKTW,MarketWise Inc. Class A Common Stock,Information Technology,Software,Small Cap
MLAB,"Mesa Laboratories, Inc.",Information Technology,"Electronic Equipment, Instruments & Components",Small Cap
MLI,"Mueller Industries, Inc.",Industrials,Machinery,Large Cap
MLKN,MillerKnoll Inc. Common Stock,Industrials,Building Products,Small Cap
MLM,"Martin Marietta Materials, Inc.",Materials,Construction Materials,Large Cap
MLR,"Miller Industries, Inc.",Consumer Discretionary,Auto Components,Small Cap
MLTX,MoonLake Immunotherapeutics Class A Ordinary Shares,Health Care,Biotechnology,Small Cap
MLYS,Mineralys Therapeutics Inc. Common Stock,Health Care,Biotechnology,Mid Cap
MMED,MiniMed Group Inc. Common Stock,Health Care,Health Care Technology,Mid Cap
MMM,3M Company,Industrials,Machinery,Large Cap
MMS,"Maximus, Inc.",Industrials,Professional Services,Mid Cap
MMSI,"Merit Medical Systems, Inc.",Health Care,Health Care Equipment & Supplies,Mid Cap
MNKD,MannKind Corporation,Health Care,Biotechnology,Small Cap
MNPR,Monopar Therapeutics Inc.,Health Care,Biotechnology,Small Cap
MNRO,"Monro, Inc.",Consumer Discretionary,Auto Components,Small Cap
MNST,Monster Beverage Corporation,Consumer Staples,Beverages,Large Cap
MO,"Altria Group, Inc.",Consumer Staples,Tobacco,Large Cap
MOBI,Mobia Medical Inc. Common Stock,Health Care,Health Care Equipment & Supplies,Small Cap
MOD,Modine Manufacturing Company,Consumer Discretionary,Auto Components,Mid Cap
MOH,"Molina Healthcare, Inc.",Health Care,Health Care Providers & Services,Large Cap
MOS,The Mosaic Company,Materials,Chemicals,Mid Cap
MOV,"Movado Group, Inc.",Consumer Discretionary,"Textiles, Apparel & Luxury Goods",Small Cap
MP,MP Materials Corp.,Materials,Metals & Mining,Mid Cap
MPC,Marathon Petroleum Corporation,Energy,"Oil, Gas & Consumable Fuels",Large Cap
MPLT,MapLight Therapeutics Inc. Common Stock,Health Care,Biotechnology,Small Cap
MPLX,MPLX Lp,Energy,"Oil, Gas & Consumable Fuels",Large Cap
MPTI,M-tron Industries Inc. Common Stock,Information Technology,"Electronic Equipment, Instruments & Components",Small Cap
MPWR,"Monolithic Power Systems, Inc.",Information Technology,Semiconductors & Semiconductor Equipment,Large Cap
MQ,Marqeta Inc. Class A Common Stock,Information Technology,Software,Small Cap
MRAM,"Everspin Technologies, Inc.",Information Technology,Semiconductors & Semiconductor Equipment,Small Cap
MRCY,"Mercury Systems, Inc.",Industrials,Aerospace & Defense,Mid Cap
MRK,"Merck & Co., Inc.",Health Care,Pharmaceuticals,Mega Cap
MRNA,"Moderna, Inc.",Health Care,Biotechnology,Large Cap
MRTN,"Marten Transport, Ltd.",Industrials,Road & Rail,Small Cap
MRVI,"Maravai LifeSciences Holdings, Inc.",Health Care,Biotechnology,Mid Cap
MRVL,"Marvell Technology, Inc.",Information Technology,Semiconductors & Semiconductor Equipment,Mega Cap
MSA,MSA Safety Incorporated,Industrials,Commercial Services & Supplies,Mid Cap
MSFT,Microsoft Corporation,Information Technology,Software,Mega Cap
MSGE,Madison Square Garden Entertainment Corp.,Communication Services,Entertainment,Mid Cap
MSGS,Madison Square Garden Sports Corp.,Communication Services,Entertainment,Mid Cap
MSI,"Motorola Solutions, Inc.",Information Technology,Communications Equipment,Large Cap
MSM,"MSC Industrial Direct Co., Inc.",Industrials,Trading Companies & Distributors,Mid Cap
MSTR,Strategy Inc,Information Technology,Software,Large Cap
MTCH,"Match Group, Inc.",Communication Services,Interactive Media & Services,Mid Cap
MTD,"Mettler-Toledo International, Inc.",Health Care,Biotechnology,Large Cap
MTDR,Matador Resources Company,Energy,"Oil, Gas & Consumable Fuels",Mid Cap
MTH,Meritage Homes Corporation,Consumer Discretionary,Household Durables,Mid Cap
MTN,"Vail Resorts, Inc.",Consumer Discretionary,"Hotels, Restaurants & Leisure",Mid Cap
MTRN,Materion Corporation,Materials,Metals & Mining,Mid Cap
MTSI,"MACOM Technology Solutions Holdings, Inc.",Information Technology,Semiconductors & Semiconductor Equipment,Large Cap
MTUS,Metallus Inc. Common Shares,Materials,Metals & Mining,Small Cap
MTW,"Manitowoc Company, Inc.",Industrials,Machinery,Small Cap
MTX,Minerals Technologies Inc.,Materials,Chemicals,Mid Cap
MTZ,"MasTec, Inc.",Industrials,Construction & Engineering,Large Cap
MU,"Micron Technology, Inc.",Information Technology,Semiconductors & Semiconductor Equipment,Mega Cap
MUR,Murphy Oil Corporation,Energy,"Oil, Gas & Consumable Fuels",Mid Cap
MUSA,Murphy USA Inc.,Consumer Discretionary,Specialty Retail,Mid Cap
MWA,"Mueller Water Products, Inc. Class A",Industrials,Machinery,Mid Cap
MXL,"MaxLinear, Inc.",Information Technology,Semiconductors & Semiconductor Equipment,Mid Cap
MYE,"Myers Industries, Inc.",Materials,Containers & Packaging,Small Cap
MYGN,"Myriad Genetics, Inc.",Health Care,Biotechnology,Small Cap
MYRG,MYR Group Inc.,Industrials,Construction & Engineering,Mid Cap
MZTI,The Marzetti Company Common Stock,Consumer Staples,Food Products,Mid Cap
NABL,N-able Inc. Common Stock,Information Technology,Software,Small Cap
NATH,"Nathan's Famous, Inc.",Consumer Discretionary,"Hotels, Restaurants & Leisure",Small Cap
NATL,NCR Atleos Corporation,Information Technology,,Mid Cap
NAVI,Navient Corporation,Materials,Chemicals,Small Cap
NAVN,Navan Inc. Class A Common Stock,Information Technology,Software,Mid Cap
NB,NioCorp Developments Ltd. Common Stock,Materials,Metals & Mining,Small Cap
NBIX,"Neurocrine Biosciences, Inc.",Health Care,Biotechnology,Large Cap
NCLH,Norwegian Cruise Line Holdings Ltd.,Consumer Discretionary,"Hotels, Restaurants & Leisure",Mid Cap
NCNO,"nCino, Inc.",Information Technology,Software,Mid Cap
NDSN,Nordson Corporation,Industrials,Machinery,Large Cap
NEM,Newmont Corporation,Materials,Metals & Mining,Large Cap
NEO,"NeoGenomics, Inc.",Health Care,Biotechnology,Mid Cap
NEOG,Neogen Corporation,Health Care,Biotechnology,Mid Cap
NESR,National Energy Services Reunit,Energy,Energy Equipment & Services,Mid Cap
NET,"Cloudflare, Inc.",Information Technology,Software,Large Cap
NEU,NewMarket Corporation,Materials,Chemicals,Mid Cap
NEXT,NextDecade Corporation,Energy,"Oil, Gas & Consumable Fuels",Small Cap
NFG,National Fuel Gas Company,Energy,"Oil, Gas & Consumable Fuels",Mid Cap
NFLX,"Netflix, Inc.",Communication Services,Entertainment,Mega Cap
NGL,NGL Energy Partners LP,Energy,"Oil, Gas & Consumable Fuels",Small Cap
NGS,"Natural Gas Services Group, Inc.",Energy,Energy Equipment & Services,Small Cap
NGVC,"Natural Grocers by Vitamin Cottage, Inc.",Consumer Staples,Food & Staples Retailing,Small Cap
NGVT,Ingevity Corporation,Materials,Chemicals,Mid Cap
NHC,National HealthCare Corporation,Health Care,Health Care Providers & Services,Mid Cap
NKE,"Nike, Inc.",Consumer Discretionary,"Textiles, Apparel & Luxury Goods",Large Cap
NKTR,Nektar Therapeutics,Health Care,Biotechnology,Small Cap
NL,"NLI Holdings, Inc.",Industrials,Commercial Services & Supplies,Small Cap
NMAX,Newsmax Inc. Class B Common Stock,Communication Services,Media,Small Cap
NN,NextNav Inc. Common Stock,Information Technology,"Electronic Equipment, Instruments & Components",Mid Cap
NNBR,"NN, Inc.",Industrials,Industrial Conglomerates,Small Cap
NNE,Nano Nuclear Energy Inc. Common Stock,Energy,,Small Cap
NOC,Northrop Grumman Corp.,Industrials,Aerospace & Defense,Large Cap
NOG,"Northern Oil and Gas, Inc.",Energy,"Oil, Gas & Consumable Fuels",Mid Cap
NOV,NOV Inc.,Energy,Energy Equipment & Services,Mid Cap
NOVT,Novanta Inc.,Information Technology,"Electronic Equipment, Instruments & Components",Mid Cap
NOVTU,Novanta Inc. Tangible Equity Units,Information Technology,"Electronic Equipment, Instruments & Components",Mid Cap
NOW,"ServiceNow, Inc.",Information Technology,Software,Large Cap
NPCE,"NeuroPace, Inc.",Health Care,Health Care Equipment & Supplies,Small Cap
NPK,"National Presto Industries, Inc.",Industrials,Aerospace & Defense,Small Cap
NPKI,NPK International Inc. Common Stock,Energy,Energy Equipment & Services,Small Cap
NPO,"EnPro Industries, Inc.",Industrials,Machinery,Mid Cap
NRC,NRC Health,Health Care,Biotechnology,Small Cap
NRDS,NerdWallet Inc. Class A Common Stock,Communication Services,Interactive Media & Services,Small Cap
NRIX,"Nurix Therapeutics, Inc.",Health Care,Biotechnology,Mid Cap
NRP,Natural Resource Partners L.P.,Materials,Metals & Mining,Small Cap
NSC,Norfolk Southern Corporation,Industrials,Road & Rail,Large Cap
NSIT,"Insight Enterprises, Inc.",Information Technology,IT Services,Mid Cap
NSP,"Insperity, Inc.",Industrials,Professional Services,Small Cap
NSSC,"Napco Security Technologies, Inc.",Industrials,Commercial Services & Supplies,Small Cap
NTAP,"NetApp, Inc.",Information Technology,"Technology Hardware, Storage & Peripherals",Large Cap
NTCT,"NetScout Systems, Inc.",Information Technology,Software,Mid Cap
NTGR,"NETGEAR, Inc.",Information Technology,Communications Equipment,Small Cap
NTLA,"Intellia Therapeutics, Inc.",Health Care,Biotechnology,Small Cap
NTNX,"Nutanix, Inc. Class A",Information Technology,Software,Large Cap
NTRA,"Natera, Inc.",Health Care,Biotechnology,Large Cap
NTSK,Netskope Inc. Class A Common Stock,Information Technology,Software,Mid Cap
NTUS,Natus Medical Incorporated,Health Care,Health Care Equipment & Supplies,Small Cap
NUAI,New Era Energy & Digital Inc. Common Stock,Energy,"Oil, Gas & Consumable Fuels",Small Cap
NUE,Nucor Corporation,Materials,Metals & Mining,Large Cap
NUTX,Nutex Health Inc. Common Stock,Information Technology,Software,Small Cap
NUVB,Nuvation Bio Inc.,Health Care,Biotechnology,Small Cap
NUVL,Nuvalent Inc. Class A Common Stock,Health Care,Biotechnology,Mid Cap
NVAX,"Novavax, Inc.",Health Care,Biotechnology,Mid Cap
NVCT,Nuvectis Pharma Inc. Common Stock,Health Care,Biotechnology,Small Cap
NVDA,NVIDIA Corporation,Information Technology,Semiconductors & Semiconductor Equipment,Mega Cap
NVEC,NVE Corporation,Information Technology,Semiconductors & Semiconductor Equipment,Small Cap
NVR,"NVR, Inc.",Consumer Discretionary,Household Durables,Large Cap
NVRI,Enviri Corporation Common Stock,Industrials,Professional Services,Small Cap
NVST,Envista Holdings Corporation,Health Care,Health Care Equipment & Supplies,Mid Cap
NVTS,Navitas Semiconductor Corporation Common Stock,Information Technology,Semiconductors & Semiconductor Equipment,Mid Cap
NWL,Newell Brands Inc.,Consumer Staples,Household Products,Mid Cap
NWPX,"NWPX Infrastructure, Inc.",Industrials,Building Products,Small Cap
NWS,News Corporation,Communication Services,Media,Large Cap
NWSA,News Corporation,Communication Services,Media,Large Cap
NX,Quanex Building Products Corporation,Information Technology,"Electronic Equipment, Instruments & Components",Small Cap
NXDR,Nextdoor Holdings Inc. Class A Common Stock,Communication Services,Interactive Media & Services,Small Cap
NXST,"Nexstar Media Group, Inc.",Communication Services,Media,Mid Cap
NXT,Nextpower Inc.,Information Technology,Semiconductors & Semiconductor Equipment,Large Cap
NYT,New York Times Company Class A,Communication Services,Media,Large Cap
OABI,OmniAb Inc. Common Stock,Health Care,Biotechnology,Small Cap
OBIO,Orchestra BioMed Holdings Inc. Ordinary Shares,Health Care,Biotechnology,Small Cap
OBX,Obsidian Therapeutics Inc. Common Stock,Health Care,Biotechnology,Small Cap
OC,Owens Corning,Industrials,Building Products,Mid Cap
OCGN,"Ocugen, Inc.",Health Care,Biotechnology,Small Cap
OCTV,Octave Intelligence plc Class B Ordinary Shares,Information Technology,Software,Mid Cap
OCUL,"Ocular Therapeutix, Inc.",Health Care,Biotechnology,Small Cap
ODC,Oil-Dri Corporation of America,Materials,Chemicals,Small Cap
ODFL,"Old Dominion Freight Line, Inc.",Industrials,Road & Rail,Large Cap
ODP,The ODP Corporation,Consumer Discretionary,Specialty Retail,Small Cap
ODTX,Odyssey Therapeutics Inc. Common Stock,Health Care,Biotechnology,Small Cap
OFIX,Orthofix Medical Inc.,Health Care,Health Care Equipment & Supplies,Small Cap
OFRM,Once Upon a Farm PBC,Consumer Staples,Food Products,Small Cap
OGN,Organon & Co. Common Stock,Health Care,Biotechnology,Mid Cap
OI,"O-I Glass, Inc.",Materials,Containers & Packaging,Small Cap
OII,"Oceaneering International, Inc.",Energy,Energy Equipment & Services,Mid Cap
OIS,"Oil States International, Inc.",Energy,Energy Equipment & Services,Small Cap
OKE,"ONEOK, Inc.",Energy,"Oil, Gas & Consumable Fuels",Large Cap
OKTA,"Okta, Inc. Class A",Information Technology,Software,Large Cap
OLED,Universal Display Corporation,Information Technology,Semiconductors & Semiconductor Equipment,Mid Cap
OLLI,Ollie's Bargain Outlet Holdings Inc,Consumer Staples,Household Products,Mid Cap
OLMA,"Olema Pharmaceuticals, Inc.",Health Care,Biotechnology,Small Cap
OLN,Olin Corporation,Materials,Chemicals,Small Cap
OMC,Omnicom Group Inc.,Communication Services,Media,Large Cap
OMCL,"Omnicell, Inc.",Health Care,Health Care Technology,Small Cap
OMDA,Omada Health Inc. Common Stock,Health Care,Health Care Equipment & Supplies,Small Cap
OMER,Omeros Corporation,Health Care,Biotechnology,Small Cap
ON,ON Semiconductor Corporation,Information Technology,Semiconductors & Semiconductor Equipment,Large Cap
ONDS,Ondas Holdings Inc.,Information Technology,Communications Equipment,Mid Cap
ONT,Onterris Inc. Common Stock,Industrials,Professional Services,Small Cap
ONTO,"Onto Innovation, Inc.",Information Technology,Semiconductors & Semiconductor Equipment,Large Cap
OOMA,"Ooma, Inc.",Communication Services,Diversified Telecommunication Services,Small Cap
OPAL,OPAL Fuels Inc. Class A Common Stock,Energy,"Oil, Gas & Consumable Fuels",Small Cap
OPCH,"Option Care Health, Inc.",Health Care,Health Care Providers & Services,Mid Cap
OPFI,OppFi Inc. Class A Common Stock,Information Technology,Software,Small Cap
OPK,"OPKO Health, Inc.",Health Care,Biotechnology,Small Cap
OPLN,OPENLANE Inc.,Consumer Discretionary,Specialty Retail,Mid Cap
OPTU,Optimum Communications Inc. Class A common stock,Communication Services,Entertainment,Small Cap
ORBS,Eightco Holdings Inc. Common Stock,Information Technology,"Electronic Equipment, Instruments & Components",Small Cap
ORCL,Oracle Corporation,Information Technology,Software,Mega Cap
ORIC,"Oric Pharmaceuticals, Inc.",Health Care,Biotechnology,Small Cap
ORKA,Oruka Therapeutics Inc. Common Stock,Health Care,Biotechnology,Mid Cap
ORLY,"O'Reilly Automotive, Inc.",Consumer Discretionary,Specialty Retail,Large Cap
ORN,"Orion Group Holdings, Inc.",Industrials,Construction & Engineering,Small Cap
OSCR,"Oscar Health, Inc.",Health Care,Health Care Providers & Services,Large Cap
OSIS,"OSI Systems, Inc.",Information Technology,"Electronic Equipment, Instruments & Components",Mid Cap
OSK,Oshkosh Corporation,Industrials,Machinery,Mid Cap
OSPN,OneSpan Inc.,Information Technology,Software,Small Cap
OSW,OneSpaWorld Holdings Limited,Consumer Discretionary,"Hotels, Restaurants & Leisure",Mid Cap
OTIS,Otis Worldwide Corporation,Industrials,Machinery,Large Cap
OUST,"Ouster, Inc.",Information Technology,"Electronic Equipment, Instruments & Components",Mid Cap
OVID,Ovid Therapeutics Inc.,Health Care,Biotechnology,Small Cap
OVV,Ovintiv Inc. (DE),Energy,"Oil, Gas & Consumable Fuels",Large Cap
OXM,"Oxford Industries, Inc.",Consumer Discretionary,"Textiles, Apparel & Luxury Goods",Small Cap
OXY,Occidental Petroleum Corporatio,Energy,"Oil, Gas & Consumable Fuels",Large Cap
P,Everpure Inc.,Industrials,Machinery,Large Cap
PAA,"Plains All American Pipeline, L.P.",Energy,"Oil, Gas & Consumable Fuels",Large Cap
PACB,"Pacific Biosciences of California, Inc.",Health Care,Biotechnology,Small Cap
PACK,Ranpak Holdings Corp.,Materials,Containers & Packaging,Small Cap
PACS,PACS Group Inc.,Health Care,Health Care Providers & Services,Mid Cap
PAG,"Penske Automotive Group, Inc.",Consumer Discretionary,Specialty Retail,Large Cap
PAGP,"Plains GP Holdings, L.P.",Energy,"Oil, Gas & Consumable Fuels",Mid Cap
PAHC,Phibro Animal Health Corporation Class A,Health Care,Pharmaceuticals,Small Cap
PANL,"Pangaea Logistics Solutions, Ltd.",Industrials,Marine,Small Cap
PANW,"Palo Alto Networks, Inc.",Information Technology,Software,Mega Cap
PAR,PAR Technology Corporation,Information Technology,Software,Small Cap
PARR,"Par Pacific Holdings, Inc.",Energy,"Oil, Gas & Consumable Fuels",Mid Cap
PATH,"UiPath, Inc. Class A",Information Technology,Software,Mid Cap
PATK,"Patrick Industries, Inc.",Consumer Discretionary,Automobiles,Mid Cap
PAY,Paymentus Holdings Inc. Class A Common Stock,Information Technology,Software,Mid Cap
PAYC,"Paycom Software, Inc.",Information Technology,Software,Large Cap
PAYO,Payoneer Global Inc. Common Stock,Information Technology,Software,Mid Cap
PAYS,"PaySign, Inc.",Industrials,Professional Services,Small Cap
PAYX,"Paychex, Inc.",Industrials,Professional Services,Large Cap
PBF,PBF Energy Inc.,Energy,"Oil, Gas & Consumable Fuels",Mid Cap
PBH,Prestige Consumer Healthcare Inc.,Health Care,Health Care Providers & Services,Mid Cap
PBI,Pitney Bowes Inc.,Industrials,Commercial Services & Supplies,Mid Cap
PBLS,Parabilis Medicines Inc. Common Stock,Health Care,Biotechnology,Mid Cap
PBT,Permian Basin Royalty Trust,Energy,"Oil, Gas & Consumable Fuels",Small Cap
PBYI,"Puma Biotechnology, Inc.",Health Care,Biotechnology,Small Cap
PCAR,PACCAR Inc,Industrials,Machinery,Large Cap
PCOR,Procore Technologies Inc. Common Stock,Information Technology,Software,Mid Cap
PCRX,"Pacira Biosciences, Inc.",Health Care,Pharmaceuticals,Small Cap
PCT,"PureCycle Technologies, Inc.",Industrials,Construction & Engineering,Small Cap
PCTTU,"PureCycle Technologies, Inc.",Industrials,Construction & Engineering,Small Cap
PCTY,Paylocity Holding Corporation,Information Technology,Software,Mid Cap
PCVX,"Vaxcyte, Inc.",Health Care,Biotechnology,Large Cap
PD,"PagerDuty, Inc.",Information Technology,Software,Small Cap
PDFS,"PDF Solutions, Inc.",Information Technology,Software,Mid Cap
PEGA,Pegasystems Inc.,Information Technology,Software,Mid Cap
PEN,"Penumbra, Inc.",Health Care,Health Care Equipment & Supplies,Large Cap
PENG,Penguin Solutions Inc. Ordinary Shares,Information Technology,Semiconductors & Semiconductor Equipment,Mid Cap
PENN,"PENN Entertainment, Inc.",Consumer Discretionary,"Hotels, Restaurants & Leisure",Mid Cap
PEP,"PepsiCo, Inc.",Consumer Staples,Beverages,Large Cap
PESI,"Perma-Fix Environmental Services, Inc.",Industrials,Commercial Services & Supplies,Small Cap
PFE,"Pfizer, Inc.",Health Care,Pharmaceuticals,Large Cap
PFGC,Performance Food Group Company,Consumer Staples,Food & Staples Retailing,Large Cap
PFPT,"Proofpoint, Inc.",Information Technology,Software,Mid Cap
PG,The Procter & Gamble Company,Consumer Staples,Household Products,Mega Cap
PGEN,Precigen Inc,Health Care,Biotechnology,Mid Cap
PGNY,"Progyny, Inc.",Health Care,Health Care Providers & Services,Small Cap
PH,Parker-Hannifin Corporation,Industrials,Machinery,Large Cap
PHAT,"Phathom Pharmaceuticals, Inc.",Health Care,Biotechnology,Small Cap
PHM,"PulteGroup, Inc.",Consumer Discretionary,Household Durables,Large Cap
PHR,"Phreesia, Inc.",Health Care,Health Care Technology,Small Cap
PI,"Impinj, Inc.",Information Technology,Communications Equipment,Mid Cap
PII,Polaris Inc.,Consumer Discretionary,Automobiles,Mid Cap
PINS,"Pinterest, Inc.",Communication Services,Interactive Media & Services,Large Cap
PKE,Park Aerospace Corp.,Industrials,Aerospace & Defense,Small Cap
PKG,Packaging Corporation of America,Materials,Containers & Packaging,Large Cap
PKOH,Park-Ohio Holdings Corp.,Industrials,Trading Companies & Distributors,Small Cap
PLAB,"Photronics, Inc.",Information Technology,Semiconductors & Semiconductor Equipment,Small Cap
PLNT,"Planet Fitness, Inc. Class A",Consumer Discretionary,"Hotels, Restaurants & Leisure",Mid Cap
PLOW,"Douglas Dynamics, Inc.",Consumer Discretionary,Auto Components,Small Cap
PLPC,Preformed Line Products Company,Industrials,Electrical Equipment,Mid Cap
PLSE,"Pulse Biosciences, Inc.",Health Care,Health Care Equipment & Supplies,Mid Cap
PLTR,Palantir Technologies Inc. Class A,Information Technology,Software,Mega Cap
PLUG,Plug Power Inc.,Industrials,Electrical Equipment,Mid Cap
PLUS,ePlus inc.,Information Technology,Software,Mid Cap
PLXS,Plexus Corp.,Information Technology,"Electronic Equipment, Instruments & Components",Mid Cap
PM,Philip Morris International Inc.,Consumer Staples,Tobacco,Mega Cap
PNRG,PrimeEnergy Resources Corporation,Energy,"Oil, Gas & Consumable Fuels",Small Cap
PNTG,Pennant Group Inc,Health Care,Health Care Providers & Services,Small Cap
PODD,Insulet Corporation,Health Care,Health Care Equipment & Supplies,Mid Cap
POOL,Pool Corporation,Consumer Discretionary,"Hotels, Restaurants & Leisure",Mid Cap
POR,Portland General Electric Company,Industrials,Machinery,Mid Cap
POST,"Post Holdings, Inc.",Consumer Staples,Food Products,Mid Cap
POWI,"Power Integrations, Inc.",Information Technology,Semiconductors & Semiconductor Equipment,Mid Cap
POWL,"Powell Industries, Inc.",Industrials,Electrical Equipment,Mid Cap
POWWP,Outdoor Holding Company - 8.75% Series A Cumulative Redeemable Perpetual Preferred Stock,Industrials,Aerospace & Defense,Mid Cap
PPC,Pilgrim's Pride Corporation,Consumer Staples,Food Products,Mid Cap
PPG,"PPG Industries, Inc.",Materials,Chemicals,Large Cap
PPHC,Public Policy Holding Company Inc. Common Stock,Industrials,Professional Services,Small Cap
PPLI,People Incorporated Common Stock,Communication Services,Interactive Media & Services,Mid Cap
PPTA,Perpetua Resources Corp.,Materials,Metals & Mining,Mid Cap
PR,Permian Resources Corporation Class A Common Stock,Energy,"Oil, Gas & Consumable Fuels",Large Cap
PRAH,"PRA Health Sciences, Inc.",Health Care,Biotechnology,Large Cap
PRAX,"Praxis Precision Medicines, Inc.",Health Care,Biotechnology,Mid Cap
PRCH,Porch Group Inc.,Information Technology,Software,Mid Cap
PRCT,PROCEPT BioRobotics Corporation Common Stock,Health Care,Biotechnology,Small Cap
PRDO,Perdoceo Education Corporation,Consumer Discretionary,Diversified Consumer Services,Small Cap
PRG,"PROG Holdings, Inc.",Industrials,Commercial Services & Supplies,Small Cap
PRGS,Progress Software Corporation,Information Technology,Software,Small Cap
PRIM,Primoris Services Corporation,Industrials,Construction & Engineering,Mid Cap
PRKS,United Parks & Resorts Inc. Common Stock,Health Care,Health Care Technology,Small Cap
PRLB,"Proto Labs, Inc.",Industrials,Building Products,Mid Cap
PRLD,Prelude Therapeutics Incorporated,Health Care,Biotechnology,Small Cap
PRM,Perimeter Solutions SA Ordinary Shares,Communication Services,Diversified Telecommunication Services,Mid Cap
PRME,Prime Medicine Inc. Common Stock,Health Care,Biotechnology,Small Cap
PROK,ProKidney Corp. Class A Ordinary Shares,Health Care,Biotechnology,Small Cap
PRSP,Perspecta Inc.,Information Technology,IT Services,Mid Cap
PRSU,Pursuit Attractions and Hospitality Inc. Common Stock,Industrials,Professional Services,Small Cap
PRTH,"Priority Technology Holdings, Inc.",Information Technology,IT Services,Small Cap
PRVA,"Privia Health Group, Inc.",Health Care,Health Care Technology,Mid Cap
PSKY,Paramount Skydance Corporation Class B Common Stock,Communication Services,Media,Large Cap
PSMT,"PriceSmart, Inc.",Consumer Staples,Household Products,Mid Cap
PSN,Parsons Corporation,Industrials,Machinery,Mid Cap
PSNL,"Personalis, Inc.",Health Care,Biotechnology,Small Cap
PSX,Phillips 66,Energy,"Oil, Gas & Consumable Fuels",Large Cap
PTC,PTC Inc.,Information Technology,Software,Large Cap
PTCT,"PTC Therapeutics, Inc.",Health Care,Biotechnology,Mid Cap
PTEN,"Patterson-UTI Energy, Inc.",Energy,Energy Equipment & Services,Mid Cap
PTGX,"Protagonist Therapeutics, Inc.",Health Care,Biotechnology,Mid Cap
PTON,"Peloton Interactive, Inc. Class A",Consumer Discretionary,"Hotels, Restaurants & Leisure",Mid Cap
PTRN,Pattern Group Inc. Series A Common Stock,Information Technology,Software,Mid Cap
PUBM,"PubMatic, Inc.",Information Technology,Software,Small Cap
PUMP,ProPetro Holding Corp.,Energy,Energy Equipment & Services,Small Cap
PURR,Hyperliquid Strategies Inc Common Stock,Health Care,Biotechnology,Mid Cap
PUSA,Aureus Greenway Holdings Inc. Common Stock,Consumer Discretionary,"Hotels, Restaurants & Leisure",Small Cap
PVH,PVH Corp.,Consumer Discretionary,"Textiles, Apparel & Luxury Goods",Mid Cap
PVLA,Palvella Therapeutics Inc. Common Stock,Health Care,Biotechnology,Small Cap
PWR,"Quanta Services, Inc.",Industrials,Construction & Engineering,Large Cap
PXED,Phoenix Education Partners Inc. Common Stock,Consumer Discretionary,Diversified Consumer Services,Small Cap
PZZA,"Papa John's International, Inc.",Consumer Discretionary,"Hotels, Restaurants & Leisure",Small Cap
QBTS,D-Wave Quantum Inc. Common Shares,Information Technology,Software,Mid Cap
QCOM,QUALCOMM Incorporated,Information Technology,Semiconductors & Semiconductor Equipment,Large Cap
QDEL,QuidelOrtho Corporation,Health Care,Biotechnology,Small Cap
QLYS,"Qualys, Inc.",Information Technology,Software,Mid Cap
QMCO,Quantum Corporation,Information Technology,"Technology Hardware, Storage & Peripherals",Small Cap
QNST,"QuinStreet, Inc.",Communication Services,Media,Small Cap
QNT,Quantinuum Inc. Class A Common Stock,Information Technology,Software,Large Cap
QRVO,"Qorvo, Inc.",Information Technology,Semiconductors & Semiconductor Equipment,Large Cap
QS,QuantumScape Corporation,Consumer Discretionary,Auto Components,Mid Cap
QTWO,"Q2 Holdings, Inc.",Information Technology,Software,Mid Cap
QUAD,"Quad/Graphics, Inc.",Industrials,Professional Services,Small Cap
QVCG,QVC Group Inc. Common Stock,Consumer Discretionary,Internet & Direct Marketing Retail,Small Cap
QXO,QXO Inc. Common Stock,Information Technology,Software,Large Cap
R,"Ryder System, Inc.",Information Technology,Software,Mid Cap
RAMP,"LiveRamp Holdings, Inc.",Information Technology,IT Services,Mid Cap
RAPP,Rapport Therapeutics Inc. Common Stock,Health Care,Biotechnology,Small Cap
RARE,Ultragenyx Pharmaceutical Inc.,Health Care,Biotechnology,Small Cap
RBA,"RB Global, Inc.",Industrials,Professional Services,Large Cap
RBBN,"Ribbon Communications, Inc.",Communication Services,Diversified Telecommunication Services,Small Cap
RBLX,Roblox Corporation,Communication Services,Entertainment,Large Cap
RBRK,Rubrik Inc. Class A Common Stock,Information Technology,Software,Large Cap
RCAT,"Red Cat Holdings, Inc.",Information Technology,"Technology Hardware, Storage & Peripherals",Small Cap
RCEL,"AVITA Medical, Inc.",Health Care,Health Care Equipment & Supplies,Small Cap
RCKY,"Rocky Brands, Inc.",Consumer Discretionary,"Textiles, Apparel & Luxury Goods",Small Cap
RCL,Royal Caribbean Group,Consumer Discretionary,"Hotels, Restaurants & Leisure",Large Cap
RCUS,"Arcus Biosciences, Inc.",Health Care,Biotechnology,Mid Cap
RDDT,Reddit Inc. Class A Common Stock,Communication Services,Interactive Media & Services,Large Cap
RDIB,"Reading International, Inc.",Communication Services,Entertainment,Small Cap
RDNT,"RadNet, Inc.",Health Care,Biotechnology,Mid Cap
RDVT,"Red Violet, Inc.",Information Technology,Software,Small Cap
RDW,Redwire Corporation Common Stock,Industrials,Aerospace & Defense,Mid Cap
REAL,"The RealReal, Inc.",Consumer Discretionary,Specialty Retail,Small Cap
REF,Reformation Inc. Common Stock,Consumer Discretionary,"Textiles, Apparel & Luxury Goods",Small Cap
REGN,"Regeneron Pharmaceuticals, Inc.",Health Care,Biotechnology,Large Cap
REI,"Ring Energy, Inc.",Energy,"Oil, Gas & Consumable Fuels",Small Cap
RELY,Remitly Global Inc. Common Stock,Information Technology,Software,Mid Cap
REPL,"Replimune Group, Inc.",Health Care,Biotechnology,Small Cap
REPX,"Riley Exploration Permian, Inc.",Energy,"Oil, Gas & Consumable Fuels",Small Cap
RES,"RPC, Inc.",Energy,Energy Equipment & Services,Small Cap
REX,REX American Resources Corporation,Materials,Metals & Mining,Small Cap
REYN,Reynolds Consumer Products Inc,Consumer Discretionary,Distributors,Mid Cap
REZI,"Resideo Technologies, Inc.",Industrials,Professional Services,Mid Cap
RGEN,Repligen Corporation,Health Care,Health Care Equipment & Supplies,Mid Cap
RGLD,"Royal Gold, Inc.",Materials,Metals & Mining,Large Cap
RGNX,REGENXBIO Inc.,Health Care,Biotechnology,Small Cap
RGR,"Sturm, Ruger & Company, Inc.",Industrials,Aerospace & Defense,Small Cap
RGTI,Rigetti Computing Inc. Common Stock,Information Technology,Software,Mid Cap
RH,RH,Consumer Discretionary,Specialty Retail,Mid Cap
RHI,Robert Half International Inc.,Industrials,Professional Services,Mid Cap
RIGL,"Rigel Pharmaceuticals, Inc.",Health Care,Biotechnology,Small Cap
RIOT,"Riot Platforms, Inc.",Information Technology,Software,Mid Cap
RIVN,Rivian Automotive Inc. Class A Common Stock,Consumer Discretionary,Automobiles,Large Cap
RJET,Republic Airways Holdings Inc. Common Stock,Industrials,Airlines,Small Cap
RKLB,Rocket Lab USA Inc. Common Stock,Industrials,Aerospace & Defense,Large Cap
RL,Ralph Lauren Corporation Class A,Consumer Discretionary,"Textiles, Apparel & Luxury Goods",Large Cap
RLAY,"Relay Therapeutics, Inc.",Health Care,Biotechnology,Mid Cap
RLGT,"Radiant Logistics, Inc.",Industrials,Air Freight & Logistics,Small Cap
RLMD,Relmada Therapeutics Inc,Health Care,Pharmaceuticals,Small Cap
RMBS,Rambus Inc.,Information Technology,Semiconductors & Semiconductor Equipment,Large Cap
RMD,ResMed Inc.,Health Care,Health Care Equipment & Supplies,Large Cap
RMIX,Suncrete Inc. Class A Common Stock,Materials,Construction Materials,Small Cap
RMNI,"Rimini Street, Inc.",Information Technology,Software,Small Cap
RNG,"RingCentral, Inc. Class A",Information Technology,Software,Mid Cap
RNGR,"Ranger Energy Services, Inc.",Energy,Energy Equipment & Services,Small Cap
ROAD,"Construction Partners, Inc. Class A",Industrials,Construction & Engineering,Mid Cap
ROCK,"Gibraltar Industries, Inc.",Industrials,Machinery,Small Cap
ROG,Rogers Corporation,Information Technology,"Electronic Equipment, Instruments & Components",Mid Cap
ROK,"Rockwell Automation, Inc.",Industrials,Machinery,Large Cap
ROKU,"Roku, Inc. Class A",Communication Services,Entertainment,Large Cap
ROL,"Rollins, Inc.",Consumer Discretionary,"Hotels, Restaurants & Leisure",Large Cap
ROP,"Roper Technologies, Inc.",Industrials,Machinery,Large Cap
ROST,"Ross Stores, Inc.",Consumer Discretionary,Specialty Retail,Large Cap
RPAY,Repay Holdings Corporation,Information Technology,Software,Small Cap
RPD,"Rapid7, Inc.",Information Technology,Software,Small Cap
RPM,RPM International Inc.,Materials,Chemicals,Large Cap
RPRX,Royalty Pharma Plc Class A,Health Care,Biotechnology,Large Cap
RR,Richtech Robotics Inc. Class B Common Stock,Industrials,Machinery,Small Cap
RRC,Range Resources Corporation,Energy,"Oil, Gas & Consumable Fuels",Mid Cap
RRR,"Red Rock Resorts, Inc.",Consumer Discretionary,"Hotels, Restaurants & Leisure",Mid Cap
RRX,Regal Rexnord Corporation Common Stock,Energy,Energy Equipment & Services,Large Cap
RS,Reliance Steel & Aluminum Co.,Materials,Metals & Mining,Large Cap
RSG,"Republic Services, Inc.",Industrials,Commercial Services & Supplies,Large Cap
RSI,"Rush Street Interactive, Inc.",Consumer Discretionary,"Hotels, Restaurants & Leisure",Mid Cap
RSVR,Reservoir Media Inc. Common Stock,Consumer Discretionary,"Hotels, Restaurants & Leisure",Small Cap
RTX,RTX Corporation,Industrials,Aerospace & Defense,Mega Cap
RUM,Rumble Inc. Class A Common Stock,Information Technology,Software,Mid Cap
RUN,Sunrun Inc.,Information Technology,"Technology Hardware, Storage & Peripherals",Small Cap
RUSHA,"Rush Enterprises, Inc.",Consumer Discretionary,Specialty Retail,Mid Cap
RUSHB,"Rush Enterprises, Inc.",Consumer Discretionary,Specialty Retail,Mid Cap
RVLV,"Revolve Group, Inc.",Consumer Discretionary,Internet & Direct Marketing Retail,Small Cap
RVMD,"Revolution Medicines, Inc.",Health Care,Biotechnology,Large Cap
RVTY,Revvity Inc. Common Stock,Health Care,Biotechnology,Large Cap
RXO,RXO Inc. Common Stock,Industrials,Road & Rail,Mid Cap
RXRX,"Recursion Pharmaceuticals, Inc.",Health Care,Biotechnology,Mid Cap
RXT,"Rackspace Technology, Inc.",Information Technology,Software,Small Cap
RYAM,Rayonier Advanced Materials Inc,Materials,Chemicals,Small Cap
RYTM,"Rhythm Pharmaceuticals, Inc.",Health Care,Biotechnology,Mid Cap
RYZ,Ryerson Holding Corporation Common Stock,Energy,Energy Equipment & Services,Small Cap
RZLT,"Rezolute, Inc.",Health Care,Biotechnology,Small Cap
S,SentinelOne Inc. Class A Common Stock,Information Technology,Software,Mid Cap
SABR,Sabre Corporation,Information Technology,IT Services,Small Cap
SAH,"Sonic Automotive, Inc.",Consumer Discretionary,Specialty Retail,Small Cap
SAIA,"Saia, Inc.",Industrials,Road & Rail,Mid Cap
SAIC,Science Applications International Corporation,Information Technology,IT Services,Mid Cap
SAM,"Boston Beer Company, Inc. Class A",Consumer Staples,Beverages,Small Cap
SANA,"Sana Biotechnology, Inc.",Health Care,Biotechnology,Small Cap
SANM,Sanmina Corporation,Information Technology,"Electronic Equipment, Instruments & Components",Large Cap
SARO,StandardAero Inc. Common Stock,Industrials,Aerospace & Defense,Mid Cap
SBC,SBC Medical Group Holdings Incorporated Common Stock,Health Care,Health Care Equipment & Supplies,Small Cap
SBGI,"Sinclair Broadcast Group, Inc.",Communication Services,Media,Small Cap
SBH,"Sally Beauty Holdings, Inc.",Consumer Discretionary,Specialty Retail,Small Cap
SBR,Sabine Royalty Trust,Energy,"Oil, Gas & Consumable Fuels",Small Cap
SBUX,Starbucks Corporation,Consumer Discretionary,"Hotels, Restaurants & Leisure",Large Cap
SCCO,Southern Copper Corporation,Materials,Metals & Mining,Large Cap
SCHL,Scholastic Corporation,Communication Services,Media,Small Cap
SCI,Service Corporation International,Consumer Discretionary,Diversified Consumer Services,Large Cap
SCL,Stepan Company,Materials,Chemicals,Small Cap
SCSC,"ScanSource, Inc.",Information Technology,"Electronic Equipment, Instruments & Components",Small Cap
SCTX,Scribe Therapeutics Inc. Common Stock,Health Care,Biotechnology,Small Cap
SD,"SandRidge Energy, Inc.",Energy,"Oil, Gas & Consumable Fuels",Small Cap
SDGR,"Schrödinger, Inc.",Health Care,Health Care Providers & Services,Mid Cap
SDHC,Smith Douglas Homes Corp. Class A Common Stock,Industrials,,Small Cap
SEB,Seaboard Corporation,Industrials,Industrial Conglomerates,Mid Cap
SEI,Solaris Energy Infrastructure Inc. Class A Common Stock,Energy,Energy Equipment & Services,Mid Cap
SENEA,Seneca Foods Corporation,Consumer Staples,Food Products,Small Cap
SENEB,Seneca Foods Corporation,Consumer Staples,Food Products,Small Cap
SENS,"Senseonics Holdings, Inc.",Health Care,Biotechnology,Small Cap
SEPN,Septerna Inc. Common Stock,Health Care,Biotechnology,Small Cap
SERV,Serve Robotics Inc. Common Stock,Materials,Chemicals,Small Cap
SFD,Smithfield Foods Inc. Common Stock,Consumer Staples,Food Products,Mid Cap
SFIX,"Stitch Fix, Inc.",Consumer Discretionary,Specialty Retail,Small Cap
SFM,"Sprouts Farmers Market, Inc.",Consumer Staples,Food & Staples Retailing,Mid Cap
SG,Sweetgreen Inc. Class A Common Stock,Consumer Discretionary,"Hotels, Restaurants & Leisure",Small Cap
SGHT,Sight Sciences Inc. Common Stock,Health Care,Biotechnology,Small Cap
SGI,Somnigroup International Inc. Common Stock,Consumer Discretionary,Household Durables,Large Cap
SGMT,Sagimet Biosciences Inc. Series A Common Stock,Information Technology,Semiconductors & Semiconductor Equipment,Small Cap
SGP,SpyGlass Pharma Inc. Common Stock,Health Care,Health Care Technology,Small Cap
SGRY,"Surgery Partners, Inc.",Health Care,Health Care Providers & Services,Small Cap
SGU,"Star Group, L.P.",Energy,"Oil, Gas & Consumable Fuels",Small Cap
SHAK,Shake Shack Inc.,Consumer Discretionary,"Hotels, Restaurants & Leisure",Mid Cap
SHAZ,SharonAI Holdings Inc. Class A Common Stock,Information Technology,Software,Small Cap
SHC,Sotera Health Company,Health Care,Biotechnology,Mid Cap
SHEN,Shenandoah Telecommunications Company,Communication Services,Diversified Telecommunication Services,Small Cap
SHLS,"Shoals Technologies Group, Inc.",Information Technology,"Technology Hardware, Storage & Peripherals",Small Cap
SHOE,Shoe Station Group Inc. Common Stock,Consumer Discretionary,Specialty Retail,Small Cap
SHOO,"Steven Madden, Ltd.",Consumer Discretionary,"Textiles, Apparel & Luxury Goods",Mid Cap
SHW,Sherwin-Williams Company,Materials,Chemicals,Large Cap
SIBN,"SI-BONE, Inc.",Health Care,Health Care Equipment & Supplies,Small Cap
SIRI,Sirius XM Holdings Inc.,Communication Services,Media,Mid Cap
SITE,"SiteOne Landscape Supply, Inc.",Industrials,Trading Companies & Distributors,Mid Cap
SITM,SiTime Corporation,Information Technology,Semiconductors & Semiconductor Equipment,Large Cap
SJM,J.M. Smucker Company,Consumer Staples,Food Products,Large Cap
SKY,"Champion Homes, Inc.",Consumer Discretionary,Household Durables,Mid Cap
SKYH,Sky Harbour Group Corporation Class A Common Stock,Industrials,Aerospace & Defense,Small Cap
SKYW,"SkyWest, Inc.",Industrials,Airlines,Mid Cap
SLAB,Silicon Laboratories Inc.,Information Technology,Semiconductors & Semiconductor Equipment,Mid Cap
SLB,Slb N.V.,Energy,Energy Equipment & Services,Large Cap
SLDB,Solid Biosciences Inc.,Health Care,Pharmaceuticals,Small Cap
SLDP,Solid Power Inc. Class A Common Stock,Industrials,Electrical Equipment,Small Cap
SLGN,Silgan Holdings Inc.,Materials,Containers & Packaging,Mid Cap
SLNHP,Soluna Holdings Inc 9.0% Series A Cumulative Perpetual Preferred Stock,Information Technology,Software,Mid Cap
SLP,"Simulations Plus, Inc.",Health Care,Health Care Providers & Services,Small Cap
SLS,"SELLAS Life Sciences Group, Inc.",Health Care,Biotechnology,Mid Cap
SLVM,Sylvamo Corporation Common Stock,Materials,Paper & Forest Products,Small Cap
SM,SM Energy Company,Energy,"Oil, Gas & Consumable Fuels",Mid Cap
SMC,Summit Midstream Corporation Common Stock,Energy,"Oil, Gas & Consumable Fuels",Small Cap
SMCI,"Super Micro Computer, Inc.",Information Technology,"Technology Hardware, Storage & Peripherals",Large Cap
SMCIP,Super Micro Computer Inc. Depositary Shares representing a 1/20th Interest in a Share of 7% Series A Mandatory Convertible Preferred Stock,Information Technology,"Technology Hardware, Storage & Peripherals",Large Cap
SMG,The Scotts Miracle-Gro Company,Materials,Chemicals,Mid Cap
SMMT,Summit Therapeutics Inc.,Health Care,Biotechnology,Large Cap
SMP,"Standard Motor Products, Inc.",Consumer Discretionary,Auto Components,Small Cap
SMPL,The Simply Good Foods Company,Consumer Staples,Food Products,Small Cap
SMR,NuScale Power Corporation Class A Common Stock,Industrials,Electrical Equipment,Mid Cap
SMTC,Semtech Corporation,Information Technology,Semiconductors & Semiconductor Equipment,Large Cap
SMTI,Sanara MedTech Inc.,Health Care,Health Care Equipment & Supplies,Small Cap
SNA,Snap-on Incorporated,Industrials,Machinery,Large Cap
SNAP,Snap Inc.,Communication Services,Interactive Media & Services,Mid Cap
SNDA,Sonida Senior Living Inc. Common Stock,Health Care,Health Care Providers & Services,Small Cap
SNDK,Sandisk Corporation Common Stock,Information Technology,"Electronic Equipment, Instruments & Components",Mega Cap
SNDR,"Schneider National, Inc.",Industrials,Road & Rail,Mid Cap
SNDX,Syndax Pharmaceuticals Inc,Health Care,Biotechnology,Small Cap
SNOW,"Snowflake, Inc.",Information Technology,Software,Large Cap
SNPS,"Synopsys, Inc.",Information Technology,Software,Large Cap
SNX,TD SYNNEX Corporation,Information Technology,IT Services,Large Cap
SOLV,Solventum Corporation Common Stock,Health Care,Health Care Technology,Large Cap
SOMN,Southern Company (The) 2025 Series A Corporate Units,Materials,Metals & Mining,Large Cap
SON,Sonoco Products Company,Materials,Containers & Packaging,Mid Cap
SONO,"Sonos, Inc.",Information Technology,"Electronic Equipment, Instruments & Components",Mid Cap
SOUN,SoundHound AI Inc Class A Common Stock,Information Technology,Software,Mid Cap
SPB,"Spectrum Brands Holdings, Inc.",Consumer Staples,Household Products,Small Cap
SPCE,"Virgin Galactic Holdings, Inc.",Industrials,Aerospace & Defense,Small Cap
SPCX,Space Exploration Technologies Corp. Class A Common Stock,Industrials,Aerospace & Defense,Mega Cap
SPHR,Sphere Entertainment Co.,Consumer Discretionary,,Mid Cap
SPRY,ARS Pharmaceuticals Inc. Common Stock,Health Care,Biotechnology,Small Cap
SPSC,"SPS Commerce, Inc.",Information Technology,Software,Mid Cap
SPT,"Sprout Social, Inc.",Information Technology,Software,Small Cap
SPTX,Seaport Therapeutics Inc. Common Stock,Health Care,Biotechnology,Small Cap
SPXC,SPX Corporation,Industrials,Machinery,Mid Cap
SRPT,"Sarepta Therapeutics, Inc.",Health Care,Biotechnology,Small Cap
SRRK,Scholar Rock Holding Corporation,Health Care,Biotechnology,Mid Cap
SRTA,Strata Critical Medical Inc. Class A Common Stock,Health Care,Health Care Providers & Services,Small Cap
SRZN,Surrozen Inc. Common Stock,Health Care,Biotechnology,Small Cap
SSD,"Simpson Manufacturing Co., Inc.",Industrials,Building Products,Mid Cap
SSMR,Sunshine Silver Mining & Refining Company Common Stock,Materials,Metals & Mining,Mid Cap
SSNC,"SS&C Technologies Holdings, Inc.",Industrials,Construction & Engineering,Large Cap
SSYS,Stratasys Ltd.,Information Technology,"Technology Hardware, Storage & Peripherals",Small Cap
ST,Sensata Technologies Holding plc,Information Technology,"Electronic Equipment, Instruments & Components",Mid Cap
STAA,STAAR Surgical Company,Health Care,Health Care Equipment & Supplies,Small Cap
STDN,Standard Nuclear Inc. Class A Common Stock,Materials,Chemicals,Mid Cap
STLD,"Steel Dynamics, Inc.",Materials,Metals & Mining,Large Cap
STLN,Starling Oncology Inc. Common Stock,Health Care,Health Care Providers & Services,Small Cap
STMP,Stamps.com Inc.,Information Technology,Software,Mid Cap
STNE,StoneCo Ltd.,Information Technology,Software,Mid Cap
STOK,"Stoke Therapeutics, Inc.",Health Care,Biotechnology,Small Cap
STRA,"Strategic Education, Inc.",Consumer Discretionary,Diversified Consumer Services,Small Cap
STRD,Strategy Inc,Information Technology,Software,Large Cap
STRF,MicroStrategy Incorporated 10.00% Series A Perpetual Strife Preferred Stock,Information Technology,Software,Large Cap
STRK,Strategy Inc,Information Technology,Software,Large Cap
STRL,"Sterling Construction Company, Inc.",Industrials,Construction & Engineering,Large Cap
STTK,"Shattuck Labs, Inc.",Health Care,Biotechnology,Small Cap
STUB,StubHub Holdings Inc. Class A Common Stock,Consumer Discretionary,"Hotels, Restaurants & Leisure",Mid Cap
STZ,"Constellation Brands, Inc.",Consumer Staples,Beverages,Large Cap
SUJA,Suja Life Inc. Class A Common Stock,Consumer Staples,Beverages,Small Cap
SUN,Sunoco LP,Energy,"Oil, Gas & Consumable Fuels",Mid Cap
SUNB,Sunbelt Rentals Holdings Inc. Common Stock,Industrials,Professional Services,Large Cap
SUPN,"Supernus Pharmaceuticals, Inc.",Health Care,Pharmaceuticals,Mid Cap
SVCO,Silvaco Group Inc. Common Stock,Information Technology,Semiconductors & Semiconductor Equipment,Small Cap
SVMK,SVMK Inc.,Information Technology,Software,Mid Cap
SVRA,Savara Inc.,Health Care,Biotechnology,Small Cap
SVV,Savers Value Village Inc. Common Stock,Consumer Discretionary,Automobiles,Small Cap
SWBI,"Smith & Wesson Brands, Inc.",Industrials,Aerospace & Defense,Small Cap
SWIM,"Latham Group, Inc.",Industrials,Building Products,Small Cap
SWK,"Stanley Black & Decker, Inc.",Industrials,Machinery,Large Cap
SWKS,"Skyworks Solutions, Inc.",Information Technology,Semiconductors & Semiconductor Equipment,Large Cap
SXC,"SunCoke Energy, Inc.",Materials,Metals & Mining,Small Cap
SXI,Standex International Corporation,Industrials,Machinery,Mid Cap
SXT,Sensient Technologies Corporation,Materials,Chemicals,Mid Cap
SYK,Stryker Corporation,Health Care,Health Care Equipment & Supplies,Large Cap
SYNA,Synaptics Incorporated,Information Technology,Semiconductors & Semiconductor Equipment,Mid Cap
SYRE,Spyre Therapeutics Inc. Common Stock,Health Care,Biotechnology,Mid Cap
SYY,Sysco Corporation,Consumer Staples,Food & Staples Retailing,Large Cap
T,AT&T Inc.,Communication Services,Diversified Telecommunication Services,Large Cap
TACO,Berto Acquisition Corp.,Consumer Discretionary,"Hotels, Restaurants & Leisure",Small Cap
TALO,Talos Energy Inc.,Energy,"Oil, Gas & Consumable Fuels",Mid Cap
TAP,Molson Coors Beverage Company,Consumer Staples,Beverages,Mid Cap
TARS,"Tarsus Pharmaceuticals, Inc.",Health Care,Biotechnology,Mid Cap
TASK,TaskUs Inc. Class A Common Stock,Information Technology,Software,Small Cap
TBB,AT&T Inc. 5.35% GLB NTS 66,Communication Services,Diversified Telecommunication Services,Large Cap
TCMD,"Tactile Systems Technology, Inc.",Health Care,Health Care Equipment & Supplies,Small Cap
TDAY,USA TODAY Co. Inc. Common Stock,Communication Services,Media,Small Cap
TDC,Teradata Corporation,Information Technology,IT Services,Mid Cap
TDG,TransDigm Group Incorporated,Industrials,Aerospace & Defense,Large Cap
TDOC,"Teladoc Health, Inc.",Health Care,Health Care Technology,Small Cap
TDS,"Telephone and Data Systems, Inc.",Communication Services,Diversified Telecommunication Services,Mid Cap
TDW,Tidewater Inc.,Energy,Energy Equipment & Services,Mid Cap
TDY,Teledyne Technologies Incorporated,Information Technology,"Electronic Equipment, Instruments & Components",Large Cap
TECH,Bio-Techne Corporation,Health Care,Biotechnology,Large Cap
TECX,Tectonic Therapeutic Inc. Common Stock,Health Care,Biotechnology,Small Cap
TEM,Tempus AI Inc. Class A Common Stock,Communication Services,Diversified Telecommunication Services,Large Cap
TENB,"Tenable Holdings, Inc.",Consumer Discretionary,Internet & Direct Marketing Retail,Mid Cap
TER,"Teradyne, Inc.",Information Technology,Semiconductors & Semiconductor Equipment,Large Cap
TEX,Terex Corporation,Industrials,Machinery,Mid Cap
TFX,Teleflex Incorporated,Health Care,Health Care Equipment & Supplies,Mid Cap
TGT,Target Corporation,Consumer Discretionary,Multiline Retail,Large Cap
TGTX,"TG Therapeutics, Inc.",Health Care,Biotechnology,Mid Cap
TH,Target Hospitality Corp.,Energy,Energy Equipment & Services,Small Cap
THC,Tenet Healthcare Corporation,Health Care,Health Care Providers & Services,Large Cap
THO,"Thor Industries, Inc.",Consumer Discretionary,Automobiles,Mid Cap
THRM,Gentherm Incorporated,Consumer Discretionary,Auto Components,Small Cap
TILE,"Interface, Inc.",Consumer Discretionary,Household Durables,Mid Cap
TITN,Titan Machinery Inc.,Industrials,Trading Companies & Distributors,Small Cap
TJX,TJX Companies Inc,Consumer Discretionary,Specialty Retail,Large Cap
TKNO,Alpha Teknova Inc. Common Stock,Health Care,Biotechnology,Small Cap
TKO,TKO Group Holdings Inc. Class A Common Stock,Communication Services,Entertainment,Large Cap
TKR,Timken Company,Industrials,Machinery,Mid Cap
TLK,Perusahaan Perseroan (Persero) PT Telekomunikasi Indonesia Tbk,Communication Services,Diversified Telecommunication Services,Large Cap
TLS,Telos Corporation,Information Technology,IT Services,Small Cap
TMDX,"TransMedics Group, Inc.",Health Care,Health Care Equipment & Supplies,Mid Cap
TMO,Thermo Fisher Scientific Inc.,Health Care,Biotechnology,Mega Cap
TMUS,"T-Mobile US, Inc.",Communication Services,Diversified Telecommunication Services,Large Cap
TNC,Tennant Company,Industrials,Machinery,Small Cap
TNDM,"Tandem Diabetes Care, Inc.",Health Care,Health Care Equipment & Supplies,Small Cap
TNET,"TriNet Group, Inc.",Industrials,Professional Services,Mid Cap
TNGX,Tango Therapeutics Inc.,Health Care,Biotechnology,Mid Cap
TNL,Travel + Leisure Co.,Consumer Discretionary,"Hotels, Restaurants & Leisure",Mid Cap
TOL,"Toll Brothers, Inc.",Consumer Discretionary,Household Durables,Large Cap
TOST,Toast Inc. Class A Common Stock,Information Technology,Software,Large Cap
TPB,Turning Point Brands Inc,Consumer Staples,Tobacco,Small Cap
TPC,Tutor Perini Corporation,Industrials,Construction & Engineering,Mid Cap
TPL,Texas Pacific Land Corporation,Energy,"Oil, Gas & Consumable Fuels",Large Cap
TPR,"Tapestry, Inc.",Consumer Discretionary,"Textiles, Apparel & Luxury Goods",Large Cap
TR,"Tootsie Roll Industries, Inc.",Consumer Staples,Food Products,Mid Cap
TRAX,First Tracks Biotherapeutics Inc. Ordinary Shares,Health Care,Biotechnology,Small Cap
TRC,Tejon Ranch Co.,Industrials,Industrial Conglomerates,Small Cap
TREX,"Trex Company, Inc.",Industrials,Building Products,Mid Cap
TRGP,Targa Resources Corp.,Energy,"Oil, Gas & Consumable Fuels",Large Cap
TRIP,"TripAdvisor, Inc.",Consumer Discretionary,"Hotels, Restaurants & Leisure",Small Cap
TRLV,Trulieve Cannabis Corp. Subordinate Voting Shares,Health Care,Biotechnology,Mid Cap
TRMB,Trimble Inc.,Information Technology,"Electronic Equipment, Instruments & Components",Large Cap
TRN,"Trinity Industries, Inc.",Industrials,Road & Rail,Mid Cap
TRNS,"Transcat, Inc.",Industrials,Trading Companies & Distributors,Small Cap
TROX,Tronox Holdings plc,Materials,Chemicals,Small Cap
TRS,TriMas Corporation,Industrials,Machinery,Small Cap
TRU,TransUnion,Industrials,Professional Services,Large Cap
TRVI,"Trevi Therapeutics, Inc.",Health Care,Biotechnology,Small Cap
TSCO,Tractor Supply Company,Consumer Discretionary,Specialty Retail,Large Cap
TSHA,"Taysha Gene Therapies, Inc.",Health Care,Biotechnology,Small Cap
TSLA,"Tesla, Inc.",Consumer Discretionary,Automobiles,Mega Cap
TSN,"Tyson Foods, Inc. Class A",Consumer Staples,Food Products,Large Cap
TTAN,ServiceTitan Inc. Class A Common Stock,Information Technology,Software,Mid Cap
TTC,The Toro Company,Industrials,Machinery,Mid Cap
TTD,"The Trade Desk, Inc.",Information Technology,Software,Mid Cap
TTEK,"Tetra Tech, Inc.",Industrials,Construction & Engineering,Mid Cap
TTI,"TETRA Technologies, Inc.",Energy,Energy Equipment & Services,Small Cap
TTMI,"TTM Technologies, Inc.",Information Technology,"Electronic Equipment, Instruments & Components",Large Cap
TTRX,Turn Therapeutics Inc. Common Stock,Health Care,Biotechnology,Small Cap
TTWO,"Take-Two Interactive Software, Inc.",Communication Services,Entertainment,Large Cap
TVTX,"Travere Therapeutics, Inc.",Health Care,Biotechnology,Mid Cap
TVTY,"Tivity Health, Inc.",Health Care,Health Care Providers & Services,Small Cap
TWI,"Titan International, Inc.",Industrials,Machinery,Small Cap
TWIN,"Twin Disc, Incorporated",Industrials,Machinery,Small Cap
TWLO,Twilio Inc.,Communication Services,Diversified Telecommunication Services,Large Cap
TWST,Twist Bioscience Corp.,Health Care,Biotechnology,Large Cap
TXG,"10x Genomics, Inc.",Health Care,Health Care Providers & Services,Large Cap
TXN,Texas Instruments Incorporated,Information Technology,Semiconductors & Semiconductor Equipment,Mega Cap
TXO,"TXO Partners, L.P.",Energy,"Oil, Gas & Consumable Fuels",Small Cap
TXRH,"Texas Roadhouse, Inc.",Consumer Discretionary,"Hotels, Restaurants & Leisure",Large Cap
TXT,Textron Inc.,Industrials,Aerospace & Defense,Large Cap
TYL,"Tyler Technologies, Inc.",Information Technology,Software,Large Cap
TYRA,Tyra Biosciences Inc. Common Stock,Health Care,Biotechnology,Small Cap
U,Unity Software Inc.,Information Technology,Software,Large Cap
UA,"Under Armour, Inc. Class A",Consumer Discretionary,"Textiles, Apparel & Luxury Goods",Small Cap
UAA,"Under Armour, Inc. Class A",Consumer Discretionary,"Textiles, Apparel & Luxury Goods",Mid Cap
UAL,"United Airlines Holdings, Inc.",Industrials,Airlines,Large Cap
UAMY,United States Antimony Corporation,Materials,Metals & Mining,Small Cap
UAN,"CVR Partners, LP",Materials,Chemicals,Small Cap
UBER,"Uber Technologies, Inc.",Information Technology,Software,Large Cap
UCTT,"Ultra Clean Holdings, Inc.",Information Technology,Semiconductors & Semiconductor Equipment,Mid Cap
UEC,Uranium Energy Corp.,Energy,"Oil, Gas & Consumable Fuels",Mid Cap
UFPI,"UFP Industries, Inc.",Materials,Paper & Forest Products,Mid Cap
UFPT,"UFP Technologies, Inc.",Consumer Discretionary,Distributors,Mid Cap
UHAL,U-Haul Holding Company,Industrials,Commercial Services & Supplies,Large Cap
UHS,"Universal Health Services, Inc. Class B",Health Care,Health Care Providers & Services,Large Cap
UI,Ubiquiti Inc.,Information Technology,Communications Equipment,Large Cap
ULCC,"Frontier Group Holdings, Inc.",Industrials,Airlines,Small Cap
ULH,"Universal Logistics Holdings, Inc.",Industrials,Road & Rail,Small Cap
ULS,UL Solutions Inc.,Industrials,Professional Services,Large Cap
ULTA,Ulta Beauty Inc.,Consumer Discretionary,Specialty Retail,Large Cap
UMAC,Unusual Machines Inc.,Industrials,,Small Cap
UNF,UniFirst Corporation,Industrials,Professional Services,Mid Cap
UNFI,"United Natural Foods, Inc.",Consumer Staples,Food & Staples Retailing,Mid Cap
UNH,UnitedHealth Group Incorporated,Health Care,Health Care Providers & Services,Mega Cap
UNP,Union Pacific Corporation,Industrials,Road & Rail,Large Cap
UPBD,Upbound Group Inc. Common Stock,Information Technology,Software,Small Cap
UPS,"United Parcel Service, Inc.",Industrials,Air Freight & Logistics,Large Cap
UPWK,Upwork Inc.,Industrials,Professional Services,Small Cap
URBN,"Urban Outfitters, Inc.",Consumer Discretionary,Specialty Retail,Mid Cap
URG,Ur-Energy Inc.,Energy,"Oil, Gas & Consumable Fuels",Small Cap
URGN,UroGen Pharma Ltd.,Health Care,Biotechnology,Mid Cap
URI,"United Rentals, Inc.",Industrials,Commercial Services & Supplies,Large Cap
USAC,"USA Compression Partners, LP",Energy,Energy Equipment & Services,Mid Cap
USAR,USA Rare Earth Inc. Class A Common Stock,Materials,Metals & Mining,Mid Cap
USAT,"Cantaloupe, Inc.",Information Technology,IT Services,Small Cap
USDE,StablecoinX Inc. Class A Common Stock,,,Small Cap
USFD,US Foods Holding Corp.,Consumer Staples,Food & Staples Retailing,Large Cap
USLM,"United States Lime & Minerals, Inc.",Materials,Construction Materials,Mid Cap
USPH,"U.S. Physical Therapy, Inc.",Health Care,Health Care Providers & Services,Small Cap
UTHR,United Therapeutics Corporation,Health Care,Biotechnology,Large Cap
UTI,"Universal Technical Institute, Inc.",Consumer Discretionary,Diversified Consumer Services,Small Cap
UTZ,"Utz Brands, Inc.",Consumer Staples,Food Products,Mid Cap
UUUU,Energy Fuels Inc,Energy,"Oil, Gas & Consumable Fuels",Mid Cap
UVV,Universal Corporation,Consumer Staples,Tobacco,Small Cap
VAC,Marriott Vacations Worldwide Corporation,Consumer Discretionary,"Hotels, Restaurants & Leisure",Mid Cap
VC,Visteon Corporation,Consumer Discretionary,Auto Components,Mid Cap
VCEL,Vericel Corporation,Health Care,Biotechnology,Mid Cap
VCYT,"Veracyte, Inc.",Health Care,Biotechnology,Mid Cap
VECO,Veeco Instruments Inc.,Information Technology,Semiconductors & Semiconductor Equipment,Mid Cap
VEEV,Veeva Systems Inc Class A,Health Care,Health Care Technology,Large Cap
VEI,Vine Energy Inc.,Energy,"Oil, Gas & Consumable Fuels",Small Cap
VERA,"Vera Therapeutics, Inc.",Health Care,Biotechnology,Mid Cap
VERX,"Vertex, Inc.",Information Technology,Software,Small Cap
VFC,V.F. Corporation,Consumer Discretionary,"Textiles, Apparel & Luxury Goods",Mid Cap
VGZ,Vista Gold Corp.,Materials,Metals & Mining,Small Cap
VHI,"Valhi, Inc.",Materials,Chemicals,Small Cap
VIAV,Viavi Solutions Inc,Information Technology,Communications Equipment,Large Cap
VICR,Vicor Corporation,Information Technology,"Electronic Equipment, Instruments & Components",Large Cap
VIR,"Vir Biotechnology, Inc.",Health Care,Biotechnology,Small Cap
VISN,Vistance Networks Inc. Common Stock,Information Technology,Communications Equipment,Small Cap
VITL,"Vital Farms, Inc.",Consumer Staples,Food Products,Small Cap
VKTX,"Viking Therapeutics, Inc.",Health Care,Biotechnology,Mid Cap
VLGEA,"Village Super Market, Inc.",Consumer Staples,Food & Staples Retailing,Small Cap
VLO,Valero Energy Corporation,Energy,"Oil, Gas & Consumable Fuels",Large Cap
VLTO,Veralto Corp Common Stock,Industrials,,Large Cap
VMC,Vulcan Materials Company,Materials,Construction Materials,Large Cap
VMD,"Viemed Healthcare, Inc.",Health Care,Health Care Technology,Small Cap
VMI,"Valmont Industries, Inc.",Industrials,Building Products,Mid Cap
VNOM,Viper Energy Partners LP,Energy,"Oil, Gas & Consumable Fuels",Large Cap
VNT,Vontier Corporation,Information Technology,"Electronic Equipment, Instruments & Components",Mid Cap
VOD,Vodafone Group Public Limited Company,Communication Services,Diversified Telecommunication Services,Large Cap
VOR,Vor Biopharma Inc.,Health Care,Biotechnology,Small Cap
VOYG,Voyager Technologies Inc. Class A Common Stock,Industrials,Aerospace & Defense,Small Cap
VPG,"Vishay Precision Group, Inc.",Information Technology,"Electronic Equipment, Instruments & Components",Small Cap
VRDN,"Viridian Therapeutics, Inc.",Health Care,Biotechnology,Mid Cap
VREX,Varex Imaging Corporation,Health Care,Health Care Equipment & Supplies,Small Cap
VRNS,"Varonis Systems, Inc.",Information Technology,Software,Mid Cap
VRRM,Verra Mobility Corporation,Industrials,Professional Services,Small Cap
VRSK,"Verisk Analytics, Inc.",Industrials,Professional Services,Large Cap
VRSN,"VeriSign, Inc.",Information Technology,Software,Large Cap
VRT,Vertiv Holdings Co,Industrials,Electrical Equipment,Large Cap
VRTX,Vertex Pharmaceuticals Incorporated,Health Care,Biotechnology,Large Cap
VSAT,"Viasat, Inc.",Information Technology,Communications Equipment,Mid Cap
VSEC,VSE Corporation,Industrials,Aerospace & Defense,Mid Cap
VSECU,VSE Corporation Tangible Equity Units,Industrials,Aerospace & Defense,Small Cap
VSH,"Vishay Intertechnology, Inc.",Information Technology,Semiconductors & Semiconductor Equipment,Mid Cap
VSNT,Versant Media Group Inc. Class A Common Stock,Communication Services,Media,Mid Cap
VSTM,"Verastem, Inc.",Information Technology,Software,Small Cap
VSTS,Vestis Corporation Common Stock,Industrials,Commercial Services & Supplies,Small Cap
VSXY,Victorias Secret & Co. Common Stock,Consumer Discretionary,Specialty Retail,Mid Cap
VTOL,Bristow Group Inc.,Energy,Energy Equipment & Services,Small Cap
VTRS,"Viatris, Inc.",Health Care,Pharmaceuticals,Large Cap
VTS,Vitesse Energy Inc. Common Stock,Energy,"Oil, Gas & Consumable Fuels",Small Cap
VVV,Valvoline Inc.,Energy,"Oil, Gas & Consumable Fuels",Mid Cap
VVX,V2X Inc. Common Stock,Information Technology,,Mid Cap
VYLR,Vylor Inc. Common Stock,Consumer Staples,Food & Staples Retailing,Large Cap
VYX,NCR Voyix Corporation,Information Technology,IT Services,Small Cap
VZ,Verizon Communications Inc.,Communication Services,Diversified Telecommunication Services,Large Cap
W,Wayfair Inc.,Consumer Discretionary,Internet & Direct Marketing Retail,Large Cap
WAB,Westinghouse Air Brake Technologies Corporation,Industrials,Road & Rail,Large Cap
WAT,Waters Corporation,Health Care,Biotechnology,Large Cap
WAY,Waystar Holding Corp. Common Stock,Health Care,Health Care Technology,Mid Cap
WBD,Warner Bros. Discovery Inc. Series A Common Stock,Communication Services,Entertainment,Large Cap
WBTN,WEBTOON Entertainment Inc. Common stock,Communication Services,Interactive Media & Services,Small Cap
WCC,"WESCO International, Inc.",Industrials,Trading Companies & Distributors,Large Cap
WDAY,"Workday, Inc. Class A",Information Technology,Software,Large Cap
WDC,Western Digital Corporation,Information Technology,"Technology Hardware, Storage & Peripherals",Large Cap
WDFC,WD-40 Company,Materials,Chemicals,Mid Cap
WEAV,Weave Communications Inc. Common Stock,Information Technology,Software,Small Cap
WEN,Wendy's Company,Consumer Discretionary,"Hotels, Restaurants & Leisure",Small Cap
WERN,"Werner Enterprises, Inc.",Industrials,Road & Rail,Mid Cap
WES,"Western Midstream Partners, LP",Energy,"Oil, Gas & Consumable Fuels",Large Cap
WEST,Westrock Coffee Company Common Stock,Consumer Staples,Food Products,Small Cap
WEX,WEX Inc.,Information Technology,Software,Mid Cap
WEYS,"Weyco Group, Inc.",Consumer Discretionary,"Textiles, Apparel & Luxury Goods",Small Cap
WFRD,Weatherford International plc Ordinary Shares,Energy,Energy Equipment & Services,Mid Cap
WGO,"Winnebago Industries, Inc.",Consumer Discretionary,Automobiles,Small Cap
WGS,GeneDx Holdings Corp. Class A Common Stock,Information Technology,Software,Mid Cap
WH,"Wyndham Hotels & Resorts, Inc.",Consumer Discretionary,"Hotels, Restaurants & Leisure",Mid Cap
WHD,"Cactus, Inc. Class A",Energy,Energy Equipment & Services,Mid Cap
WHK,WhiteHawk Minerals Corp Class A Common Stock,Energy,"Oil, Gas & Consumable Fuels",Small Cap
WHR,Whirlpool Corporation,Consumer Discretionary,"Hotels, Restaurants & Leisure",Small Cap
WIFI,"Boingo Wireless, Inc.",Communication Services,Diversified Telecommunication Services,Small Cap
WINA,Winmark Corporation,Consumer Discretionary,Specialty Retail,Small Cap
WING,Wingstop Inc.,Consumer Discretionary,"Hotels, Restaurants & Leisure",Mid Cap
WK,Workiva Inc.,Information Technology,Software,Mid Cap
WKC,World Kinect Corporation,Energy,"Oil, Gas & Consumable Fuels",Small Cap
WLDN,"Willdan Group, Inc.",Industrials,Construction & Engineering,Small Cap
WLFC,Willis Lease Finance Corporation,Industrials,Commercial Services & Supplies,Small Cap
WLK,Westlake Corporation,Materials,Chemicals,Mid Cap
WLKP,Westlake Chemical Partners LP,Materials,Chemicals,Small Cap
WLY,John Wiley & Sons Inc. Common Stock,Communication Services,Media,Mid Cap
WLYB,John Wiley & Sons Inc. Common Stock,Communication Services,Media,Mid Cap
WM,"Waste Management, Inc.",Industrials,Commercial Services & Supplies,Large Cap
WMB,"The Williams Companies, Inc.",Energy,"Oil, Gas & Consumable Fuels",Large Cap
WMG,Warner Music Group Corp. Class A,Communication Services,Entertainment,Large Cap
WMK,"Weis Markets, Inc.",Consumer Staples,Food & Staples Retailing,Small Cap
WMS,"Advanced Drainage Systems, Inc.",Industrials,Building Products,Mid Cap
WMT,Walmart Inc.,Consumer Staples,Food & Staples Retailing,Mega Cap
WNC,Wabash National Corporation,Industrials,Machinery,Small Cap
WOLF,Wolfspeed Inc. Common Stock,Information Technology,Semiconductors & Semiconductor Equipment,Small Cap
WOOF,"Petco Health and Wellness Company, Inc.",Consumer Discretionary,Specialty Retail,Small Cap
WOR,"Worthington Industries, Inc.",Industrials,Machinery,Mid Cap
WRBY,Warby Parker Inc. Class A Common Stock,Health Care,Health Care Equipment & Supplies,Mid Cap
WS,Worthington Steel Inc.,Materials,Metals & Mining,Small Cap
WSC,WillScot Mobile Mini Holdings Corp.,Industrials,Commercial Services & Supplies,Mid Cap
WSM,"Williams-Sonoma, Inc.",Consumer Discretionary,Specialty Retail,Large Cap
WSO,"Watsco, Inc.",Industrials,Trading Companies & Distributors,Large Cap
WST,"West Pharmaceutical Services, Inc.",Health Care,Health Care Equipment & Supplies,Large Cap
WTI,"W&T Offshore, Inc.",Energy,"Oil, Gas & Consumable Fuels",Small Cap
WTS,"Watts Water Technologies, Inc. Class A",Industrials,Machinery,Large Cap
WTTR,"Select Water Solutions, Inc.",Energy,Energy Equipment & Services,Mid Cap
WWD,"Woodward, Inc.",Industrials,Aerospace & Defense,Large Cap
WWW,"Wolverine World Wide, Inc.",Consumer Discretionary,"Textiles, Apparel & Luxury Goods",Small Cap
WYNN,"Wynn Resorts, Limited",Consumer Discretionary,"Hotels, Restaurants & Leisure",Mid Cap
XE,X-Energy Inc. Class A Common Stock,Industrials,Machinery,Mid Cap
XERS,"Xeris Pharmaceuticals, Inc.",Health Care,Biotechnology,Small Cap
XMAX,XMAX Inc. Common Stock,Consumer Discretionary,Household Durables,Small Cap
XMTR,Xometry Inc. Class A Common Stock,Information Technology,"Electronic Equipment, Instruments & Components",Mid Cap
XNCR,"Xencor, Inc.",Health Care,Biotechnology,Small Cap
XOM,Exxon Mobil Corporation,Energy,"Oil, Gas & Consumable Fuels",Mega Cap
XPEL,"XPEL, Inc.",Consumer Discretionary,Auto Components,Small Cap
XPO,"XPO, Inc.",Industrials,Air Freight & Logistics,Large Cap
XPRO,Expro Group Holdings N.V. Common Stock,Energy,Energy Equipment & Services,Small Cap
XRAY,DENTSPLY SIRONA Inc.,Health Care,Health Care Equipment & Supplies,Small Cap
XRX,Xerox Holdings Corporation,Information Technology,IT Services,Small Cap
XTND,Xtend AI Robotics Inc.,Industrials,Construction & Engineering,Small Cap
XYL,Xylem Inc.,Industrials,Machinery,Large Cap
XYZ,Block Inc. Class A Common Stock,Information Technology,Software,Large Cap
YDES,YD Bio Limited Ordinary Shares,Health Care,Biotechnology,Small Cap
YELP,Yelp Inc.,Communication Services,Interactive Media & Services,Small Cap
YETI,"YETI Holdings, Inc.",Consumer Discretionary,"Hotels, Restaurants & Leisure",Mid Cap
YEXT,"Yext, Inc.",Information Technology,Software,Small Cap
YOU,Clear Secure Inc. Class A Common Stock,Information Technology,Software,Mid Cap
YSS,York Space Systems Inc. Common Stock,Industrials,Aerospace & Defense,Small Cap
YSWY,Yesway Inc. Class A Common Stock,Consumer Staples,Food & Staples Retailing,Small Cap
YUM,"Yum! Brands, Inc.",Consumer Discretionary,"Hotels, Restaurants & Leisure",Large Cap
YUMC,"China Holdings, Inc.",Health Care,Biotechnology,Large Cap
Z,"Zillow Group, Inc.",Communication Services,Interactive Media & Services,Mid Cap
ZBH,"Zimmer Biomet Holdings, Inc.",Health Care,Health Care Equipment & Supplies,Large Cap
ZBIO,Zenas BioPharma Inc. Common Stock,Health Care,Biotechnology,Small Cap
ZBRA,Zebra Technologies Corporation Class A,Information Technology,Communications Equipment,Large Cap
ZD,Ziff Davis Inc. Common Stock,Communication Services,Media,Small Cap
ZG,"Zillow Group, Inc.",Communication Services,Interactive Media & Services,Mid Cap
ZM,"Zoom Video Communications, Inc.",Communication Services,Diversified Telecommunication Services,Large Cap
ZS,"Zscaler, Inc.",Information Technology,Software,Large Cap
ZVRA,Zevra Therapeutics Inc. Common Stock,Health Care,Biotechnology,Small Cap
ZWS,Zurn Elkay Water Solutions Corporation Common Stock,Industrials,Transportation Infrastructure,Mid Cap
