Date,AMD,ANET,AVGO,AXON,CCJ,CLS,COST,CRWD,DX-Y.NYB,GOOGL,HYG,IEF,IONQ,IWM,JNJ,KO,MCD,META,MNST,MSFT,NVDA,PEP,PG,PLTR,QQQ,RKLB,SMR,SPY,TSM,VRT,VST,WMT,^GSPC,^IRX,^VIX
2015-01-02,0.0,5928000.0,13500000.0,2273500.0,1139600.0,278500.0,1471000.0,,0.0,26480000.0,3271900.0,2028600.0,,46133100.0,5753600.0,9921100.0,6019700.0,18177500.0,7845600.0,27913900.0,113680000.0,3545700.0,7251400.0,,31314600.0,,,121465900.0,6074100.0,,,13505400.0,2708700000.0,0.0,0.0
2015-01-05,8878200.0,7505600.0,15596000.0,2443600.0,1905800.0,199300.0,1748500.0,,0.0,41182000.0,7523100.0,1521700.0,,51141900.0,8079300.0,26292600.0,6211900.0,26452200.0,13029600.0,39673900.0,197952000.0,6441000.0,8626100.0,,36521300.0,,,169632600.0,9031800.0,,,20937000.0,3799120000.0,0.0,0.0
2015-01-06,13912500.0,5769600.0,22194000.0,3444900.0,1445300.0,336300.0,3185200.0,,0.0,54456000.0,9489700.0,1890200.0,,67446000.0,7428000.0,16897500.0,6484100.0,27399300.0,23097600.0,36447900.0,197764000.0,6195000.0,7791200.0,,66205500.0,,,209151400.0,10169500.0,,,24615300.0,4460110000.0,0.0,0.0
2015-01-07,12377600.0,6560000.0,30907000.0,1646700.0,1209200.0,195500.0,2171600.0,,0.0,46918000.0,8353100.0,1558000.0,,32252100.0,7931700.0,13412300.0,6400300.0,22045300.0,18237600.0,29114100.0,321808000.0,6526300.0,5986600.0,,37577400.0,,,125346700.0,10180200.0,,,25495200.0,3805480000.0,0.0,0.0
2015-01-08,11136600.0,7592000.0,33265000.0,2391200.0,1743900.0,235200.0,2937700.0,,0.0,73054000.0,8388600.0,1671000.0,,28361700.0,9916000.0,21743600.0,5476700.0,23961000.0,18096000.0,29645200.0,283780000.0,7131600.0,6823300.0,,40212600.0,,,147217800.0,15825900.0,,,38140800.0,3934010000.0,0.0,0.0
2015-01-09,8907600.0,4044800.0,23432000.0,1445500.0,1459000.0,176500.0,1727000.0,,0.0,42000000.0,6766700.0,1107800.0,,26975200.0,7364800.0,12733500.0,4283300.0,21157000.0,12436800.0,23944200.0,209540000.0,4061500.0,4872800.0,,41410100.0,,,158567300.0,17596000.0,,,25567500.0,3364140000.0,0.0,0.0
2015-01-12,9979600.0,6982400.0,18692000.0,1206500.0,1582000.0,402500.0,1344800.0,,0.0,57138000.0,8698500.0,2700900.0,,27316800.0,6839000.0,11415800.0,3989600.0,19190200.0,30708000.0,23651900.0,190732000.0,4192700.0,5250900.0,,34129800.0,,,144396100.0,24695300.0,,,22117500.0,3456460000.0,0.0,0.0
2015-01-13,17907400.0,9892800.0,24337000.0,2214300.0,3855700.0,352800.0,2198500.0,,0.0,60958000.0,7738700.0,1038800.0,,49991400.0,10151100.0,12529500.0,5971200.0,25179600.0,21057600.0,35270600.0,236720000.0,5371300.0,6727100.0,,56162300.0,,,214553300.0,11043200.0,,,24646200.0,4107300000.0,0.0,0.0
2015-01-14,9989900.0,5603200.0,20984000.0,1864900.0,4090200.0,272900.0,2207900.0,,0.0,52800000.0,7415500.0,1545800.0,,34224200.0,8887700.0,13447600.0,7745500.0,25918600.0,18710400.0,29719600.0,155260000.0,5127800.0,6418200.0,,51354200.0,,,192991100.0,21760200.0,,,35862900.0,4378680000.0,0.0,0.0
2015-01-15,17744000.0,7048000.0,18372000.0,1451500.0,2626300.0,155800.0,1819600.0,,0.0,51068000.0,7061300.0,1374100.0,,46199400.0,10834800.0,11193100.0,5737500.0,34134000.0,12778800.0,32750800.0,188932000.0,4424000.0,6768200.0,,51005400.0,,,176613900.0,36350200.0,,,28238100.0,4276720000.0,0.0,0.0
2015-01-16,30192400.0,5892800.0,15375000.0,1628700.0,1802700.0,201900.0,1784800.0,,0.0,49658000.0,7685500.0,1689100.0,,41895700.0,14092300.0,15114900.0,6927000.0,21791500.0,11386800.0,35695300.0,181512000.0,4404400.0,8815700.0,,35362200.0,,,211879600.0,22402000.0,,,25226700.0,4056410000.0,0.0,0.0
2015-01-20,56713300.0,4502400.0,12840000.0,4400300.0,2826200.0,416800.0,1836100.0,,0.0,46796000.0,5915300.0,1346200.0,,36444400.0,20460000.0,17047300.0,6967300.0,22821600.0,12285600.0,36161900.0,140308000.0,7029500.0,9869900.0,,30964100.0,,,130991100.0,23999700.0,,,23559300.0,3944340000.0,0.0,0.0
2015-01-21,46530800.0,4051200.0,16451000.0,2266200.0,1939200.0,1166700.0,1682000.0,,0.0,46356000.0,6110700.0,2298200.0,,27333500.0,11702900.0,10720600.0,8682200.0,25096700.0,9073200.0,39081100.0,144780000.0,5031100.0,6974500.0,,40128800.0,,,122942700.0,17966600.0,,,24521400.0,3730070000.0,0.0,0.0
2015-01-22,36169600.0,6035200.0,20639000.0,2382300.0,1171500.0,522100.0,1897500.0,,14290000.0,56068000.0,6940100.0,1330800.0,,37877000.0,9036600.0,14709100.0,7536400.0,19519500.0,10902000.0,35898000.0,159712000.0,7620400.0,7211200.0,,40887200.0,,,174356000.0,25334400.0,,,21371400.0,4176050000.0,0.0,0.0
2015-01-23,11107200.0,7528000.0,15088000.0,1756500.0,1680300.0,198600.0,1696800.0,,0.0,45966000.0,5134500.0,1248200.0,,28173400.0,10126000.0,12357700.0,11496000.0,16746500.0,10422000.0,26211600.0,120416000.0,4857700.0,6745700.0,,34783000.0,,,117516800.0,13027300.0,,,22697400.0,3573560000.0,0.0,0.0
2015-01-26,36571300.0,4984000.0,9611000.0,1384800.0,1376400.0,437900.0,1482800.0,,0.0,30932000.0,8252300.0,1546200.0,,23006800.0,8962800.0,11151900.0,7753300.0,19260800.0,9871200.0,42525500.0,133240000.0,4298700.0,9371700.0,,19960900.0,,,92009700.0,14091400.0,,,14000100.0,3465760000.0,0.0,0.0
2015-01-27,51805800.0,2659200.0,15242000.0,1615300.0,1924500.0,628100.0,1786500.0,,9000000.0,39148000.0,8771100.0,863300.0,,26919100.0,10160500.0,15274000.0,6640800.0,20110000.0,10158000.0,169164000.0,357948000.0,7365300.0,14417400.0,,45253200.0,,,134044600.0,14735300.0,,,18061500.0,3329810000.0,0.0,0.0
2015-01-28,24786200.0,8492800.0,23302000.0,1477400.0,2264000.0,1082900.0,2016300.0,,0.0,35822000.0,5622400.0,3346300.0,,38086100.0,9053200.0,14278500.0,6921300.0,53306400.0,14294400.0,84507100.0,272728000.0,6280100.0,14033400.0,,43591700.0,,,168514300.0,16762900.0,,,17810400.0,4067530000.0,0.0,0.0
2015-01-29,17790200.0,10254400.0,15842000.0,1536800.0,2430000.0,717500.0,1873400.0,,0.0,79018000.0,4923200.0,1393400.0,,39299900.0,7569300.0,13657900.0,19146900.0,61293500.0,9273600.0,63585300.0,235340000.0,4600300.0,12054500.0,,46539700.0,,,173585400.0,19411300.0,,,19568400.0,4127140000.0,0.0,0.0
2015-01-30,12908200.0,7308800.0,16938000.0,1231100.0,2412000.0,554900.0,5169000.0,,0.0,121108000.0,6383000.0,2219800.0,,49739800.0,10676300.0,19193700.0,12385400.0,42649500.0,12264000.0,78004900.0,298200000.0,7741500.0,14685300.0,,42927600.0,,,197729700.0,17590300.0,,,30840600.0,4568650000.0,0.0,0.0
2015-02-02,25688700.0,6596800.0,21581000.0,1478800.0,3247500.0,832100.0,4797500.0,,0.0,75378000.0,4120600.0,11544700.0,,44819100.0,8990700.0,15197500.0,6751400.0,41955300.0,10773600.0,50352500.0,259604000.0,6889500.0,10278700.0,,43624700.0,,,163107000.0,12854500.0,,,20781600.0,4008330000.0,0.0,0.0
2015-02-03,22592300.0,3865600.0,15390000.0,2326900.0,3146400.0,605500.0,10302900.0,,0.0,47062000.0,11682400.0,1465200.0,,43920000.0,10005200.0,13193100.0,7373000.0,26957700.0,12416400.0,52082400.0,183468000.0,5090400.0,10747900.0,,30750400.0,,,124212900.0,16676200.0,,,24850500.0,4615900000.0,0.0,0.0
2015-02-04,34829300.0,10571200.0,16658000.0,1327700.0,2302300.0,1149200.0,11006300.0,,0.0,33896000.0,8333900.0,1655500.0,,28597100.0,9514100.0,16400000.0,6464800.0,20277400.0,10888800.0,41614800.0,181516000.0,5064700.0,9212800.0,,34073200.0,,,134306700.0,11266500.0,,,26796900.0,4141920000.0,0.0,0.0
2015-02-05,73355600.0,4009600.0,16585000.0,1166600.0,2350000.0,820200.0,6986700.0,,0.0,33176000.0,10172500.0,1392700.0,,32337100.0,6642200.0,11078500.0,5564100.0,15062600.0,7984800.0,36548200.0,140448000.0,4466200.0,6531300.0,,23605500.0,,,97953200.0,12016600.0,,,15272400.0,3821990000.0,0.0,0.0
2015-02-06,38300000.0,13984000.0,10682000.0,1024800.0,2685800.0,646900.0,2927400.0,,0.0,42938000.0,6076700.0,2016700.0,,31694900.0,9215700.0,12366400.0,4662700.0,21211000.0,6153600.0,34616600.0,210524000.0,4629200.0,8429800.0,,34169300.0,,,125672000.0,16529800.0,,,16852800.0,4232970000.0,0.0,0.0
2015-02-09,24133800.0,9756800.0,20346000.0,770100.0,3772700.0,491100.0,2740200.0,,0.0,30314000.0,4672800.0,1599900.0,,32367900.0,9851700.0,13371100.0,8203000.0,16194300.0,7965600.0,31381100.0,273944000.0,4217100.0,8811500.0,,22604700.0,,,87219000.0,12821100.0,,,16368600.0,3549540000.0,0.0,0.0
2015-02-10,13995100.0,19624000.0,20398000.0,743300.0,2477600.0,446400.0,1703400.0,,0.0,47430000.0,6846600.0,1244500.0,,28960800.0,12275500.0,32184200.0,4697600.0,15811300.0,6132000.0,29670700.0,226204000.0,6797400.0,7059300.0,,23686500.0,,,96164200.0,17077300.0,,,17196300.0,3669850000.0,0.0,0.0
2015-02-11,11741100.0,5456000.0,17169000.0,959600.0,2402000.0,204700.0,2295800.0,,0.0,38306000.0,5688000.0,1286100.0,,23794200.0,8177000.0,20496300.0,5153900.0,20877400.0,7935600.0,38262500.0,320832000.0,9736400.0,7184600.0,,20303600.0,,,91087800.0,14211100.0,,,17559300.0,3596860000.0,0.0,0.0
2015-02-12,12975000.0,6348800.0,21072000.0,1355600.0,2549100.0,173400.0,1712200.0,,0.0,48590000.0,3185400.0,1845200.0,,27854600.0,25835200.0,13818200.0,7910100.0,17235000.0,7093200.0,33268800.0,676904000.0,9062300.0,6074600.0,,22520300.0,,,97545900.0,10136200.0,,,20824800.0,3788350000.0,0.0,0.0
2015-02-13,9627600.0,5113600.0,14614000.0,1173100.0,1494500.0,179000.0,1926800.0,,0.0,47382000.0,4676600.0,1302400.0,,20446900.0,11153600.0,10792100.0,6762200.0,18621900.0,9644400.0,40264900.0,310084000.0,5643000.0,6272000.0,,29030200.0,,,93670400.0,11637500.0,,,16791000.0,3527450000.0,0.0,0.0
2015-02-17,8678100.0,3665600.0,15312000.0,757400.0,2112300.0,126900.0,1541500.0,,0.0,39174000.0,6624200.0,2170100.0,,16868500.0,8627100.0,12804200.0,5972000.0,25254400.0,6180000.0,33695700.0,203340000.0,5877800.0,10310400.0,,17675300.0,,,76968200.0,10525500.0,,,15261600.0,3361750000.0,0.0,0.0
2015-02-18,7286100.0,5804800.0,16681000.0,848700.0,951900.0,131900.0,1541000.0,,0.0,31164000.0,4744400.0,8204600.0,,20450200.0,7878200.0,9789800.0,5617500.0,22426400.0,6793200.0,27111700.0,170948000.0,3472500.0,8132300.0,,15149600.0,,,80652900.0,7433100.0,,,18098100.0,3370020000.0,0.0,0.0
2015-02-19,6573600.0,18987200.0,13196000.0,981000.0,842600.0,139900.0,1273700.0,,0.0,30834000.0,2964800.0,1459500.0,,16620500.0,10028200.0,16578300.0,6312200.0,45851200.0,7034400.0,27603400.0,169432000.0,4186300.0,7271600.0,,19828100.0,,,91462500.0,9929400.0,,,55940400.0,3247100000.0,0.0,0.0
2015-02-20,10666700.0,56768000.0,19283000.0,1142300.0,963400.0,135000.0,1595600.0,,0.0,38234000.0,5470600.0,1893000.0,,30331600.0,10085700.0,15982400.0,8155000.0,36931700.0,6667200.0,29721100.0,157752000.0,3945500.0,9581300.0,,28336700.0,,,140896400.0,7268000.0,,,41521200.0,3281600000.0,0.0,0.0
2015-02-23,6323500.0,17300800.0,23854000.0,1404900.0,965500.0,242800.0,1587300.0,,0.0,32906000.0,4165700.0,818200.0,,25778200.0,6878200.0,11830300.0,5682000.0,24139100.0,9225600.0,32518800.0,125008000.0,3075700.0,7919200.0,,17868000.0,,,74411100.0,7827400.0,,,20191200.0,3093680000.0,0.0,0.0
2015-02-24,10916300.0,31369600.0,23213000.0,1165200.0,1265800.0,161300.0,1844200.0,,0.0,28406000.0,3689300.0,1180900.0,,20023600.0,6587200.0,12782700.0,5643600.0,18897100.0,13258800.0,25271700.0,149356000.0,3389900.0,6502200.0,,19745000.0,,,72472300.0,15932700.0,,,15593100.0,3199840000.0,0.0,0.0
2015-02-25,6151300.0,15924800.0,38216000.0,2028900.0,1232900.0,137700.0,1602700.0,,0.0,40836000.0,9048500.0,595300.0,,17059600.0,9684000.0,10323300.0,16751600.0,25593800.0,10903200.0,29759800.0,123820000.0,3366100.0,5975800.0,,19472300.0,,,73061700.0,10388400.0,,,20425200.0,3312340000.0,0.0,0.0
2015-02-26,8680900.0,13488000.0,89263000.0,13127600.0,1171800.0,110200.0,1892600.0,,0.0,54032000.0,7928200.0,865900.0,,24379000.0,11437900.0,14346500.0,16098800.0,31111900.0,25777200.0,28957300.0,152864000.0,5722000.0,7964500.0,,22255500.0,,,72697900.0,7588500.0,,,17664300.0,3408690000.0,0.0,0.0
2015-02-27,7150200.0,11649600.0,33825000.0,5849400.0,1129000.0,188600.0,3036200.0,,0.0,68328000.0,4521800.0,2901700.0,,23821700.0,8500000.0,28312800.0,7552500.0,30739200.0,74629200.0,33807700.0,157492000.0,6461700.0,7685000.0,,27757600.0,,,108076000.0,8541000.0,,,17632200.0,3547380000.0,0.0,0.0
2015-03-02,15638100.0,8489600.0,27893000.0,3108600.0,1532500.0,284900.0,2108600.0,,0.0,50406000.0,6933000.0,10270800.0,,29683500.0,7277600.0,13514600.0,12363300.0,21662500.0,27466800.0,31924000.0,301512000.0,3613600.0,7235200.0,,22988600.0,,,87491400.0,7081200.0,,,18184500.0,3409490000.0,0.0,0.0
2015-03-03,8644000.0,12462400.0,18682000.0,3988200.0,1336000.0,161900.0,1514300.0,,0.0,50526000.0,10032000.0,1224400.0,,23068400.0,6419700.0,10036300.0,8149700.0,18635000.0,20542800.0,31748600.0,160344000.0,4148100.0,6095600.0,,20788900.0,,,110325800.0,7485300.0,,,19382400.0,3262300000.0,0.0,0.0
2015-03-04,12122100.0,9971200.0,36143000.0,2698900.0,1543000.0,226500.0,2208600.0,,0.0,37964000.0,7832800.0,1871100.0,,22822500.0,8665500.0,16263000.0,9179400.0,28126700.0,15734400.0,25748700.0,226840000.0,3884200.0,7370000.0,,21007400.0,,,114497200.0,9415000.0,,,18643200.0,3421110000.0,0.0,0.0
2015-03-05,11472300.0,11256000.0,21688000.0,1547700.0,1168300.0,134200.0,4471100.0,,0.0,35918000.0,6412500.0,2253200.0,,19725600.0,8042300.0,9223000.0,9438800.0,27825700.0,9637200.0,23193500.0,323056000.0,3537200.0,5914200.0,,15381000.0,,,76873000.0,6882400.0,,,17992500.0,3103030000.0,0.0,0.0
2015-03-06,16785200.0,8779200.0,22329000.0,2126100.0,1184200.0,191900.0,3014900.0,,0.0,37592000.0,9271900.0,1734000.0,,37319900.0,9287600.0,18180500.0,9677900.0,24488600.0,14666400.0,36248800.0,257392000.0,6466100.0,11338700.0,,30990400.0,,,188128000.0,6375000.0,,,17193000.0,3853570000.0,0.0,0.0
2015-03-09,12405900.0,10720000.0,17835000.0,1152000.0,1602300.0,182900.0,1727900.0,,0.0,23478000.0,9607500.0,1218100.0,,17556300.0,5701100.0,10123300.0,8460300.0,18925100.0,9780000.0,32108000.0,222388000.0,4810500.0,7326700.0,,26237100.0,,,89818900.0,15598700.0,,,14014500.0,3349090000.0,0.0,0.0
2015-03-10,10312400.0,5787200.0,17688000.0,1330200.0,2212500.0,158400.0,2128100.0,,0.0,40080000.0,12447300.0,1309200.0,,32440300.0,8735700.0,14599100.0,7838900.0,23067100.0,9624000.0,39159700.0,527212000.0,5390300.0,9681400.0,,34234500.0,,,157121300.0,12405600.0,,,18933300.0,3668900000.0,0.0,0.0
2015-03-11,11772800.0,7923200.0,17742000.0,1161700.0,2284600.0,160700.0,1734300.0,,0.0,40524000.0,9214800.0,945700.0,,20914500.0,9138100.0,18549700.0,9391100.0,20215700.0,11427600.0,32215300.0,262120000.0,4637300.0,10066600.0,,25459700.0,,,110145700.0,9485000.0,,,18482700.0,3406570000.0,0.0,0.0
2015-03-12,13847200.0,6860800.0,22305000.0,3242300.0,1726100.0,133100.0,1564000.0,,0.0,35602000.0,4469900.0,916800.0,,41063300.0,8318000.0,17728700.0,8765100.0,16093300.0,7650000.0,59992500.0,406972000.0,4455000.0,6951100.0,,21473200.0,,,93993500.0,10892000.0,,,15677400.0,3405860000.0,0.0,0.0
2015-03-13,8098100.0,13092800.0,18414000.0,1947400.0,1656900.0,107700.0,1470100.0,,0.0,35428000.0,6184500.0,846900.0,,26371000.0,7821800.0,17438400.0,5152800.0,18557300.0,11439600.0,58007700.0,359288000.0,4703800.0,7492500.0,,42021100.0,,,162410900.0,9748200.0,,,14286600.0,3498560000.0,0.0,0.0
2015-03-16,6132900.0,19681600.0,23077000.0,1179200.0,1739100.0,204200.0,2532700.0,,0.0,36856000.0,4772600.0,639400.0,,19906300.0,7726500.0,15238800.0,4772200.0,19305400.0,11474400.0,35273500.0,236956000.0,4687400.0,15618300.0,,25674100.0,,,136099200.0,18384800.0,,,19557300.0,3295600000.0,0.0,0.0
2015-03-17,7742200.0,30163200.0,19006000.0,1015500.0,1235800.0,240200.0,1972500.0,,0.0,28892000.0,13059600.0,768500.0,,23142600.0,7301500.0,21661800.0,4530700.0,22170000.0,8395200.0,31673400.0,299900000.0,4507400.0,7509300.0,,19603800.0,,,94510400.0,12558800.0,,,14406000.0,3221840000.0,0.0,0.0
2015-03-18,11385200.0,13438400.0,21250000.0,934800.0,1065500.0,164800.0,2772500.0,,0.0,35324000.0,11633900.0,1963600.0,,40292600.0,7972500.0,26247500.0,5831000.0,36912400.0,14760000.0,44194800.0,413844000.0,7692100.0,12607900.0,,40622200.0,,,228808500.0,14551700.0,,,30756900.0,4128210000.0,0.0,0.0
2015-03-19,8819400.0,13619200.0,24461000.0,1067500.0,1198100.0,217800.0,1862900.0,,0.0,24660000.0,9226000.0,985600.0,,34008200.0,6863100.0,16057600.0,3615400.0,42099500.0,11576400.0,33879100.0,310756000.0,4386400.0,9257500.0,,31314000.0,,,117917300.0,11699700.0,,,21638700.0,3305220000.0,0.0,0.0
2015-03-20,10764800.0,41430400.0,55522000.0,1168000.0,1685300.0,189700.0,5859300.0,,0.0,44320000.0,9127300.0,1194800.0,,34165600.0,12433800.0,31608500.0,10014000.0,44466300.0,26470800.0,71904500.0,462084000.0,8810400.0,22580300.0,,31761400.0,,,177715100.0,7196900.0,,,37095900.0,5554120000.0,0.0,0.0
2015-03-23,7450200.0,8641600.0,23849000.0,1304600.0,2607700.0,194600.0,1665900.0,,0.0,30234000.0,5459200.0,795100.0,,17132400.0,9016000.0,17060500.0,9232000.0,27357300.0,10786800.0,26246100.0,426012000.0,4739400.0,9891100.0,,17268500.0,,,71784500.0,9110900.0,,,19517100.0,3267960000.0,0.0,0.0
2015-03-24,8724500.0,17152000.0,25819000.0,1922600.0,1161300.0,214700.0,1637000.0,,0.0,79156000.0,6767200.0,584500.0,,30115600.0,8390700.0,13485700.0,7549900.0,32576500.0,10076400.0,25513300.0,330480000.0,7118600.0,7478800.0,,22445300.0,,,77805300.0,9071500.0,,,16077300.0,3189820000.0,0.0,0.0
2015-03-25,26985300.0,11292800.0,48853000.0,1464500.0,912800.0,169900.0,2266800.0,,0.0,53070000.0,5364600.0,1240200.0,,42514000.0,8444100.0,22811300.0,6030500.0,37436100.0,9726000.0,43469900.0,542552000.0,4965600.0,8482200.0,,41581400.0,,,159521700.0,32339400.0,,,19937700.0,3521140000.0,0.0,0.0
2015-03-26,28286300.0,9828800.0,45058000.0,938500.0,1225600.0,219700.0,1554800.0,,0.0,49842000.0,4876400.0,928300.0,,26899200.0,9972400.0,17359600.0,10445800.0,32794800.0,7664400.0,37495600.0,311920000.0,5077700.0,7311600.0,,47846300.0,,,153067200.0,36432500.0,,,24801600.0,3510670000.0,0.0,0.0
2015-03-27,16844100.0,4923200.0,24297000.0,872400.0,1932200.0,113100.0,1329900.0,,0.0,34552000.0,3822000.0,2492500.0,,23066800.0,5847400.0,14384400.0,4642400.0,18372600.0,11026800.0,34401400.0,318288000.0,4245600.0,6440600.0,,33878400.0,,,118939000.0,20264000.0,,,17152200.0,3008550000.0,0.0,0.0
2015-03-30,8557500.0,5316800.0,19523000.0,767200.0,1818600.0,234600.0,1463800.0,,0.0,24788000.0,4197700.0,2017700.0,,20487000.0,6061200.0,12561400.0,4074500.0,24527700.0,10140000.0,35049700.0,253252000.0,5021200.0,6416800.0,,30570200.0,,,96180400.0,14707100.0,,,17105100.0,2917690000.0,0.0,0.0
2015-03-31,7025000.0,9780800.0,16402000.0,1216400.0,1538300.0,123600.0,1886100.0,,0.0,34932000.0,4498400.0,2137200.0,,24507800.0,8028000.0,16604800.0,5617000.0,19734300.0,13737600.0,34887200.0,357276000.0,4397600.0,8649700.0,,30488100.0,,,126768700.0,13621500.0,,,16763100.0,3376550000.0,0.0,0.0
2015-04-01,11240500.0,9779200.0,21830000.0,1020800.0,1373600.0,248000.0,1795000.0,,0.0,38902000.0,9298200.0,2570100.0,,31955200.0,11368100.0,14300700.0,7484800.0,22058200.0,14935200.0,36865300.0,330768000.0,4241200.0,7395300.0,,32970500.0,,,137303600.0,13314800.0,,,24920100.0,3543270000.0,0.0,0.0
2015-04-02,7047600.0,27867200.0,14508000.0,746900.0,1984600.0,213500.0,1095300.0,,0.0,47760000.0,4774400.0,1126400.0,,23586400.0,6097100.0,14343100.0,6614300.0,19664100.0,11220000.0,37487500.0,192204000.0,3586200.0,6169800.0,,19164200.0,,,86900900.0,12443500.0,,,17387100.0,3095960000.0,0.0,0.0
2015-04-06,8178500.0,10214400.0,14227000.0,654200.0,1085400.0,303600.0,1767600.0,,0.0,33718000.0,5020700.0,1268500.0,,22045600.0,9697600.0,19843400.0,4501300.0,19062900.0,16765200.0,39223700.0,515864000.0,4861800.0,6856300.0,,24451100.0,,,114368200.0,11439200.0,,,19142100.0,3302970000.0,0.0,0.0
2015-04-07,5738100.0,6568000.0,16132000.0,766300.0,1277300.0,164100.0,1391700.0,,0.0,27318000.0,8659800.0,750700.0,,20214700.0,7900300.0,9773400.0,4443700.0,17467000.0,11100000.0,28809400.0,413964000.0,3376600.0,6329900.0,,19379400.0,,,81236300.0,13305600.0,,,19818300.0,3065510000.0,0.0,0.0
2015-04-08,4349000.0,6628800.0,13607000.0,1367600.0,964700.0,158400.0,1483000.0,,0.0,28386000.0,7151900.0,886400.0,,19314400.0,7354100.0,8954700.0,4445200.0,18966700.0,9940800.0,24753400.0,366432000.0,3879100.0,6523400.0,,25866900.0,,,89351900.0,10835200.0,,,20084100.0,3265330000.0,0.0,0.0
2015-04-09,7127600.0,5443200.0,13961000.0,5254200.0,1308800.0,109500.0,3401800.0,,0.0,32366000.0,3415700.0,890600.0,,22325300.0,8073900.0,12710900.0,4790000.0,15927300.0,8401200.0,25723900.0,379432000.0,3487000.0,6185000.0,,23114700.0,,,85548900.0,10183300.0,,,11770800.0,3172360000.0,0.0,0.0
2015-04-10,6184800.0,8753600.0,11669000.0,2000200.0,2423000.0,103300.0,1572900.0,,0.0,26104000.0,3012700.0,789700.0,,14966300.0,6786500.0,8720000.0,5937800.0,12529700.0,7273200.0,28022000.0,258728000.0,2704900.0,7001700.0,,17164300.0,,,72722900.0,10531900.0,,,16440900.0,3156200000.0,0.0,0.0
2015-04-13,8391500.0,6728000.0,10483000.0,1053300.0,3035100.0,74400.0,1120200.0,,0.0,29326000.0,2866600.0,624800.0,,22819200.0,10753500.0,9616300.0,5197900.0,26883100.0,7042800.0,30276700.0,236724000.0,3772900.0,8290500.0,,17783500.0,,,74436600.0,11125700.0,,,14094300.0,2908420000.0,0.0,0.0
2015-04-14,13364100.0,6212800.0,16047000.0,1292500.0,3445600.0,112300.0,1540800.0,,0.0,47206000.0,2830000.0,825400.0,,22600800.0,9322200.0,11209700.0,4961100.0,19634200.0,9244800.0,24244400.0,220276000.0,4501700.0,6792600.0,,23755700.0,,,75099900.0,13787000.0,,,16595100.0,3301270000.0,0.0,0.0
2015-04-15,15281400.0,8428800.0,16893000.0,1545500.0,5465500.0,88800.0,1404700.0,,0.0,46962000.0,4438300.0,566400.0,,37282300.0,8237100.0,11189100.0,6604400.0,22390900.0,7959600.0,27343600.0,243560000.0,3508700.0,7006400.0,,21128600.0,,,99529300.0,16883000.0,,,18601200.0,4013760000.0,0.0,0.0
2015-04-16,28617300.0,7736000.0,15456000.0,3256100.0,2323900.0,74800.0,2680600.0,,0.0,31722000.0,5285400.0,903300.0,,24439900.0,7324800.0,13121000.0,5071700.0,13769700.0,8146800.0,22509700.0,155284000.0,3699000.0,7615900.0,,16195300.0,,,68934900.0,28320800.0,,,24045300.0,3434120000.0,0.0,0.0
2015-04-17,53185300.0,7819200.0,26817000.0,4558000.0,2520600.0,122900.0,4369300.0,,0.0,49234000.0,3901300.0,1945700.0,,48283500.0,11084200.0,15330300.0,6933600.0,24215000.0,10537200.0,42387600.0,293636000.0,4991600.0,9533800.0,,46514000.0,,,191113200.0,16113600.0,,,35468400.0,3627600000.0,0.0,0.0
2015-04-20,29164300.0,8553600.0,13295000.0,4136500.0,1498400.0,146800.0,2881900.0,,0.0,38508000.0,3641000.0,878100.0,,24602300.0,6668500.0,13023700.0,4382400.0,28796800.0,10155600.0,46057700.0,231624000.0,4468600.0,7416000.0,,28945900.0,,,92189500.0,15253500.0,,,26542800.0,3000160000.0,0.0,0.0
2015-04-21,31279400.0,6907200.0,20616000.0,3068700.0,1085100.0,553500.0,1616700.0,,0.0,29128000.0,3730700.0,811000.0,,13844600.0,6532700.0,19673100.0,5981700.0,27171900.0,13342800.0,26013800.0,230456000.0,4184300.0,7696400.0,,22759800.0,,,72559800.0,13191400.0,,,18600600.0,3243410000.0,0.0,0.0
2015-04-22,27634900.0,4022400.0,22580000.0,1558600.0,4557200.0,341700.0,1423500.0,,0.0,31806000.0,4031100.0,725100.0,,21991300.0,4763900.0,26887200.0,19254300.0,45548000.0,10299600.0,25064300.0,207420000.0,5293600.0,6753100.0,,21429200.0,,,78264600.0,15880200.0,,,22784100.0,3348480000.0,0.0,0.0
2015-04-23,15130400.0,5262400.0,28053000.0,1643000.0,3241500.0,296800.0,1351800.0,,0.0,78184000.0,4755200.0,918700.0,,18025800.0,7351500.0,17408800.0,6336500.0,73728100.0,9800400.0,46309500.0,259380000.0,7827700.0,14569500.0,,29473200.0,,,102585900.0,22973300.0,,,22406700.0,3636670000.0,0.0,0.0
2015-04-24,15001200.0,5110400.0,55059000.0,1272700.0,2256400.0,170000.0,1421100.0,,0.0,92168000.0,4221400.0,739100.0,,14992500.0,6566900.0,11623300.0,7741300.0,29660400.0,10962000.0,130933700.0,240960000.0,5381700.0,8785500.0,,32508100.0,,,61327400.0,28481800.0,,,20603400.0,3375780000.0,0.0,0.0
2015-04-27,13486900.0,6316800.0,27320000.0,2566400.0,2245900.0,524200.0,1717000.0,,0.0,48062000.0,5049600.0,854400.0,,32924600.0,9113900.0,10044600.0,7282700.0,25446000.0,16674000.0,59248200.0,248456000.0,5348500.0,9192300.0,,31121300.0,,,79358100.0,25744900.0,,,19349400.0,3438750000.0,0.0,0.0
2015-04-28,11448700.0,5337600.0,31023000.0,3162900.0,2056600.0,353200.0,1302100.0,,0.0,37178000.0,4697400.0,1101100.0,,35654900.0,7484600.0,12174800.0,4357400.0,23775300.0,14365200.0,60730800.0,234484000.0,5065900.0,8395500.0,,36849200.0,,,86863500.0,14437100.0,,,14687700.0,3546270000.0,0.0,0.0
2015-04-29,11870200.0,9646400.0,20903000.0,2600800.0,2522200.0,462200.0,1719000.0,,0.0,33622000.0,8152700.0,1118000.0,,26437900.0,8926200.0,11371400.0,5697200.0,26430300.0,16544400.0,47804600.0,195156000.0,4963600.0,11858500.0,,34043900.0,,,125684900.0,12642500.0,,,21325200.0,4074970000.0,0.0,0.0
2015-04-30,11465300.0,5598400.0,21339000.0,8804800.0,2344600.0,694700.0,2523200.0,,0.0,47240000.0,11463800.0,2650600.0,,72393800.0,10170600.0,12700800.0,8300300.0,28999000.0,30051600.0,64725500.0,218844000.0,6714400.0,9409300.0,,44080500.0,,,161304900.0,16033300.0,,,26387700.0,4509680000.0,0.0,0.0
2015-05-01,11662800.0,4470400.0,25334000.0,6940700.0,2416900.0,515400.0,1504700.0,,0.0,36572000.0,8053700.0,1854300.0,,47996200.0,6255000.0,10848300.0,6280300.0,24136400.0,18231600.0,38937300.0,256968000.0,4622300.0,8193000.0,,32874300.0,,,103399700.0,9732900.0,,,14999100.0,3379390000.0,0.0,0.0
2015-05-04,9670100.0,4988800.0,14207000.0,6235900.0,1027800.0,917600.0,1288800.0,,0.0,35260000.0,6683700.0,2784900.0,,37675100.0,5532400.0,10204800.0,8426300.0,14692000.0,17854800.0,34039500.0,200720000.0,3729400.0,7203800.0,,23507300.0,,,70927200.0,9436900.0,,,20007600.0,3091580000.0,0.0,0.0
2015-05-05,12371600.0,4185600.0,22090000.0,6241200.0,3224500.0,606400.0,1769600.0,,0.0,28528000.0,12736900.0,2050800.0,,56891600.0,8828000.0,11721300.0,7637000.0,22311300.0,17581200.0,50369200.0,292928000.0,3502800.0,6589400.0,,47843300.0,,,113326200.0,13233000.0,,,17566200.0,3793950000.0,0.0,0.0
2015-05-06,18492100.0,5073600.0,14475000.0,3869900.0,1572800.0,398000.0,1737300.0,,0.0,39034000.0,13677500.0,1802100.0,,34348300.0,8030800.0,11906900.0,6614500.0,28663000.0,14031600.0,52433000.0,316484000.0,3376400.0,7335700.0,,42687200.0,,,135060200.0,8302200.0,,,16440300.0,3792210000.0,0.0,0.0
2015-05-07,15015600.0,4372800.0,23542000.0,4577500.0,1500000.0,400300.0,2564500.0,,0.0,31844000.0,8676400.0,2201300.0,,29826100.0,6401600.0,13834700.0,5018900.0,19749400.0,23544000.0,32971700.0,534564000.0,3157400.0,7224300.0,,29335800.0,,,88244900.0,7299600.0,,,16614300.0,3676640000.0,0.0,0.0
2015-05-08,9758800.0,3857600.0,14846000.0,4940700.0,1789500.0,577800.0,1728700.0,,0.0,28226000.0,10319600.0,1004300.0,,26357100.0,7508600.0,11144400.0,7543100.0,19943600.0,120916800.0,35364900.0,1146552000.0,5231600.0,6929400.0,,33023300.0,,,155877300.0,11054400.0,,,16042200.0,3399440000.0,0.0,0.0
2015-05-11,10046900.0,4595200.0,12418000.0,3494700.0,1112900.0,280700.0,1905800.0,,0.0,21858000.0,5499200.0,1324400.0,,28406700.0,5698900.0,10113500.0,4123700.0,18874100.0,55513200.0,24609400.0,544144000.0,3070300.0,5237800.0,,19679300.0,,,75708100.0,6256500.0,,,11234700.0,2992670000.0,0.0,0.0
2015-05-12,10017500.0,12529600.0,10264000.0,2678600.0,1737000.0,368300.0,1923900.0,,0.0,35282000.0,6569200.0,1431000.0,,34961600.0,6903100.0,12384500.0,4848100.0,21285300.0,28122000.0,29928300.0,388800000.0,4229900.0,6305800.0,,33665000.0,,,119727600.0,10406900.0,,,25347000.0,3139520000.0,0.0,0.0
2015-05-13,7575900.0,7345600.0,11857000.0,1801500.0,1612800.0,238600.0,2135900.0,,0.0,24238000.0,4349000.0,1221200.0,,27214700.0,5826800.0,13183700.0,6526900.0,21512300.0,26330400.0,34184600.0,308524000.0,3739800.0,6459900.0,,20738400.0,,,94667900.0,6596700.0,,,25263600.0,3374260000.0,0.0,0.0
2015-05-14,8865100.0,21648000.0,23279000.0,1357400.0,1188100.0,356500.0,3023400.0,,0.0,31736000.0,5147100.0,617500.0,,23293200.0,5454000.0,9961000.0,4744000.0,49438000.0,26426400.0,32980900.0,293052000.0,4018500.0,5634200.0,,23904200.0,,,95934000.0,9130500.0,,,18510600.0,3225740000.0,0.0,0.0
2015-05-15,8054800.0,34032000.0,22627000.0,1867200.0,1777900.0,418200.0,2357000.0,,0.0,33440000.0,8939400.0,854900.0,,22055600.0,6023500.0,8479000.0,7607200.0,27069900.0,11478000.0,28642700.0,215824000.0,3809500.0,7454800.0,,23937400.0,,,76510100.0,5952400.0,,,19851600.0,3092080000.0,0.0,0.0
2015-05-18,4732800.0,11846400.0,17984000.0,4272300.0,1085100.0,326900.0,1451700.0,,0.0,26706000.0,2843700.0,1000400.0,,30846000.0,10479600.0,11511700.0,4100800.0,21613700.0,10815600.0,24136500.0,324972000.0,3328300.0,5590800.0,,17631100.0,,,74549700.0,9387100.0,,,24900900.0,2888190000.0,0.0,0.0
2015-05-19,9588400.0,7974400.0,16053000.0,1528600.0,4960500.0,293800.0,1332700.0,,0.0,47126000.0,4743200.0,1240400.0,,23256800.0,7724100.0,9072000.0,10809200.0,17955400.0,12274800.0,28574800.0,253808000.0,3323900.0,5729500.0,,14212900.0,,,72114600.0,10063100.0,,,67375800.0,3296030000.0,0.0,0.0
2015-05-20,6947700.0,7720000.0,18721000.0,1814800.0,2732000.0,617500.0,1640900.0,,0.0,30840000.0,2841700.0,1682600.0,,20838500.0,7146500.0,10965200.0,6185100.0,23056900.0,13884000.0,25047900.0,196824000.0,2789800.0,5487000.0,,21131900.0,,,76857500.0,9053200.0,,,31625700.0,3025880000.0,0.0,0.0
2015-05-21,7127700.0,8187200.0,21309000.0,1371000.0,1851700.0,478800.0,1539400.0,,0.0,34170000.0,3709300.0,836700.0,,16229300.0,6875600.0,9270900.0,4729500.0,13402700.0,12609600.0,22410700.0,239692000.0,3406100.0,6054700.0,,16771800.0,,,64764600.0,12175800.0,,,20268600.0,3070460000.0,0.0,0.0
2015-05-22,12845400.0,7324800.0,22856000.0,1130000.0,2303100.0,306000.0,1189500.0,,0.0,24266000.0,3716900.0,852300.0,,22601400.0,6216600.0,11909500.0,4559500.0,19567900.0,13446000.0,25720600.0,212592000.0,3311100.0,6003600.0,,13543800.0,,,57433500.0,8574500.0,,,20445000.0,2571860000.0,0.0,0.0
2015-05-26,10007800.0,16016000.0,26781000.0,2777900.0,3162200.0,723100.0,2477400.0,,0.0,37474000.0,3951500.0,1925600.0,,44037800.0,7918900.0,15194300.0,7123100.0,16321300.0,15464400.0,29581900.0,259732000.0,3806200.0,6698300.0,,25488400.0,,,124308600.0,10911600.0,,,31720800.0,3342130000.0,0.0,0.0
2015-05-27,17511000.0,7131200.0,114248000.0,1167400.0,1392900.0,345600.0,2954100.0,,0.0,34844000.0,3737800.0,1015000.0,,32086300.0,9297900.0,9863100.0,8129500.0,14160900.0,23319600.0,27335600.0,432332000.0,4028200.0,8094600.0,,30572700.0,,,93214000.0,14361100.0,,,20961300.0,3127960000.0,0.0,0.0
2015-05-28,12354600.0,6488000.0,249123000.0,1646900.0,1449200.0,219000.0,3206200.0,,0.0,23544000.0,5440700.0,1068200.0,,18631900.0,5700100.0,9395200.0,10204000.0,11982000.0,9940800.0,19283700.0,327656000.0,5321700.0,5803400.0,,17302400.0,,,74974600.0,10416600.0,,,15076500.0,2980350000.0,0.0,0.0
2015-05-29,7750500.0,12728000.0,118244000.0,1068500.0,1402100.0,624800.0,3027100.0,,0.0,43446000.0,4764000.0,1148500.0,,33468900.0,9957800.0,19628600.0,6439100.0,16134600.0,27607200.0,36519600.0,335168000.0,5731700.0,12551700.0,,30383000.0,,,124919600.0,13170000.0,,,19125300.0,3927390000.0,0.0,0.0
2015-06-01,6803700.0,8064000.0,83579000.0,1733300.0,1428500.0,1320800.0,2182700.0,,0.0,33210000.0,9372600.0,2161700.0,,35649400.0,7298100.0,12684100.0,4919200.0,18119000.0,15769200.0,28837300.0,372660000.0,4407000.0,7588000.0,,24570200.0,,,93338800.0,10391300.0,,,16938000.0,3011710000.0,0.0,0.0
2015-06-02,7106000.0,12590400.0,41264000.0,1547500.0,2045300.0,1179500.0,1963500.0,,0.0,31842000.0,5203700.0,1484500.0,,29477600.0,8312400.0,11878600.0,4430300.0,18923300.0,16179600.0,21498300.0,224304000.0,3959800.0,7380800.0,,19449600.0,,,91531000.0,12267300.0,,,17393400.0,3049350000.0,0.0,0.0
2015-06-03,8062300.0,27473600.0,30450000.0,1829800.0,1562200.0,3622300.0,1858200.0,,0.0,26710000.0,9532700.0,1703400.0,,30774800.0,5375200.0,8153800.0,4165700.0,31775000.0,15366000.0,28002200.0,250788000.0,3248800.0,5985800.0,,20507200.0,,,87820900.0,10846500.0,,,18281400.0,3099980000.0,0.0,0.0
2015-06-04,11575800.0,10876800.0,28017000.0,1668700.0,995600.0,700800.0,2898600.0,,0.0,26866000.0,11381700.0,1594800.0,,25820600.0,8057900.0,10145800.0,4702800.0,20863900.0,16527600.0,27745500.0,323712000.0,4793700.0,7714600.0,,31374600.0,,,151882800.0,16981800.0,,,26948400.0,3200050000.0,0.0,0.0
2015-06-05,7349700.0,22761600.0,38593000.0,2042400.0,1044600.0,440400.0,3203200.0,,0.0,24396000.0,7747600.0,1384900.0,,36626500.0,7557300.0,15975600.0,3959300.0,16143100.0,11488800.0,25438100.0,313320000.0,4741200.0,9439700.0,,22641700.0,,,121704700.0,9277100.0,,,31905300.0,3243690000.0,0.0,0.0
2015-06-08,6212900.0,18182400.0,54422000.0,3002400.0,1372600.0,823000.0,1879700.0,,0.0,27336000.0,6487800.0,877800.0,,18798700.0,7054600.0,14339300.0,4594600.0,16915500.0,15476400.0,22121600.0,342812000.0,4466600.0,10916200.0,,24549200.0,,,89063300.0,9155900.0,,,28779000.0,2917150000.0,0.0,0.0
2015-06-09,12282700.0,10587200.0,44071000.0,3020900.0,1151000.0,698500.0,2039100.0,,0.0,30016000.0,11416200.0,822400.0,,23928300.0,7844300.0,10772700.0,7770900.0,16497500.0,10122000.0,24406100.0,256888000.0,3411900.0,11528900.0,,27554600.0,,,105034700.0,14045900.0,,,25006800.0,3034580000.0,0.0,0.0
2015-06-10,8161200.0,20443200.0,42617000.0,3705300.0,1573800.0,345000.0,1725600.0,,0.0,30316000.0,5187500.0,967000.0,,42563500.0,10025100.0,11979900.0,4828600.0,21531200.0,17515200.0,28417400.0,529460000.0,3892000.0,9483500.0,,30297900.0,,,134551300.0,14611900.0,,,33647400.0,3414320000.0,0.0,0.0
2015-06-11,7671000.0,9638400.0,31517000.0,2712000.0,763300.0,331500.0,1342300.0,,0.0,25872000.0,5202100.0,3069700.0,,17489400.0,6175200.0,11944900.0,4203900.0,18656800.0,15892800.0,27347800.0,283052000.0,3020100.0,7633300.0,,17593500.0,,,73876400.0,12836500.0,,,22260000.0,3128600000.0,0.0,0.0
2015-06-12,4557600.0,12136000.0,19145000.0,2168700.0,1141200.0,299300.0,1290700.0,,0.0,25468000.0,5713500.0,1578100.0,,23578600.0,8717200.0,15568600.0,3702400.0,11417900.0,16983600.0,23931000.0,323728000.0,3748500.0,6508600.0,,27201800.0,,,135382400.0,12115900.0,,,21739800.0,2719400000.0,0.0,0.0
2015-06-15,8627800.0,15883200.0,34565000.0,2001000.0,1058900.0,410200.0,1939500.0,,0.0,27150000.0,12726200.0,1478800.0,,30618300.0,6833500.0,11364800.0,5861800.0,18805100.0,10668000.0,33254500.0,306548000.0,7203000.0,7527900.0,,31238800.0,,,124384200.0,12984800.0,,,22700400.0,3061570000.0,0.0,0.0
2015-06-16,9795000.0,15590400.0,20998000.0,1336600.0,704700.0,243500.0,1553600.0,,0.0,32526000.0,5249800.0,779000.0,,32800900.0,6049500.0,12517400.0,3094800.0,13693700.0,16544400.0,27070300.0,256892000.0,2728700.0,8285700.0,,16456900.0,,,85308200.0,12381400.0,,,18646800.0,2919900000.0,0.0,0.0
2015-06-17,27497900.0,14062400.0,25429000.0,1586700.0,898800.0,218500.0,1508100.0,,0.0,24440000.0,5660400.0,1994000.0,,32467000.0,6155800.0,13898400.0,3941000.0,18350300.0,11414400.0,28704100.0,233544000.0,3108900.0,9305800.0,,23296700.0,,,126708600.0,12642300.0,,,17111700.0,3222240000.0,0.0,0.0
2015-06-18,25400200.0,17123200.0,25298000.0,2826200.0,703100.0,398100.0,2074100.0,,0.0,41192000.0,6869900.0,1481600.0,,39642100.0,8815800.0,16314600.0,5101000.0,26782600.0,12478800.0,32658300.0,299404000.0,4035400.0,10712500.0,,43032400.0,,,165867900.0,11225200.0,,,25129800.0,3520360000.0,0.0,0.0
2015-06-19,25551700.0,18534400.0,26881000.0,3051600.0,1174900.0,438300.0,2758200.0,,0.0,59290000.0,12585700.0,1849600.0,,23310900.0,11653600.0,23550600.0,8279300.0,23353200.0,18334800.0,63837000.0,355656000.0,5463300.0,15598800.0,,27877600.0,,,130478700.0,11609100.0,,,43652100.0,4449810000.0,0.0,0.0
2015-06-22,19410100.0,12691200.0,22846000.0,2106900.0,930000.0,261400.0,1415700.0,,0.0,34752000.0,5035400.0,860300.0,,25230000.0,5055900.0,8775900.0,3893300.0,29383100.0,8797200.0,20318100.0,514236000.0,3626700.0,6907900.0,,19120900.0,,,70696000.0,13407100.0,,,19468500.0,3030020000.0,0.0,0.0
2015-06-23,17919600.0,9385600.0,21497000.0,2197800.0,794800.0,357900.0,1489400.0,,0.0,31396000.0,3474800.0,925000.0,,23378500.0,6046600.0,11094900.0,4541700.0,50667900.0,9764400.0,25896500.0,414064000.0,3679900.0,7190600.0,,18127900.0,,,68476800.0,9339600.0,,,23628900.0,3091190000.0,0.0,0.0
2015-06-24,17516700.0,11857600.0,22402000.0,1451600.0,953600.0,292100.0,1965900.0,,0.0,28924000.0,2636900.0,1176500.0,,26436800.0,7254700.0,10385100.0,3927100.0,41370200.0,10110000.0,34890900.0,253368000.0,4742000.0,8843700.0,,15815900.0,,,92307300.0,9368200.0,,,22015200.0,3102480000.0,0.0,0.0
2015-06-25,18360200.0,12801600.0,17538000.0,1443300.0,1105200.0,204900.0,1660900.0,,0.0,26684000.0,5176700.0,919800.0,,24100900.0,6581100.0,10607600.0,4322300.0,27302000.0,17835600.0,20616000.0,350460000.0,4426400.0,5855700.0,,18326700.0,,,97107400.0,8369700.0,,,15879600.0,3214610000.0,0.0,0.0
2015-06-26,97054200.0,45179200.0,71798000.0,1623900.0,1405200.0,312900.0,2248900.0,,0.0,43676000.0,6683200.0,1441500.0,,38219900.0,9041100.0,16215600.0,6039500.0,38214600.0,30207600.0,49835300.0,421296000.0,5119600.0,7703200.0,,32311700.0,,,104174800.0,14805800.0,,,20693400.0,5025470000.0,0.0,0.0
2015-06-29,22971500.0,17088000.0,40473000.0,3515200.0,1600600.0,381800.0,1963200.0,,0.0,37756000.0,10156900.0,1500900.0,,49224900.0,11150900.0,15500800.0,8412800.0,35957900.0,12392400.0,34081700.0,391724000.0,3625600.0,7966200.0,,50874900.0,,,202621300.0,14494500.0,,,24563400.0,3678960000.0,0.0,0.0
2015-06-30,19381300.0,10336000.0,28695000.0,2622600.0,1547700.0,312000.0,2454300.0,,0.0,34510000.0,4912700.0,1599400.0,,39631300.0,8967900.0,14621300.0,6656000.0,23016500.0,11278800.0,35945400.0,315916000.0,4188500.0,8451400.0,,34809900.0,,,182925100.0,15836800.0,,,33307800.0,4078540000.0,0.0,0.0
2015-07-01,19375000.0,9588800.0,43059000.0,1589800.0,884100.0,384000.0,1707000.0,,0.0,30760000.0,13614700.0,3738800.0,,28627700.0,6726700.0,11177400.0,4446200.0,25260000.0,11029200.0,28343900.0,302892000.0,4808600.0,8868000.0,,21293000.0,,,135979900.0,12403200.0,,,32321700.0,3727260000.0,0.0,0.0
2015-07-02,31185900.0,8182400.0,32797000.0,969800.0,1126900.0,379700.0,1148400.0,,0.0,28124000.0,5586300.0,1924600.0,,31486400.0,6091900.0,8975900.0,3250900.0,16908800.0,8656800.0,21752000.0,145764000.0,3209600.0,6602500.0,,20499400.0,,,104373700.0,7884900.0,,,19758300.0,2996540000.0,0.0,0.0
2015-07-06,20349400.0,12956800.0,30188000.0,1114300.0,1390900.0,237400.0,2450400.0,,0.0,25614000.0,4719100.0,1723300.0,,27852200.0,6817800.0,10252600.0,3852500.0,24635900.0,14943600.0,23034000.0,214776000.0,4952400.0,6601200.0,,24311000.0,,,117975400.0,7476100.0,,,31609500.0,3486360000.0,0.0,0.0
2015-07-07,46418700.0,16100800.0,59268000.0,1509200.0,2313200.0,273000.0,3790000.0,,0.0,33578000.0,8406300.0,2083900.0,,39347100.0,7122600.0,20335000.0,4794400.0,33059900.0,12181200.0,36435800.0,594252000.0,7724800.0,11690400.0,,44230800.0,,,173820200.0,10131500.0,,,37263900.0,4458660000.0,0.0,0.0
2015-07-08,15302900.0,11768000.0,51371000.0,1913200.0,1968800.0,330200.0,2917100.0,,0.0,27662000.0,5744800.0,1991200.0,,40724500.0,6845500.0,11383700.0,4914300.0,24399300.0,10477200.0,39785900.0,332492000.0,6055100.0,6724700.0,,39691500.0,,,164020100.0,13956700.0,,,23373000.0,3608780000.0,0.0,0.0
2015-07-09,23378200.0,7443200.0,73469000.0,2138000.0,1398700.0,456500.0,3317600.0,,0.0,29766000.0,6291000.0,1206900.0,,29770400.0,7316400.0,13392000.0,5482500.0,23307400.0,7818000.0,32424700.0,357588000.0,9932300.0,10419800.0,,28381000.0,,,144113100.0,12147200.0,,,26087400.0,3446810000.0,0.0,0.0
2015-07-10,17520800.0,6366400.0,50948000.0,976300.0,2086800.0,303600.0,2846000.0,,0.0,43436000.0,7097900.0,3719900.0,,28735800.0,6969300.0,13360400.0,5179200.0,23245900.0,9165600.0,25465800.0,216708000.0,7233600.0,6892500.0,,26415800.0,,,129456900.0,9042600.0,,,16737900.0,3065070000.0,0.0,0.0
2015-07-13,9080900.0,7883200.0,25304000.0,1577100.0,1514500.0,359200.0,1847800.0,,0.0,41792000.0,6119200.0,1322300.0,,21349900.0,6986300.0,9854200.0,4578700.0,29976700.0,9891600.0,28178300.0,212472000.0,7263800.0,7332900.0,,25780700.0,,,106069400.0,11501200.0,,,18253500.0,3096730000.0,0.0,0.0
2015-07-14,15812300.0,7654400.0,26289000.0,947300.0,2302900.0,204400.0,1512800.0,,0.0,74832000.0,6354100.0,1321600.0,,21009500.0,9890600.0,19531000.0,5746100.0,26627800.0,19066800.0,22880300.0,249216000.0,4479400.0,6119500.0,,21977200.0,,,81709600.0,8778400.0,,,16554600.0,3002120000.0,0.0,0.0
2015-07-15,13517800.0,8049600.0,23100000.0,1899500.0,1743600.0,323100.0,1306700.0,,0.0,41466000.0,5983300.0,1239500.0,,22238300.0,7990300.0,11252100.0,7572500.0,30886600.0,8492400.0,26629600.0,265732000.0,5464700.0,6673700.0,,28631500.0,,,97914100.0,13861500.0,,,13700100.0,3261810000.0,0.0,0.0
2015-07-16,20653300.0,12512000.0,33977000.0,2844500.0,2172000.0,220800.0,1148100.0,,0.0,112642000.0,7523600.0,811400.0,,33568400.0,5775000.0,10483700.0,7696200.0,21804100.0,9518400.0,26271700.0,282848000.0,4253000.0,6623400.0,,29838900.0,,,106683300.0,29850800.0,,,15695100.0,3227080000.0,0.0,0.0
2015-07-17,28127100.0,7438400.0,29000000.0,1178700.0,4992000.0,250700.0,1842100.0,,0.0,257162000.0,7788400.0,881300.0,,24739900.0,8054200.0,9608300.0,6429800.0,54001600.0,7246800.0,29467100.0,220372000.0,3573300.0,5827300.0,,35926800.0,,,89030000.0,10314200.0,,,17041800.0,3362750000.0,0.0,0.0
2015-07-20,12142400.0,8249600.0,23563000.0,2387300.0,2423400.0,307600.0,1243600.0,,0.0,102436000.0,6740400.0,842500.0,,23271100.0,5016200.0,10024200.0,4947000.0,54860500.0,8726400.0,30631900.0,188412000.0,3391800.0,5012900.0,,26539000.0,,,70446800.0,12307200.0,,,15256800.0,3245870000.0,0.0,0.0
2015-07-21,15034500.0,5600000.0,31532000.0,983800.0,1343600.0,422400.0,1587800.0,,0.0,75604000.0,4904800.0,676600.0,,28118700.0,5891600.0,13653800.0,4206700.0,39453300.0,12163200.0,42781900.0,149720000.0,3065400.0,7512400.0,,35468900.0,,,77965000.0,9372700.0,,,19323300.0,3343690000.0,0.0,0.0
2015-07-22,16043400.0,9177600.0,61346000.0,1334200.0,2260600.0,284700.0,1612000.0,,0.0,83100000.0,10578500.0,523800.0,,20654200.0,6721900.0,15528600.0,5392600.0,28299500.0,13639200.0,59152400.0,356472000.0,3371300.0,6106400.0,,35575000.0,,,88667900.0,17279900.0,,,20884800.0,3694070000.0,0.0,0.0
2015-07-23,10641900.0,13084800.0,30608000.0,1166900.0,2522200.0,269600.0,1356100.0,,0.0,76232000.0,4918400.0,1064800.0,,39712100.0,5016100.0,13522200.0,10380700.0,29418800.0,10767600.0,33934000.0,169916000.0,2742900.0,5380900.0,,25698300.0,,,90509100.0,16251500.0,,,12758700.0,3772810000.0,0.0,0.0
2015-07-24,16478400.0,7174400.0,36311000.0,1613700.0,2395600.0,912000.0,1272700.0,,0.0,82622000.0,4702900.0,1098400.0,,39533000.0,6524200.0,10912500.0,5554600.0,33444900.0,10586400.0,32333200.0,188844000.0,3631700.0,5660800.0,,30844700.0,,,117755000.0,15045700.0,,,17853300.0,3870040000.0,0.0,0.0
2015-07-27,11916500.0,5595200.0,34893000.0,1817300.0,2672700.0,616600.0,1431300.0,,0.0,58382000.0,11061700.0,1392600.0,,35627200.0,8734000.0,10945700.0,5818600.0,38585400.0,11732400.0,39701400.0,192420000.0,4783400.0,8613600.0,,35994800.0,,,132361100.0,10167100.0,,,18592800.0,3836750000.0,0.0,0.0
2015-07-28,14614600.0,10329600.0,27869000.0,2107300.0,2909300.0,545900.0,1376500.0,,0.0,34364000.0,10471000.0,6205200.0,,53474800.0,7757500.0,11021800.0,4863000.0,35236000.0,10284000.0,34328900.0,198308000.0,4937100.0,8649900.0,,33553500.0,,,123544800.0,13102700.0,,,25776900.0,4117740000.0,0.0,0.0
2015-07-29,25582200.0,11745600.0,33407000.0,2276700.0,1786500.0,640400.0,1840500.0,,0.0,36756000.0,8839500.0,2107300.0,,32411300.0,7853500.0,8479900.0,6006500.0,64648300.0,9979200.0,40945900.0,232680000.0,3851100.0,8921500.0,,26714100.0,,,105791300.0,12780100.0,,,14819100.0,4038900000.0,0.0,0.0
2015-07-30,15837400.0,8716800.0,39169000.0,9392100.0,2732000.0,377300.0,1392700.0,,0.0,39606000.0,6127600.0,683200.0,,29383900.0,5517400.0,9095500.0,5372500.0,86211300.0,7737600.0,39777900.0,190180000.0,3380700.0,22067800.0,,25438100.0,,,91304400.0,17400600.0,,,13813500.0,3579410000.0,0.0,0.0
2015-07-31,7733700.0,9456000.0,30593000.0,5854600.0,2327400.0,413900.0,1386700.0,,0.0,34922000.0,5936500.0,1113000.0,,31812700.0,6216800.0,15309500.0,7647000.0,46509000.0,9470400.0,31201500.0,218340000.0,5049600.0,11877200.0,,22081700.0,,,103266900.0,16313800.0,,,23785200.0,3681340000.0,0.0,0.0
2015-08-03,26218200.0,6387200.0,27273000.0,3796100.0,953300.0,404600.0,1328100.0,,0.0,31348000.0,5416900.0,2627700.0,,34033200.0,6172500.0,14672600.0,4427300.0,29343100.0,14155200.0,24125900.0,397132000.0,3711100.0,9511300.0,,25001800.0,,,113965700.0,11945800.0,,,15395400.0,3476770000.0,0.0,0.0
2015-08-04,14328400.0,7099200.0,47467000.0,3771000.0,3354000.0,545700.0,1315300.0,,0.0,26188000.0,3691400.0,1036000.0,,21728900.0,6005300.0,17559900.0,2842100.0,20136000.0,21579600.0,33403900.0,260100000.0,3955000.0,13369100.0,,22132300.0,,,81820800.0,13832400.0,,,17620200.0,3546710000.0,0.0,0.0
2015-08-05,13236000.0,7136000.0,34158000.0,2575100.0,2506900.0,504400.0,1687800.0,,0.0,36448000.0,7778300.0,1283300.0,,25673500.0,4571300.0,15329200.0,3560600.0,29813200.0,20292000.0,26959700.0,234628000.0,4320400.0,10895400.0,,28989900.0,,,85786800.0,7506500.0,,,26147400.0,3968680000.0,0.0,0.0
2015-08-06,9475000.0,19248000.0,46052000.0,2352500.0,1964200.0,405800.0,1948000.0,,0.0,40660000.0,10794800.0,731700.0,,42225300.0,6988000.0,11378900.0,6740200.0,42271300.0,41133600.0,27368000.0,655676000.0,6224000.0,9353300.0,,42125400.0,,,116030800.0,12945100.0,,,19103100.0,4246570000.0,0.0,0.0
2015-08-07,7680800.0,35940800.0,30527000.0,1770100.0,1600200.0,365700.0,1228300.0,,0.0,27544000.0,5483500.0,1533700.0,,42261400.0,6027900.0,10886700.0,3463700.0,23199100.0,31380000.0,19163000.0,1405248000.0,4608300.0,10045400.0,,30006800.0,,,117858000.0,16644500.0,,,23392500.0,3602320000.0,0.0,0.0
2015-08-10,29926200.0,12678400.0,28907000.0,2280200.0,2651700.0,432100.0,1072600.0,,0.0,34458000.0,3234500.0,1123900.0,,28798900.0,6133500.0,9501900.0,3994500.0,21624200.0,21722400.0,23079900.0,662304000.0,4753700.0,9165900.0,,21500800.0,,,80270700.0,25398700.0,,,18060300.0,3514460000.0,0.0,0.0
2015-08-11,7479200.0,12688000.0,26744000.0,1446300.0,3062700.0,279700.0,1260700.0,,0.0,109880000.0,4598600.0,2263800.0,,33383800.0,6682600.0,11254900.0,3585000.0,22491000.0,14559600.0,29237400.0,435008000.0,3581300.0,7491900.0,,36123300.0,,,126081400.0,18685200.0,,,20487600.0,3708880000.0,0.0,0.0
2015-08-12,8521200.0,9564800.0,27205000.0,1932700.0,1883200.0,417200.0,1963800.0,,0.0,58498000.0,6371900.0,1765700.0,,46500100.0,7462400.0,9602200.0,4167100.0,27050500.0,14964000.0,30181400.0,384048000.0,3743300.0,10397700.0,,41889000.0,,,172123700.0,20957100.0,,,26524200.0,4269130000.0,0.0,0.0
2015-08-13,7839700.0,5235200.0,14571000.0,1714100.0,1922600.0,272400.0,1114000.0,,0.0,36354000.0,7422100.0,1626500.0,,35698300.0,5048000.0,10270900.0,4636400.0,17451800.0,23931600.0,22627200.0,276884000.0,4190600.0,5948000.0,,22510500.0,,,89383300.0,7873400.0,,,22957200.0,3221300000.0,0.0,0.0
2015-08-14,6183400.0,5524800.0,26496000.0,939200.0,892400.0,237400.0,1210400.0,,0.0,27598000.0,3437900.0,612500.0,,21091500.0,5177300.0,9904800.0,3185600.0,15929700.0,14010000.0,21473400.0,214652000.0,3375600.0,5586900.0,,17924900.0,,,72786500.0,11355400.0,,,17737500.0,2795590000.0,0.0,0.0
2015-08-17,9062400.0,5345600.0,21293000.0,962900.0,932000.0,314800.0,912600.0,,0.0,24680000.0,4153600.0,905300.0,,22328200.0,6901800.0,8272800.0,5204100.0,18313500.0,9634800.0,21099700.0,273880000.0,3253100.0,8683900.0,,21224900.0,,,79072600.0,18060200.0,,,22813200.0,2867690000.0,0.0,0.0
2015-08-18,9751900.0,6406400.0,19502000.0,1048200.0,839100.0,278700.0,1099100.0,,0.0,27710000.0,5471300.0,690400.0,,26360400.0,7618800.0,11199400.0,4257300.0,22278800.0,9555600.0,23574100.0,287084000.0,4578500.0,7445900.0,,13984400.0,,,71692700.0,10410700.0,,,63945000.0,2949990000.0,0.0,0.0
2015-08-19,7441200.0,6328000.0,30891000.0,1990500.0,1289500.0,228900.0,1436100.0,,0.0,50194000.0,7208500.0,1444500.0,,45178900.0,7642400.0,15796500.0,5989000.0,23251300.0,14995200.0,31485500.0,249248000.0,3903500.0,9865300.0,,42511400.0,,,172946000.0,12520400.0,,,49000200.0,3512920000.0,0.0,0.0
2015-08-20,13745700.0,10708800.0,41756000.0,2354500.0,1227100.0,254100.0,1785100.0,,0.0,57798000.0,11099100.0,1933300.0,,51879800.0,10620400.0,14218000.0,6668000.0,44598200.0,12246000.0,36238200.0,426932000.0,3956800.0,10696500.0,,57747300.0,,,194327900.0,12865500.0,,,29580300.0,3922470000.0,0.0,0.0
2015-08-21,12529500.0,13649600.0,56472000.0,3962300.0,1974800.0,682200.0,3611400.0,,0.0,91880000.0,13158600.0,2123600.0,,79168300.0,16141500.0,28036200.0,10980000.0,62778700.0,20253600.0,70053100.0,382664000.0,7514400.0,15763900.0,,97763400.0,,,346588500.0,20217500.0,,,47239500.0,5018240000.0,0.0,0.0
2015-08-24,17217400.0,19998400.0,69040000.0,3258000.0,3462600.0,816200.0,5205800.0,,0.0,129788000.0,19116200.0,3074800.0,,83809200.0,25636300.0,44065300.0,15074800.0,83710700.0,30945600.0,88753700.0,682284000.0,13366900.0,23696300.0,,150829900.0,,,507244300.0,31876000.0,,,66718800.0,6612690000.0,0.0,0.0
2015-08-25,12097700.0,6513600.0,43921000.0,2262300.0,2586400.0,554900.0,4645100.0,,0.0,71430000.0,18194700.0,2925500.0,,59240200.0,15671100.0,31363700.0,11468800.0,52021200.0,22093200.0,70616600.0,622684000.0,8258100.0,21476900.0,,75088300.0,,,369833100.0,25640300.0,,,44403000.0,5183560000.0,0.0,0.0
2015-08-26,10715300.0,8776000.0,59354000.0,2918400.0,1635500.0,590800.0,3094900.0,,0.0,87740000.0,10654800.0,3512900.0,,51605300.0,14738300.0,23523300.0,16439800.0,45124300.0,18549600.0,63408000.0,614976000.0,7614100.0,17464700.0,,104103800.0,,,339257000.0,20952300.0,,,41784900.0,5338250000.0,0.0,0.0
2015-08-27,11839300.0,6718400.0,91882000.0,3000500.0,2225800.0,478000.0,2603100.0,,0.0,58974000.0,12772100.0,1414100.0,,49533700.0,11131200.0,18871600.0,10187100.0,42431400.0,14782800.0,50943200.0,463764000.0,6690000.0,13434000.0,,69377700.0,,,274143900.0,17880000.0,,,41738400.0,5006390000.0,0.0,0.0
2015-08-28,10924600.0,4724800.0,36322000.0,1536500.0,1789400.0,289100.0,1850900.0,,0.0,38836000.0,9100000.0,1998000.0,,41601400.0,9200300.0,14503900.0,5606000.0,33215900.0,14428800.0,28246700.0,320944000.0,6002300.0,10020000.0,,49919600.0,,,160414400.0,10980800.0,,,42909000.0,3949080000.0,0.0,0.0
2015-08-31,6516000.0,4928000.0,30087000.0,1181400.0,2493200.0,252100.0,3005700.0,,0.0,38936000.0,5408800.0,5431600.0,,29250900.0,9083500.0,12673300.0,5086600.0,32850700.0,19850400.0,34441700.0,219352000.0,5328000.0,9520900.0,,39549400.0,,,163298800.0,9081400.0,,,24525600.0,3915100000.0,0.0,0.0
2015-09-01,8470700.0,10070400.0,49749000.0,1465000.0,2518200.0,345400.0,2968200.0,,0.0,51458000.0,4739100.0,3749700.0,,45129200.0,14593500.0,23703200.0,7308400.0,36097400.0,14282400.0,49688900.0,353408000.0,8367800.0,15437700.0,,73155500.0,,,256000400.0,14185700.0,,,40181700.0,4371850000.0,0.0,0.0
2015-09-02,6306100.0,11275200.0,36700000.0,2046200.0,2157000.0,265100.0,1809900.0,,0.0,37630000.0,5259700.0,2441700.0,,26865800.0,11517400.0,14054800.0,6908100.0,27190500.0,17048400.0,37671500.0,344044000.0,5935400.0,8903700.0,,43963600.0,,,160269300.0,14670900.0,,,28543800.0,3742620000.0,0.0,0.0
2015-09-03,7154200.0,9427200.0,29954000.0,1210000.0,1262800.0,273900.0,1615600.0,,0.0,34572000.0,8779000.0,1791300.0,,33334500.0,9027200.0,13311600.0,6313900.0,27048200.0,12754800.0,28285200.0,262556000.0,3774100.0,8468300.0,,45131800.0,,,152087800.0,8174900.0,,,25571400.0,3520700000.0,0.0,0.0
2015-09-04,6725300.0,9270400.0,24923000.0,725600.0,1297000.0,181100.0,2124500.0,,0.0,40478000.0,4671000.0,1421300.0,,31154600.0,10996800.0,15450500.0,4429100.0,27328700.0,13929600.0,37138800.0,287972000.0,5653600.0,11497500.0,,49379600.0,,,207081000.0,8944000.0,,,27697200.0,3167090000.0,0.0,0.0
2015-09-08,6009500.0,12852800.0,35477000.0,1188400.0,1938500.0,242200.0,1638000.0,,0.0,39092000.0,5450300.0,1583500.0,,29916300.0,11394100.0,15273900.0,5771100.0,27012500.0,20230800.0,32469800.0,238448000.0,3638200.0,9182300.0,,37343500.0,,,116025700.0,10390900.0,,,53120400.0,3548650000.0,0.0,0.0
2015-09-09,12612300.0,12732800.0,31502000.0,1042400.0,1764900.0,298300.0,1390800.0,,0.0,40978000.0,4914800.0,1397200.0,,40963000.0,7384500.0,13764600.0,5129400.0,32551100.0,14530800.0,33469500.0,289392000.0,4474400.0,11070600.0,,47146700.0,,,149347700.0,10318700.0,,,28392600.0,3652120000.0,0.0,0.0
2015-09-10,4290400.0,18720000.0,36224000.0,707400.0,1862800.0,387000.0,1350700.0,,0.0,27850000.0,4744100.0,1601600.0,,29877900.0,8359500.0,14952500.0,6210800.0,26437400.0,9505200.0,31366600.0,357076000.0,3928100.0,12591100.0,,47686700.0,,,158611100.0,17806400.0,,,43574400.0,3626320000.0,0.0,0.0
2015-09-11,31010300.0,55283200.0,39606000.0,695800.0,1512600.0,374000.0,1452300.0,,0.0,34892000.0,4834900.0,1069000.0,,27949400.0,7381300.0,11802300.0,6656300.0,21185000.0,9057600.0,27132500.0,301584000.0,4062600.0,11291400.0,,29106100.0,,,119691200.0,9549900.0,,,24187200.0,3218590000.0,0.0,0.0
2015-09-14,16458500.0,24089600.0,34643000.0,710100.0,2157900.0,259400.0,1123300.0,,0.0,29942000.0,4383100.0,897500.0,,22365800.0,7948700.0,8950000.0,4557200.0,20127900.0,12976800.0,23656000.0,192460000.0,4383600.0,9712800.0,,19718800.0,,,79452000.0,7790800.0,,,20870100.0,3000200000.0,0.0,0.0
2015-09-15,6524400.0,15697600.0,30804000.0,754300.0,1292000.0,187700.0,1349600.0,,0.0,35546000.0,4247800.0,1903000.0,,26745300.0,7030700.0,13019800.0,5142600.0,18859400.0,9562800.0,28882200.0,327976000.0,3725100.0,11043700.0,,30020200.0,,,113806200.0,11469800.0,,,20582400.0,3239860000.0,0.0,0.0
2015-09-16,4928300.0,17070400.0,27317000.0,1115000.0,3326800.0,168200.0,1374300.0,,0.0,26252000.0,5026700.0,1305300.0,,27127800.0,5630400.0,22233400.0,5198700.0,16321200.0,13975200.0,23372200.0,173508000.0,4152000.0,8704200.0,,31329100.0,,,99581600.0,11471100.0,,,16876200.0,3630680000.0,0.0,0.0
2015-09-17,5831600.0,17904000.0,19918000.0,1192300.0,2577300.0,153100.0,1535300.0,,0.0,47752000.0,6576800.0,2394300.0,,50405400.0,8258000.0,21232500.0,7955000.0,27841800.0,11089200.0,32768200.0,268712000.0,5300800.0,11029600.0,,56139800.0,,,276046600.0,11394200.0,,,21399300.0,4183790000.0,0.0,0.0
2015-09-18,11814000.0,36779200.0,44021000.0,1376800.0,2024500.0,375400.0,2833900.0,,0.0,72544000.0,10827600.0,2074200.0,,42736100.0,14211100.0,27527300.0,10492700.0,62300000.0,49533600.0,63143700.0,326412000.0,9622400.0,18210200.0,,48384000.0,,,223657500.0,14057800.0,,,38655600.0,6021240000.0,0.0,0.0
2015-09-21,5377800.0,18227200.0,16515000.0,1299900.0,1839300.0,232400.0,1004800.0,,0.0,39094000.0,7579000.0,1591700.0,,33021700.0,7053700.0,12935800.0,4543500.0,28790000.0,11356800.0,26177200.0,281840000.0,3654000.0,7742800.0,,35772600.0,,,105726200.0,12292100.0,,,21358800.0,3269350000.0,0.0,0.0
2015-09-22,9975200.0,15326400.0,22483000.0,1369700.0,2185400.0,216100.0,1787200.0,,0.0,54362000.0,7366900.0,1395500.0,,35786900.0,10618700.0,15021300.0,6254500.0,36888900.0,15884400.0,28085900.0,228356000.0,4547900.0,10207800.0,,47359700.0,,,153890900.0,13482400.0,,,26402400.0,3808260000.0,0.0,0.0
2015-09-23,9649200.0,13520000.0,21879000.0,1484100.0,1856600.0,241200.0,2310200.0,,0.0,29160000.0,7686000.0,1364300.0,,25506800.0,5609300.0,8910800.0,3035300.0,21701400.0,8362800.0,17145200.0,161632000.0,3401600.0,6294200.0,,21775100.0,,,92790600.0,22169600.0,,,17629800.0,3190530000.0,0.0,0.0
2015-09-24,11247700.0,16828800.0,44995000.0,1733300.0,2564400.0,326100.0,1974900.0,,0.0,38692000.0,9167500.0,1393000.0,,39810300.0,7407600.0,19385700.0,4138800.0,29106000.0,17692800.0,27905600.0,382440000.0,4064000.0,13423500.0,,38284300.0,,,159378800.0,11088800.0,,,20868600.0,4091530000.0,0.0,0.0
2015-09-25,5644600.0,11515200.0,35087000.0,1429700.0,1256600.0,209900.0,1845700.0,,0.0,48480000.0,8384200.0,1564000.0,,43750300.0,10794400.0,22511300.0,4825800.0,28961600.0,10178400.0,29384600.0,369692000.0,4897200.0,15080700.0,,44700000.0,,,155054800.0,10742300.0,,,21489000.0,3721870000.0,0.0,0.0
2015-09-28,5693100.0,19059200.0,39887000.0,1742400.0,2594000.0,191400.0,2553500.0,,0.0,47646000.0,12416300.0,1926000.0,,56765300.0,14332800.0,19323100.0,6609800.0,41199900.0,13723200.0,27613800.0,395584000.0,4659200.0,9207300.0,,44077500.0,,,178515900.0,15576100.0,,,28183200.0,4326660000.0,0.0,0.0
2015-09-29,7005300.0,8249600.0,47991000.0,1284200.0,2088500.0,172900.0,2513100.0,,0.0,42130000.0,11417600.0,2460900.0,,49980700.0,11520000.0,14166900.0,6944800.0,42281800.0,13432800.0,32763600.0,380736000.0,5632200.0,9033300.0,,49315500.0,,,159045600.0,10919600.0,,,22920300.0,4132390000.0,0.0,0.0
2015-09-30,5739500.0,8012800.0,43955000.0,1459200.0,1681200.0,190400.0,2549200.0,,0.0,52954000.0,14539800.0,2676000.0,,50834500.0,10970100.0,19752600.0,5517600.0,36169100.0,12716400.0,34958900.0,556380000.0,5873600.0,11041900.0,,41411400.0,,,163452000.0,12400200.0,,,23937600.0,4525070000.0,0.0,0.0
2015-10-01,5531700.0,11356800.0,45674000.0,859500.0,1632600.0,355800.0,2657300.0,,0.0,42506000.0,12179800.0,10101300.0,,44985900.0,9675900.0,19606600.0,4456600.0,29283700.0,11539200.0,28657900.0,489296000.0,5061800.0,8547600.0,,39339100.0,,,131079000.0,14508200.0,,,23511600.0,3983600000.0,0.0,0.0
2015-10-02,7146100.0,8593600.0,35207000.0,844700.0,1872100.0,193900.0,2591500.0,,0.0,48788000.0,14060200.0,3320200.0,,58019200.0,8368100.0,15537300.0,4400800.0,37881700.0,12681600.0,41839000.0,386144000.0,5163700.0,9085600.0,,59370900.0,,,211003300.0,15271100.0,,,21252000.0,4378570000.0,0.0,0.0
2015-10-05,7595600.0,10865600.0,39085000.0,854900.0,1406000.0,209000.0,2273000.0,,0.0,37960000.0,13531400.0,3034900.0,,45220500.0,9419200.0,15664000.0,6501600.0,27292500.0,15985200.0,34369300.0,482024000.0,5700200.0,9187700.0,,32853500.0,,,126320800.0,10938100.0,,,18900900.0,4334490000.0,0.0,0.0
2015-10-06,8558400.0,27552000.0,115846000.0,1222300.0,1879100.0,288100.0,2091000.0,,0.0,42774000.0,13985800.0,2104000.0,,34140000.0,8365200.0,14579400.0,7252400.0,22172800.0,8756400.0,27017200.0,453216000.0,7094300.0,8851500.0,,33051500.0,,,110274500.0,10577700.0,,,22232700.0,4202400000.0,0.0,0.0
2015-10-07,7859200.0,13128000.0,37284000.0,2642100.0,2263600.0,363200.0,2340800.0,,0.0,44354000.0,18000700.0,2338000.0,,36371000.0,9397300.0,14329700.0,6497100.0,24129300.0,10941600.0,27711500.0,310152000.0,6528200.0,8013200.0,,37389300.0,,,124307300.0,13647100.0,,,21408000.0,4666470000.0,0.0,0.0
2015-10-08,9198700.0,7184000.0,41409000.0,2159400.0,1755900.0,289100.0,2370900.0,,0.0,39308000.0,9466900.0,2176800.0,,43072200.0,7090700.0,11960200.0,8218900.0,27290500.0,9661200.0,33772700.0,460068000.0,4683300.0,6856600.0,,50188900.0,,,153055200.0,10343500.0,,,17923500.0,3939140000.0,0.0,0.0
2015-10-09,8629100.0,6387200.0,34479000.0,1833000.0,1744400.0,217800.0,3715500.0,,0.0,32124000.0,9900600.0,1069400.0,,26497200.0,8259700.0,13931200.0,5756600.0,20012900.0,11012400.0,28600600.0,423248000.0,5607000.0,6880100.0,,23916200.0,,,107069200.0,11648800.0,,,20262000.0,3706900000.0,0.0,0.0
2015-10-12,7686600.0,7990400.0,24184000.0,716800.0,1075000.0,104000.0,1200100.0,,0.0,26684000.0,3867000.0,1336300.0,,22984000.0,8957900.0,12299100.0,3448200.0,18449600.0,5842800.0,19769100.0,227588000.0,4581300.0,6255900.0,,16162000.0,,,56395600.0,6779500.0,,,16931700.0,2893250000.0,0.0,0.0
2015-10-13,6698400.0,7891200.0,32475000.0,911200.0,1600700.0,197800.0,1493700.0,,0.0,42446000.0,7772600.0,1849700.0,,37445300.0,12761900.0,12903600.0,4697300.0,19480300.0,13326000.0,19987800.0,298444000.0,5989400.0,8390200.0,,26999600.0,,,88038700.0,12740800.0,,,26575200.0,3401920000.0,0.0,0.0
2015-10-14,10184300.0,7430400.0,33530000.0,905100.0,1450200.0,212300.0,3044900.0,,0.0,31292000.0,7748100.0,1359600.0,,39987400.0,8881900.0,14180000.0,9093000.0,19253400.0,16315200.0,24697800.0,612148000.0,4238400.0,8479200.0,,30902600.0,,,99106200.0,22801100.0,,,242694300.0,3644590000.0,0.0,0.0
2015-10-15,27327100.0,7817600.0,49316000.0,1186000.0,1404400.0,295500.0,1697000.0,,0.0,47156000.0,8049200.0,1075500.0,,42503400.0,9561900.0,11801600.0,10168300.0,27557500.0,12067200.0,27189400.0,526048000.0,5763900.0,8607400.0,,38393800.0,,,134142200.0,17867300.0,,,138760500.0,3746290000.0,0.0,0.0
2015-10-16,21544900.0,4502400.0,19866000.0,901300.0,1217600.0,194700.0,1647500.0,,0.0,36316000.0,5978200.0,1773000.0,,33685600.0,9495300.0,20384200.0,7168300.0,25412900.0,10074000.0,26450300.0,448396000.0,5550800.0,9578900.0,,27091100.0,,,114580100.0,9598700.0,,,78585300.0,3595430000.0,0.0,0.0
2015-10-19,10670800.0,4937600.0,18593000.0,696300.0,867200.0,296900.0,1543700.0,,0.0,30172000.0,10347000.0,1744500.0,,24949500.0,8725400.0,15553800.0,7064300.0,23729900.0,7500000.0,29387600.0,294712000.0,4902700.0,7292200.0,,23776300.0,,,76523900.0,8940900.0,,,53417400.0,3287320000.0,0.0,0.0
2015-10-20,5584200.0,9675200.0,21920000.0,6090000.0,1018800.0,577900.0,1875700.0,,0.0,52434000.0,10294800.0,1134500.0,,20531400.0,6041800.0,16199300.0,4872200.0,30881800.0,31650000.0,30802200.0,264824000.0,3613600.0,8531900.0,,23404700.0,,,78448500.0,6718400.0,,,31271100.0,3331500000.0,0.0,0.0
2015-10-21,14944100.0,7411200.0,28197000.0,2712700.0,801300.0,4171100.0,1797300.0,,0.0,31952000.0,14332200.0,6576500.0,,34060300.0,7059800.0,19254900.0,7979600.0,21917800.0,13603200.0,25144300.0,386280000.0,4332000.0,8302100.0,,30195200.0,,,102038000.0,8154300.0,,,39352800.0,3627790000.0,0.0,0.0
2015-10-22,8208400.0,8251200.0,34344000.0,1017500.0,1252600.0,1088300.0,2192400.0,,0.0,88632000.0,11805100.0,2411400.0,,36882600.0,9887900.0,35920200.0,25286600.0,26392100.0,13076400.0,56637100.0,306884000.0,5934800.0,14080900.0,,42778700.0,,,174911700.0,8214500.0,,,43765500.0,4430850000.0,0.0,0.0
2015-10-23,9564200.0,9729600.0,35498000.0,970100.0,1930200.0,692600.0,2273400.0,,0.0,126726000.0,13201700.0,2029600.0,,40172500.0,9178900.0,18796100.0,11677300.0,42809700.0,8031600.0,135227100.0,381776000.0,5015800.0,16451200.0,,53170900.0,,,144442300.0,11854100.0,,,39121800.0,4108460000.0,0.0,0.0
2015-10-26,6313500.0,3590400.0,58129000.0,2336000.0,1269400.0,339300.0,2500000.0,,0.0,48776000.0,9354100.0,3131500.0,,19783300.0,7561600.0,14788600.0,11478600.0,25961200.0,12658800.0,64633300.0,247436000.0,3770700.0,11464700.0,,25918000.0,,,69033000.0,12350400.0,,,32519400.0,3385800000.0,0.0,0.0
2015-10-27,5755600.0,6284800.0,32280000.0,1707200.0,1114400.0,485400.0,1675100.0,,0.0,38778000.0,5585800.0,1373100.0,,38189200.0,8883200.0,30166600.0,10013300.0,23795500.0,7489200.0,50999900.0,208268000.0,3995700.0,9423400.0,,31390500.0,,,77905800.0,6885400.0,,,31534200.0,4216880000.0,0.0,0.0
2015-10-28,6950600.0,8334400.0,30966000.0,1347500.0,1288100.0,528400.0,1778800.0,,0.0,39604000.0,8637000.0,2058200.0,,65529900.0,7256300.0,13667300.0,4390300.0,24081500.0,5988000.0,47000800.0,217036000.0,5164800.0,10178400.0,,42221900.0,,,135906700.0,9913700.0,,,35504100.0,4698110000.0,0.0,0.0
2015-10-29,4500400.0,9368000.0,61582000.0,1456900.0,1316500.0,268500.0,1547000.0,,0.0,36520000.0,6064500.0,1772400.0,,27252000.0,6340700.0,9427400.0,3752600.0,20316700.0,19755600.0,30202100.0,327168000.0,3008100.0,8230700.0,,24913300.0,,,90525500.0,7939100.0,,,38566500.0,4008940000.0,0.0,0.0
2015-10-30,4897100.0,7828800.0,25516000.0,1201400.0,2228300.0,274000.0,2050000.0,,0.0,39984000.0,8803100.0,3424800.0,,28018700.0,10520300.0,15356200.0,6409500.0,33487100.0,13038000.0,46619800.0,301160000.0,5425800.0,9547700.0,,27199200.0,,,131076900.0,8791800.0,,,47416500.0,4256200000.0,0.0,0.0
2015-11-02,5858700.0,18838400.0,26068000.0,2109100.0,3586700.0,271500.0,1260700.0,,0.0,39914000.0,5476000.0,5313500.0,,33836900.0,6297900.0,16252200.0,5663000.0,24003900.0,9470400.0,30285000.0,190088000.0,5007300.0,7152900.0,,22176900.0,,,86270800.0,5716700.0,,,32157600.0,3760020000.0,0.0,0.0
2015-11-03,8705800.0,13908800.0,26222000.0,9401900.0,2545900.0,240700.0,1531100.0,,0.0,36306000.0,5873700.0,1941700.0,,28626300.0,6229200.0,9693100.0,4584900.0,21242300.0,13417200.0,36596900.0,376768000.0,4174900.0,8013200.0,,20418400.0,,,95246100.0,12846400.0,,,30761700.0,4272060000.0,0.0,0.0
2015-11-04,8205300.0,9483200.0,43098000.0,4361300.0,1740500.0,173400.0,1653100.0,,0.0,41840000.0,6082100.0,1933200.0,,25696000.0,5592300.0,10488500.0,6797100.0,43469300.0,18745200.0,37087800.0,442264000.0,3345600.0,6375400.0,,28633000.0,,,96224500.0,14372000.0,,,30169500.0,4078870000.0,0.0,0.0
2015-11-05,4302200.0,19638400.0,28308000.0,3876200.0,1557100.0,208400.0,2550300.0,,0.0,45486000.0,8529600.0,1554600.0,,27141300.0,6545600.0,9625100.0,5059100.0,63232900.0,20358000.0,31468500.0,478800000.0,2834100.0,6860900.0,,25004100.0,,,78408700.0,8345300.0,,,26581500.0,4051890000.0,0.0,0.0
2015-11-06,8997100.0,49432000.0,45287000.0,2253900.0,1563600.0,315000.0,1749800.0,,0.0,33544000.0,8207700.0,2968600.0,,35141300.0,6221100.0,11926700.0,4615600.0,35084300.0,49952400.0,32851200.0,1172272000.0,4660400.0,9483500.0,,29924900.0,,,110471500.0,8805900.0,,,29931900.0,4369020000.0,0.0,0.0
2015-11-09,6231200.0,19708800.0,28250000.0,2313100.0,1435800.0,230000.0,2291100.0,,0.0,35538000.0,10127900.0,3223900.0,,32983100.0,6625900.0,10842700.0,8423800.0,26383500.0,18296400.0,32513100.0,492568000.0,3959900.0,8607200.0,,33479800.0,,,131008700.0,8629200.0,,,25321200.0,3882350000.0,0.0,0.0
2015-11-10,6162200.0,7708800.0,44759000.0,2149700.0,1497800.0,189100.0,1701800.0,,0.0,29798000.0,9673000.0,1467900.0,,21892200.0,5114200.0,8283100.0,12716500.0,25031700.0,17697600.0,55283700.0,552260000.0,3367800.0,6551000.0,,35452100.0,,,75874600.0,7388700.0,,,22844700.0,3821440000.0,0.0,0.0
2015-11-11,3532100.0,6798400.0,25953000.0,1192900.0,1779100.0,218200.0,1864200.0,,0.0,41866000.0,3943900.0,1638100.0,,22037600.0,6284700.0,9101200.0,8387800.0,25057100.0,19149600.0,36516300.0,619896000.0,3147300.0,5295900.0,,22748800.0,,,67846000.0,5255100.0,,,26069700.0,3692410000.0,0.0,0.0
2015-11-12,3576800.0,7369600.0,26588000.0,1337100.0,1689300.0,158400.0,1657400.0,,0.0,35452000.0,11570600.0,2399100.0,,39916100.0,6918700.0,10725000.0,5893800.0,20924700.0,12394800.0,35361100.0,291080000.0,3892800.0,7678600.0,,31196900.0,,,121315200.0,5685100.0,,,28654500.0,4016370000.0,0.0,0.0
2015-11-13,5920200.0,7014400.0,39824000.0,2464500.0,1086700.0,364600.0,2459900.0,,0.0,48188000.0,7487900.0,2665300.0,,43883000.0,8517500.0,11619500.0,8602400.0,30278400.0,10845600.0,36848200.0,292940000.0,4001000.0,8468800.0,,52836000.0,,,153577100.0,7883500.0,,,37544700.0,4278750000.0,0.0,0.0
2015-11-16,4149700.0,6784000.0,27796000.0,1827700.0,2339100.0,175600.0,1778400.0,,0.0,50704000.0,8228200.0,1412800.0,,28979100.0,5755800.0,11244900.0,6731800.0,49309200.0,8856000.0,32165200.0,344280000.0,3446600.0,7410600.0,,33980600.0,,,117645200.0,7121500.0,,,39964800.0,3741240000.0,0.0,0.0
2015-11-17,5825100.0,10918400.0,19868000.0,1924700.0,1203400.0,218100.0,2500000.0,,0.0,38864000.0,9106400.0,1180000.0,,34441000.0,5124000.0,12739400.0,6027600.0,26807200.0,9806400.0,31551300.0,257048000.0,3446500.0,8761800.0,,30579500.0,,,121123700.0,7148400.0,,,74037900.0,4427350000.0,0.0,0.0
2015-11-18,9384700.0,7742400.0,20270000.0,4707100.0,1609900.0,161600.0,2152000.0,,0.0,36266000.0,7479000.0,941500.0,,35554300.0,7148400.0,12966300.0,5194500.0,23836500.0,9148800.0,29710000.0,350216000.0,4074200.0,6447100.0,,32966500.0,,,121342500.0,8010400.0,,,44633100.0,3926390000.0,0.0,0.0
2015-11-19,4704300.0,8657600.0,32780000.0,1902800.0,886300.0,128900.0,2959300.0,,0.0,28078000.0,9428300.0,1967200.0,,25512500.0,5164500.0,24090700.0,5323500.0,25520600.0,8978400.0,28149200.0,254072000.0,3496000.0,7899500.0,,26188100.0,,,88220500.0,7115100.0,,,34698300.0,3628110000.0,0.0,0.0
2015-11-20,10727100.0,7976000.0,28057000.0,1650600.0,1558000.0,135000.0,2051100.0,,0.0,55478000.0,9763700.0,1287900.0,,31697700.0,7671500.0,19780800.0,6659400.0,22129600.0,17821200.0,37147600.0,239744000.0,4800600.0,9533200.0,,22727600.0,,,94011500.0,6039900.0,,,37113300.0,3929600000.0,0.0,0.0
2015-11-23,4863200.0,10872000.0,16003000.0,1470700.0,1355000.0,156400.0,1174300.0,,0.0,34648000.0,5138900.0,1377100.0,,22716400.0,6730600.0,13338100.0,4968400.0,19897200.0,15193200.0,28235900.0,242552000.0,4604000.0,9421300.0,,20696200.0,,,64931200.0,5502100.0,,,31731000.0,3587980000.0,0.0,0.0
2015-11-24,15859700.0,7732800.0,35659000.0,3342100.0,2213900.0,256500.0,2799500.0,,0.0,47880000.0,9529200.0,1094500.0,,24994500.0,7492400.0,15767200.0,6047700.0,23577300.0,12268800.0,24600000.0,195428000.0,3405400.0,7086800.0,,26374400.0,,,98874400.0,8911500.0,,,37361700.0,3884930000.0,0.0,0.0
2015-11-25,6914800.0,7417600.0,21396000.0,1535800.0,1074800.0,288400.0,1828000.0,,0.0,23612000.0,7132500.0,752400.0,,20772600.0,5400800.0,10344900.0,7477200.0,15150800.0,14022000.0,21005100.0,138300000.0,2906000.0,4266500.0,,14159900.0,,,51980100.0,5442600.0,,,23460600.0,2852940000.0,0.0,0.0
2015-11-27,2606600.0,2212800.0,13262000.0,883800.0,628800.0,94400.0,866300.0,,0.0,14434000.0,2259900.0,759600.0,,14129300.0,2353800.0,7236700.0,2763700.0,5913100.0,4977600.0,9009100.0,86996000.0,1463400.0,2390100.0,,8828000.0,,,37317800.0,3995600.0,,,16022700.0,1466840000.0,0.0,0.0
2015-11-30,9924400.0,6648000.0,32615000.0,925400.0,1333200.0,187700.0,3063800.0,,0.0,33586000.0,5356300.0,2266900.0,,30165400.0,8983700.0,16063000.0,7872000.0,20383200.0,14530800.0,56241400.0,327244000.0,6083300.0,8935700.0,,25041600.0,,,112822700.0,8612900.0,,,44827800.0,4275030000.0,0.0,0.0
2015-12-01,5646400.0,4728000.0,43255000.0,1225500.0,1242300.0,592700.0,1939700.0,,0.0,40398000.0,9849200.0,2805800.0,,27899900.0,7545700.0,11153000.0,5321900.0,22781900.0,11740800.0,39952800.0,409496000.0,4473200.0,8391700.0,,28639400.0,,,97858400.0,10256000.0,,,36612300.0,3712120000.0,0.0,0.0
2015-12-02,7501700.0,6960000.0,54364000.0,1964100.0,1521800.0,147100.0,1585700.0,,0.0,46876000.0,11871300.0,1579000.0,,22238300.0,6623500.0,12598500.0,5692200.0,24429100.0,10690800.0,47274900.0,294240000.0,4361600.0,8104200.0,,22395500.0,,,108441300.0,6829100.0,,,40760700.0,3950640000.0,0.0,0.0
2015-12-03,7059900.0,8665600.0,120661000.0,1550800.0,1569800.0,133900.0,3440000.0,,0.0,41950000.0,15290200.0,2750500.0,,39485400.0,12008700.0,15004400.0,6558600.0,23236500.0,13128000.0,38627800.0,246656000.0,5661000.0,11177800.0,,42754300.0,,,166224200.0,5884700.0,,,47532300.0,4306490000.0,0.0,0.0
2015-12-04,4572600.0,4382400.0,60329000.0,1361200.0,1683500.0,100800.0,2578600.0,,0.0,49800000.0,14027900.0,2231500.0,,32669900.0,7845400.0,16488000.0,7778200.0,21224700.0,13802400.0,43963700.0,458756000.0,6422700.0,11961000.0,,40037300.0,,,192913900.0,6355600.0,,,31305900.0,4214910000.0,0.0,0.0
2015-12-07,8479600.0,6091200.0,44769000.0,1461000.0,1552700.0,175200.0,2791900.0,,0.0,36626000.0,11989900.0,1954000.0,,29621400.0,7262900.0,12030700.0,4810700.0,15474900.0,19150800.0,30709800.0,333588000.0,3408000.0,9460000.0,,25892100.0,,,102027100.0,4634000.0,,,34787700.0,4043820000.0,0.0,0.0
2015-12-08,9055500.0,7284800.0,34560000.0,1784900.0,2218100.0,238500.0,3158500.0,,0.0,31082000.0,25199100.0,1519900.0,,30946000.0,8005400.0,10736200.0,4814200.0,20401800.0,14067600.0,32878000.0,314488000.0,3385200.0,8312700.0,,30792600.0,,,103372400.0,6133900.0,,,31132800.0,4173570000.0,0.0,0.0
2015-12-09,8710000.0,4766400.0,30803000.0,1901700.0,1422900.0,267300.0,9527000.0,,0.0,46550000.0,16703900.0,3711100.0,,41980400.0,7947000.0,12945500.0,7604700.0,23517300.0,16117200.0,36373200.0,372676000.0,4195100.0,10081900.0,,48509200.0,,,162401500.0,8663600.0,,,26945100.0,4385250000.0,0.0,0.0
2015-12-10,13069400.0,5216000.0,33078000.0,2387900.0,1486900.0,238900.0,3653300.0,,0.0,32458000.0,14206800.0,1545000.0,,31278800.0,6479300.0,15483300.0,5299900.0,17454300.0,8974800.0,31775800.0,236596000.0,3926600.0,8984200.0,,30154600.0,,,116128900.0,7171900.0,,,34078200.0,3715150000.0,0.0,0.0
2015-12-11,11890000.0,7910400.0,27777000.0,1521500.0,1459900.0,115700.0,2511200.0,,0.0,43184000.0,54233300.0,3352900.0,,52609300.0,7796500.0,17313400.0,5736400.0,26427700.0,11114400.0,39549500.0,227320000.0,5429700.0,12280500.0,,56022200.0,,,211173300.0,11326300.0,,,29235000.0,4301060000.0,0.0,0.0
2015-12-14,7625700.0,16822400.0,36993000.0,1821200.0,2172200.0,197100.0,2427300.0,,0.0,53864000.0,38540500.0,2204400.0,,53400400.0,10641500.0,20092900.0,7660700.0,24648100.0,10104000.0,46768900.0,275892000.0,6633900.0,12179000.0,,53098500.0,,,182385200.0,7898600.0,,,43574700.0,4612440000.0,0.0,0.0
2015-12-15,7423900.0,8582400.0,35398000.0,1494400.0,1734100.0,250500.0,2378700.0,,0.0,49386000.0,36337800.0,1591000.0,,48273900.0,9283200.0,17916400.0,6118300.0,21764300.0,11119200.0,39843000.0,307296000.0,5554200.0,14113400.0,,48428000.0,,,154069600.0,9444200.0,,,43846200.0,4353540000.0,0.0,0.0
2015-12-16,19543600.0,11806400.0,29644000.0,1235100.0,1561900.0,151300.0,2196300.0,,0.0,53120000.0,30575300.0,1911800.0,,44560600.0,8178800.0,21868600.0,6306300.0,22680500.0,9556800.0,37503300.0,236356000.0,4994500.0,14102600.0,,44944100.0,,,197017000.0,7384800.0,,,29881500.0,4635450000.0,0.0,0.0
2015-12-17,11374100.0,11604800.0,24378000.0,1082200.0,1330300.0,122300.0,1703900.0,,0.0,36510000.0,17345300.0,1202600.0,,41318000.0,8740800.0,14697000.0,5275900.0,21675700.0,12374400.0,41280900.0,254160000.0,4303600.0,9864200.0,,45668800.0,,,173092500.0,8925700.0,,,38928300.0,4327390000.0,0.0,0.0
2015-12-18,17988100.0,55656000.0,51964000.0,1634900.0,2741600.0,124000.0,4295800.0,,0.0,67794000.0,23548900.0,4396700.0,,49876600.0,14966000.0,24583700.0,11238900.0,35994200.0,48848400.0,84684200.0,395896000.0,6926800.0,21342100.0,,53746100.0,,,251393500.0,8648000.0,,,48770100.0,6683070000.0,0.0,0.0
2015-12-21,6876600.0,8057600.0,26627000.0,1788500.0,1472300.0,81400.0,1453500.0,,0.0,34848000.0,14468700.0,1603200.0,,26479300.0,8321900.0,10444400.0,3344600.0,16138800.0,11276400.0,37246300.0,284216000.0,3089100.0,9105800.0,,26432800.0,,,99094300.0,4958700.0,,,28936500.0,3760280000.0,0.0,0.0
2015-12-22,24893200.0,7825600.0,21684000.0,1277700.0,1202400.0,107900.0,1742100.0,,0.0,36338000.0,12569500.0,1411800.0,,28108700.0,5581600.0,12280800.0,4092000.0,14597100.0,9064800.0,28322200.0,130012000.0,3882100.0,9872200.0,,26540300.0,,,111026200.0,4553900.0,,,27798900.0,3520860000.0,0.0,0.0
2015-12-23,30365300.0,8539200.0,16170000.0,1062000.0,1197100.0,82800.0,1581000.0,,0.0,30594000.0,12824900.0,1380800.0,,29609700.0,5531700.0,9092300.0,3641900.0,19599700.0,8928000.0,27279800.0,122524000.0,2929600.0,8254600.0,,25656900.0,,,110987200.0,6172900.0,,,22559400.0,3484090000.0,0.0,0.0
2015-12-24,11890900.0,4368000.0,7436000.0,596400.0,549600.0,39800.0,491000.0,,0.0,10412000.0,5284300.0,654200.0,,13370500.0,2546300.0,3036600.0,1659300.0,6501800.0,4020000.0,9558500.0,52448000.0,1044300.0,2498000.0,,11468600.0,,,48539600.0,2009500.0,,,7448400.0,1411860000.0,0.0,0.0
2015-12-28,16050500.0,19632000.0,13873000.0,1059100.0,1155900.0,63600.0,1124700.0,,0.0,31156000.0,7151600.0,2198300.0,,22125500.0,4063000.0,6326100.0,2777200.0,13069700.0,5262000.0,22458300.0,142024000.0,4017700.0,4150000.0,,19183600.0,,,65899900.0,3100100.0,,,16265100.0,2492510000.0,0.0,0.0
2015-12-29,15300900.0,13204800.0,22533000.0,1090400.0,907900.0,136800.0,1169600.0,,0.0,38430000.0,7485500.0,1752500.0,,22841500.0,4230000.0,7739800.0,3213900.0,17179900.0,6789600.0,27731400.0,203660000.0,2362200.0,4406100.0,,27725700.0,,,92640700.0,4136700.0,,,23650800.0,2542000000.0,0.0,0.0
2015-12-30,10046600.0,10563200.0,17396000.0,1868400.0,845400.0,78300.0,889900.0,,0.0,28566000.0,13145300.0,1358100.0,,21273200.0,3847800.0,5112500.0,2400800.0,13115000.0,7087200.0,21704500.0,180344000.0,2333000.0,3793200.0,,19520100.0,,,63317700.0,2574100.0,,,17150100.0,2367430000.0,0.0,0.0
2015-12-31,11086100.0,7433600.0,19673000.0,1232700.0,1053000.0,89000.0,1873400.0,,0.0,32752000.0,7935200.0,1906000.0,,39517700.0,4592600.0,9727900.0,3723200.0,18391100.0,8658000.0,27334100.0,148528000.0,3041500.0,5077700.0,,29886800.0,,,114877900.0,3898300.0,,,19725300.0,2655330000.0,0.0,0.0
2016-01-04,32516800.0,16606400.0,30970000.0,1409600.0,2206600.0,149000.0,2640800.0,,0.0,67382000.0,14787700.0,6183700.0,,66665900.0,12722800.0,16084100.0,9995000.0,37912400.0,15956400.0,53778000.0,358076000.0,6689000.0,11529800.0,,50807600.0,,,222353500.0,9145100.0,,,35967600.0,4304880000.0,0.0,0.0
2016-01-05,12972300.0,13059200.0,38173000.0,1248800.0,1250400.0,117600.0,2127700.0,,0.0,45216000.0,11491300.0,2122800.0,,28253300.0,6467200.0,15781900.0,6314000.0,23258200.0,11066400.0,34079700.0,490272000.0,4893800.0,8133700.0,,38795200.0,,,110845800.0,7642100.0,,,39978000.0,3706620000.0,0.0,0.0
2016-01-06,23759400.0,21310400.0,50824000.0,3030500.0,1161600.0,310400.0,2033400.0,,0.0,48206000.0,11320100.0,1906100.0,,35569200.0,7733800.0,16245100.0,6543800.0,25096200.0,17827200.0,39518900.0,449344000.0,5483400.0,9551000.0,,41891100.0,,,152112600.0,8063200.0,,,49693800.0,4336660000.0,0.0,0.0
2016-01-07,22203500.0,16089600.0,50056000.0,2071200.0,1962400.0,217700.0,3826000.0,,0.0,63132000.0,11004700.0,3106000.0,,52482000.0,9433100.0,20563600.0,7477900.0,45172900.0,14834400.0,56564900.0,645304000.0,5440000.0,11973900.0,,61386300.0,,,213436100.0,11242800.0,,,79290000.0,5076590000.0,0.0,0.0
2016-01-08,31822400.0,12017600.0,64641000.0,1242000.0,1702200.0,348200.0,3156200.0,,0.0,47506000.0,17902100.0,1783200.0,,60299300.0,9766700.0,14645900.0,6103400.0,35402300.0,10057200.0,48754000.0,398472000.0,4853500.0,9676400.0,,69344000.0,,,209817200.0,9290700.0,,,53303700.0,4664940000.0,0.0,0.0
2016-01-11,19629300.0,9478400.0,38941000.0,1618300.0,1581000.0,185500.0,2164500.0,,0.0,50896000.0,16917700.0,4816100.0,,47144800.0,8151400.0,15815200.0,6392400.0,29932400.0,12810000.0,36943800.0,409372000.0,5638000.0,10209200.0,,50024100.0,,,187941300.0,9771200.0,,,37961400.0,4607290000.0,0.0,0.0
2016-01-12,17986100.0,9361600.0,41112000.0,1333300.0,2129900.0,140600.0,2215600.0,,0.0,46816000.0,15217700.0,8962500.0,,53702900.0,6745000.0,21814800.0,5639700.0,28395400.0,15139200.0,36095500.0,469356000.0,5185800.0,8774700.0,,46734200.0,,,172330500.0,11629400.0,,,36587700.0,4887260000.0,0.0,0.0
2016-01-13,12749700.0,9755200.0,48470000.0,1227000.0,1446400.0,128900.0,2157500.0,,0.0,51728000.0,20352700.0,2664100.0,,70591600.0,8290700.0,16854300.0,6986000.0,33410600.0,15638400.0,66883600.0,481672000.0,5161500.0,9310100.0,,69870700.0,,,221168900.0,12858400.0,,,41177100.0,5087030000.0,0.0,0.0
2016-01-14,15666600.0,10288000.0,63942000.0,1591000.0,1366200.0,156500.0,2281500.0,,0.0,55558000.0,18572700.0,2597300.0,,69373400.0,10164300.0,16028000.0,9204500.0,48658600.0,13843200.0,52381900.0,600236000.0,6592500.0,12835100.0,,78445700.0,,,240795600.0,18687600.0,,,38804700.0,5241110000.0,0.0,0.0
2016-01-15,21199300.0,10342400.0,75916000.0,2356100.0,2475800.0,249600.0,2975400.0,,0.0,76676000.0,27309900.0,4334300.0,,85759200.0,12662200.0,21153600.0,10201900.0,46132800.0,17792400.0,71820700.0,841452000.0,8229400.0,17023900.0,,91443900.0,,,324846400.0,12066200.0,,,45523200.0,5468460000.0,0.0,0.0
2016-01-18,,,,,,,,,0.0,,,,,,,,,,,,,,,,,,,,,,,,,,
2016-01-19,18978900.0,12768000.0,54773000.0,1485400.0,1899400.0,263700.0,2242600.0,,0.0,48724000.0,15975700.0,4896500.0,,51391100.0,12457800.0,15462200.0,9195300.0,30998300.0,14564400.0,43564500.0,457140000.0,6828900.0,13457300.0,,56563800.0,,,195244400.0,14807000.0,,,39153900.0,4928350000.0,0.0,0.0
2016-01-20,29243600.0,16318400.0,103988000.0,3081200.0,1627500.0,143100.0,3796800.0,,0.0,82440000.0,25973500.0,4949100.0,,94385800.0,12685200.0,19923500.0,11905200.0,59051400.0,22365600.0,63273000.0,481180000.0,7558100.0,17795000.0,,86675000.0,,,286547800.0,10815300.0,,,52107300.0,6416070000.0,0.0,0.0
2016-01-21,26387900.0,9334400.0,48475000.0,3034500.0,1853300.0,208000.0,2211800.0,,0.0,51938000.0,20065800.0,2385700.0,,65798200.0,11266400.0,15568900.0,9839100.0,30518900.0,20631600.0,40191200.0,481456000.0,6076300.0,12712900.0,,61660100.0,,,195772900.0,9105000.0,,,36267600.0,5078810000.0,0.0,0.0
2016-01-22,16245500.0,7924800.0,58428000.0,1361800.0,1315800.0,85400.0,2544100.0,,0.0,47146000.0,17653100.0,1735600.0,,46056700.0,8380000.0,15209200.0,9016600.0,30495400.0,19852800.0,37555800.0,257996000.0,6946600.0,9465800.0,,42229800.0,,,168319600.0,8369200.0,,,27592500.0,4901760000.0,0.0,0.0
2016-01-25,13080900.0,17688000.0,61359000.0,1531900.0,1054400.0,227100.0,1820600.0,,0.0,45340000.0,16448400.0,1190900.0,,35019600.0,9350200.0,12505200.0,15141500.0,32482000.0,11926800.0,34707700.0,270728000.0,4407000.0,9870400.0,,38881500.0,,,130371700.0,8463700.0,,,38470200.0,4401380000.0,0.0,0.0
2016-01-26,11097400.0,16452800.0,119134000.0,1445800.0,995400.0,175200.0,2828600.0,,0.0,30940000.0,12010900.0,1288000.0,,33349600.0,17266600.0,13018500.0,8326100.0,26877100.0,9579600.0,28900800.0,227944000.0,3735200.0,16374800.0,,36143900.0,,,141036800.0,7709700.0,,,28323600.0,4357940000.0,0.0,0.0
2016-01-27,10833200.0,10961600.0,58156000.0,776900.0,1198600.0,323600.0,2189500.0,,0.0,42428000.0,14563000.0,1802300.0,,47973900.0,19330500.0,14167000.0,7409000.0,58699400.0,10324800.0,36775200.0,231700000.0,5795100.0,10816100.0,,54524700.0,,,185681700.0,6432800.0,,,30642900.0,4754040000.0,0.0,0.0
2016-01-28,7118400.0,12724800.0,49969000.0,1000200.0,1576400.0,887500.0,2076100.0,,0.0,62104000.0,14622600.0,2222900.0,,41951100.0,12789500.0,16622800.0,7460500.0,107475300.0,14737200.0,62513800.0,276776000.0,5169900.0,9895100.0,,47641500.0,,,143798800.0,7169000.0,,,33834900.0,4693010000.0,0.0,0.0
2016-01-29,11998100.0,12734400.0,259449000.0,1167700.0,1280300.0,771100.0,3221300.0,,0.0,75808000.0,14218700.0,3805500.0,,42245300.0,15614600.0,20457000.0,10549900.0,62739500.0,91652400.0,83611700.0,310504000.0,7340600.0,19895000.0,,54245100.0,,,210529300.0,9010200.0,,,49317300.0,5497570000.0,0.0,0.0
2016-02-01,8816100.0,15891200.0,45619000.0,948200.0,909700.0,226600.0,2142000.0,,0.0,111522000.0,8865500.0,6813000.0,,33615700.0,9803700.0,17097800.0,6189900.0,46132700.0,23402400.0,44208500.0,289884000.0,3648100.0,9657200.0,,32750300.0,,,136061600.0,5389200.0,,,44185200.0,4322530000.0,0.0,0.0
2016-02-02,11224100.0,26700800.0,59005000.0,1617100.0,966000.0,160200.0,1931400.0,,0.0,135846000.0,15442100.0,4141600.0,,39692700.0,10616300.0,12332900.0,7653000.0,59778600.0,15644400.0,56313800.0,341908000.0,3809900.0,9116400.0,,44928100.0,,,182564900.0,13487900.0,,,40757700.0,4463190000.0,0.0,0.0
2016-02-03,9978600.0,22873600.0,56234000.0,905000.0,1364300.0,263200.0,2546900.0,,0.0,131114000.0,15465200.0,12145000.0,,55262500.0,10168600.0,15958300.0,9327000.0,56919300.0,17415600.0,57559800.0,326772000.0,5146000.0,10149600.0,,61572900.0,,,205054900.0,13083200.0,,,36946800.0,5172950000.0,0.0,0.0
2016-02-04,8284800.0,11252800.0,60833000.0,1333400.0,2482000.0,364100.0,5340500.0,,0.0,104922000.0,8989700.0,2431100.0,,51188400.0,10389000.0,14413700.0,7595000.0,38890200.0,27174000.0,46987100.0,348140000.0,5212000.0,8295100.0,,49321600.0,,,139531800.0,6473100.0,,,38500200.0,5193320000.0,0.0,0.0
2016-02-05,7914400.0,11180800.0,70953000.0,1198900.0,1427000.0,222400.0,4079300.0,,0.0,109556000.0,14632300.0,1440200.0,,53366600.0,15522200.0,17315700.0,13261700.0,76894700.0,37072800.0,62009000.0,600428000.0,5574800.0,9957600.0,,70749900.0,,,180788300.0,9325400.0,,,42589500.0,4929940000.0,0.0,0.0
2016-02-08,11589000.0,20924800.0,91242000.0,1190400.0,2562600.0,131900.0,3782000.0,,0.0,89410000.0,15649900.0,2824800.0,,61107700.0,14323800.0,17254400.0,11311500.0,71229700.0,34298400.0,59290500.0,608852000.0,4729500.0,16530200.0,,91673100.0,,,191526700.0,8355200.0,,,62230800.0,5636460000.0,0.0,0.0
2016-02-09,14991500.0,15694400.0,63400000.0,1042600.0,3319500.0,180900.0,3228300.0,,0.0,84300000.0,18685000.0,2679600.0,,55857200.0,10044500.0,24853800.0,7525700.0,62709000.0,20630400.0,46740500.0,425372000.0,4994200.0,14308900.0,,73778400.0,,,184513100.0,8426600.0,,,43927200.0,5183220000.0,0.0,0.0
2016-02-10,9466100.0,11516800.0,45473000.0,1086600.0,1476800.0,135700.0,2189600.0,,0.0,60314000.0,13086000.0,2027200.0,,42756100.0,9833100.0,16729600.0,5726300.0,45179400.0,15165600.0,38237000.0,335800000.0,4505500.0,10585400.0,,59421700.0,,,148214100.0,5761600.0,,,29127900.0,4471170000.0,0.0,0.0
2016-02-11,7858300.0,13352000.0,66673000.0,1124200.0,1698300.0,157000.0,2198100.0,,0.0,65004000.0,22158200.0,3743000.0,,57923200.0,12465800.0,16825300.0,7568600.0,43670600.0,24201600.0,48878600.0,340144000.0,5898500.0,12343900.0,,76839200.0,,,219058900.0,10394600.0,,,33560100.0,5500800000.0,0.0,0.0
2016-02-12,9957300.0,7507200.0,39965000.0,803000.0,1370500.0,108500.0,1951800.0,,0.0,46538000.0,17751500.0,3258700.0,,40097300.0,9035000.0,15222400.0,8552800.0,36176800.0,17836800.0,34243300.0,340816000.0,5110600.0,9306100.0,,49186500.0,,,127632400.0,7326900.0,,,29086500.0,4696920000.0,0.0,0.0
2016-02-16,11853400.0,15374400.0,38521000.0,1033100.0,1619000.0,158600.0,2186400.0,,0.0,43444000.0,14106000.0,2816800.0,,38882100.0,10452800.0,12675900.0,10835800.0,45687200.0,20737200.0,37291200.0,485352000.0,4709700.0,9352600.0,,40565900.0,,,120250700.0,13843800.0,,,34081500.0,4570670000.0,0.0,0.0
2016-02-17,13770200.0,12318400.0,32742000.0,1460100.0,1492100.0,150500.0,2174600.0,,0.0,49154000.0,16353000.0,4856500.0,,40940400.0,8904000.0,12332500.0,12729000.0,44073400.0,18028800.0,40789000.0,771468000.0,4493200.0,10892900.0,,41766500.0,,,136009500.0,11956100.0,,,37280100.0,5011540000.0,0.0,0.0
2016-02-18,10823400.0,26673600.0,39202000.0,801600.0,1674700.0,147100.0,2894300.0,,0.0,47276000.0,13247300.0,3125700.0,,35043600.0,10744600.0,11170300.0,9707100.0,29593500.0,14306400.0,27176000.0,1068660000.0,3729100.0,7702600.0,,38991500.0,,,102343000.0,12780200.0,,,83683800.0,4436490000.0,0.0,0.0
2016-02-19,7784100.0,69076800.0,31118000.0,938400.0,965900.0,80000.0,2471700.0,,0.0,34918000.0,12879900.0,1340000.0,,32424800.0,9343300.0,12850000.0,10793700.0,32404500.0,19777200.0,33559100.0,525628000.0,4531300.0,7709600.0,,28257900.0,,,114793000.0,8950300.0,,,46686900.0,4142850000.0,0.0,0.0
2016-02-22,9895500.0,14164800.0,24204000.0,1137900.0,1613000.0,223000.0,2161300.0,,0.0,37516000.0,13826600.0,1012200.0,,28867400.0,6947000.0,20716100.0,6223300.0,35709700.0,15612000.0,25008300.0,449668000.0,4731500.0,6916500.0,,23979100.0,,,103640300.0,7250300.0,,,31761900.0,4054710000.0,0.0,0.0
2016-02-23,6710600.0,11219200.0,22352000.0,684300.0,1058100.0,110600.0,1850600.0,,0.0,41332000.0,16809700.0,2257800.0,,29857100.0,6629200.0,11166400.0,5276700.0,25319300.0,14888400.0,28895300.0,369380000.0,3721100.0,5840600.0,,29869700.0,,,111455300.0,5802500.0,,,34296000.0,3890650000.0,0.0,0.0
2016-02-24,6906200.0,12859200.0,25680000.0,956300.0,1081200.0,100600.0,2590100.0,,0.0,37092000.0,13622100.0,2947700.0,,36909600.0,9076100.0,10844200.0,5349800.0,34412400.0,21565200.0,33014500.0,336852000.0,5691200.0,6759800.0,,40739100.0,,,150812200.0,5267500.0,,,30873600.0,4317250000.0,0.0,0.0
2016-02-25,5614400.0,9651200.0,25652000.0,980200.0,1630600.0,101600.0,1746900.0,,0.0,36146000.0,10699100.0,1983600.0,,22612600.0,8092500.0,10903300.0,6034000.0,29906300.0,25716000.0,26939500.0,349616000.0,4668900.0,6789700.0,,29389300.0,,,110728300.0,5076800.0,,,28743900.0,4118210000.0,0.0,0.0
2016-02-26,7911500.0,11403200.0,27142000.0,1327500.0,1457700.0,106000.0,3800800.0,,0.0,42474000.0,12060200.0,2957900.0,,27474700.0,9049400.0,18421000.0,5193700.0,26686200.0,60030000.0,35975900.0,361964000.0,6506200.0,9281100.0,,30925000.0,,,129833700.0,9920900.0,,,32952900.0,4348510000.0,0.0,0.0
2016-02-29,11400300.0,10065600.0,35911000.0,7322000.0,1486900.0,74000.0,3115800.0,,0.0,45068000.0,23746800.0,3861600.0,,32014400.0,10111100.0,15049800.0,6467700.0,32779000.0,26830800.0,31654000.0,323344000.0,5955300.0,11065300.0,,27553900.0,,,125918100.0,6614000.0,,,28035600.0,4588180000.0,0.0,0.0
2016-03-01,9011200.0,8924800.0,44906000.0,2670900.0,1194800.0,79500.0,2681400.0,,0.0,60112000.0,24023200.0,5901200.0,,36422700.0,8298500.0,12358300.0,4731500.0,26817300.0,26613600.0,33024500.0,348700000.0,5160200.0,9483900.0,,37699800.0,,,141799700.0,9858800.0,,,31288500.0,4819750000.0,0.0,0.0
2016-03-02,10845700.0,14955200.0,43834000.0,1601300.0,1662000.0,92300.0,2947600.0,,0.0,36292000.0,14987400.0,3011200.0,,24937100.0,9767000.0,12856300.0,4267700.0,25670200.0,14089200.0,29289900.0,233812000.0,4180000.0,12096600.0,,29209800.0,,,102415000.0,5841300.0,,,27496800.0,4666610000.0,0.0,0.0
2016-03-03,22092400.0,16076800.0,59437000.0,1260200.0,1816800.0,129600.0,5552600.0,,0.0,40534000.0,12018400.0,2093000.0,,28216300.0,6927200.0,13134800.0,9132000.0,21353100.0,11530800.0,24427800.0,302004000.0,4856600.0,8747100.0,,25474600.0,,,95172200.0,7957500.0,,,35540400.0,5081700000.0,0.0,0.0
2016-03-04,15449000.0,15916800.0,72399000.0,1515500.0,2111200.0,125700.0,2155600.0,,0.0,48516000.0,18029900.0,1781200.0,,38180900.0,6715700.0,13691500.0,5857400.0,24938900.0,10986000.0,33034200.0,175304000.0,7067200.0,9406700.0,,31655400.0,,,129293600.0,7264600.0,,,30031500.0,6049930000.0,0.0,0.0
2016-03-07,8754300.0,33016000.0,41363000.0,2110700.0,3921500.0,111300.0,3159600.0,,0.0,61690000.0,12656200.0,2349400.0,,38739900.0,6973500.0,10695300.0,5640700.0,31436400.0,19258800.0,38407800.0,239968000.0,5967100.0,6792400.0,,25861200.0,,,100219000.0,8971500.0,,,38476200.0,4968180000.0,0.0,0.0
2016-03-08,10026900.0,13518400.0,33216000.0,1377600.0,1655700.0,173900.0,3156300.0,,0.0,52530000.0,17813700.0,1747600.0,,46193900.0,7632900.0,18900200.0,6236200.0,25617000.0,15369600.0,33835100.0,274940000.0,4871200.0,7788400.0,,28898500.0,,,123974900.0,11734000.0,,,30203700.0,4641650000.0,0.0,0.0
2016-03-09,13082400.0,11801600.0,31152000.0,666600.0,1641300.0,111300.0,2395300.0,,0.0,39544000.0,7699600.0,1537800.0,,25627200.0,7564200.0,18466600.0,6428200.0,20493300.0,7894800.0,28251600.0,222788000.0,5085000.0,8954800.0,,31047400.0,,,94801200.0,5807300.0,,,23474400.0,4038120000.0,0.0,0.0
2016-03-10,9603500.0,16779200.0,54546000.0,952300.0,3092900.0,94600.0,1413000.0,,0.0,44616000.0,18167000.0,2798700.0,,47051200.0,10474700.0,28908600.0,6171200.0,24854300.0,15061200.0,38387800.0,286084000.0,5502800.0,10385600.0,,44236100.0,,,156838700.0,6483700.0,,,30677400.0,4376790000.0,0.0,0.0
2016-03-11,21382400.0,10649600.0,55822000.0,812200.0,2912500.0,47600.0,1829900.0,,0.0,35380000.0,18662700.0,1785000.0,,33625000.0,7763800.0,16129300.0,7042300.0,20697600.0,12740400.0,32275700.0,277400000.0,5912400.0,11109500.0,,31454000.0,,,137964500.0,7560000.0,,,24872700.0,4078620000.0,0.0,0.0
2016-03-14,33848000.0,52024000.0,28444000.0,794500.0,1430400.0,43900.0,1218400.0,,0.0,32824000.0,12512400.0,2661800.0,,24422700.0,7242800.0,13206700.0,7912100.0,17249400.0,11527200.0,24083600.0,190312000.0,3580500.0,12389300.0,,25374900.0,,,73612000.0,4109400.0,,,20137500.0,3487850000.0,0.0,0.0
2016-03-15,21573600.0,18932800.0,30891000.0,1333900.0,3879000.0,185400.0,1398500.0,,0.0,29832000.0,16442600.0,2960800.0,,34258400.0,8476600.0,13686300.0,5061400.0,17618500.0,11120400.0,21104800.0,226216000.0,3860300.0,9297800.0,,26524600.0,,,93169100.0,8839800.0,,,22700700.0,3560280000.0,0.0,0.0
2016-03-16,13015700.0,19100800.0,34906000.0,1138700.0,5339100.0,319200.0,1485500.0,,0.0,29306000.0,21567100.0,2052300.0,,37952200.0,7065100.0,15386100.0,6716700.0,24744800.0,15621600.0,31691700.0,363644000.0,4176600.0,9490300.0,,31693100.0,,,129303200.0,10874100.0,,,24654000.0,4057020000.0,0.0,0.0
2016-03-17,29000800.0,13166400.0,44708000.0,1345200.0,3348000.0,356700.0,1583200.0,,0.0,44564000.0,18423000.0,2745500.0,,41724500.0,8571100.0,24080000.0,6108700.0,24241200.0,12798000.0,28223900.0,353680000.0,5635800.0,12061500.0,,29623700.0,,,134278500.0,6264700.0,,,35514300.0,4530480000.0,0.0,0.0
2016-03-18,26330500.0,13830400.0,70568000.0,1467000.0,1957800.0,184400.0,3611700.0,,0.0,56222000.0,12922000.0,2434600.0,,36512600.0,14758300.0,23853400.0,14783800.0,36256900.0,21847200.0,67625500.0,545512000.0,7273900.0,33635200.0,,37682300.0,,,138372400.0,7208700.0,,,69459300.0,6503140000.0,0.0,0.0
2016-03-21,13464900.0,21934400.0,28207000.0,814500.0,2509200.0,1210000.0,1367400.0,,0.0,28774000.0,12653600.0,1725000.0,,29903700.0,7674700.0,9740400.0,4050100.0,18448000.0,14218800.0,23925700.0,337780000.0,4420300.0,8625600.0,,17288600.0,,,72926700.0,5494100.0,,,28247400.0,3376600000.0,0.0,0.0
2016-03-22,10315800.0,11312000.0,33945000.0,632800.0,1965900.0,388000.0,1943100.0,,0.0,22096000.0,8941200.0,1437700.0,,23602100.0,7821700.0,13788300.0,3494500.0,19001100.0,13008000.0,23124100.0,242012000.0,3457600.0,7205900.0,,18840300.0,,,97471900.0,6247400.0,,,22543500.0,3418460000.0,0.0,0.0
2016-03-23,10167100.0,11467200.0,27577000.0,965200.0,1546000.0,182900.0,2127300.0,,0.0,24678000.0,11354200.0,1405400.0,,39243300.0,8191300.0,9292100.0,4143600.0,18562000.0,10736400.0,20129000.0,429008000.0,3407900.0,5594600.0,,20912900.0,,,81052500.0,5465900.0,,,18331800.0,3639510000.0,0.0,0.0
2016-03-24,10040200.0,7315200.0,25651000.0,636000.0,1715600.0,338000.0,2506500.0,,0.0,31116000.0,13497800.0,1548200.0,,30924300.0,6284500.0,10890200.0,5796700.0,17839100.0,13430400.0,19950000.0,244956000.0,3183100.0,6645700.0,,19017300.0,,,84360900.0,5549000.0,,,18914100.0,3407720000.0,0.0,0.0
2016-03-28,7683700.0,9256000.0,17224000.0,470600.0,1352300.0,205400.0,1767400.0,,0.0,21676000.0,11298900.0,1291400.0,,21096400.0,4738100.0,13306600.0,4784400.0,21351800.0,9476400.0,17025100.0,265388000.0,3785500.0,4988500.0,,13892300.0,,,62408200.0,2197200.0,,,16810500.0,2809090000.0,0.0,0.0
2016-03-29,13616200.0,17184000.0,26765000.0,1381400.0,1188100.0,213300.0,1655400.0,,0.0,40062000.0,11348400.0,2981000.0,,46761100.0,6612800.0,25010400.0,7188200.0,29825300.0,8162400.0,23924300.0,261812000.0,3356700.0,6731400.0,,29963900.0,,,92922900.0,4550800.0,,,19473000.0,3822330000.0,0.0,0.0
2016-03-30,14945900.0,15168000.0,26794000.0,1130200.0,3124800.0,332300.0,2642700.0,,0.0,40396000.0,11796400.0,2808800.0,,35683500.0,5248200.0,14312200.0,4853700.0,33235200.0,8644800.0,23008300.0,376700000.0,4673600.0,6925400.0,,23807200.0,,,86365300.0,5999600.0,,,21625500.0,3590310000.0,0.0,0.0
2016-03-31,9071500.0,9721600.0,24968000.0,899900.0,1408100.0,345800.0,2692400.0,,0.0,32554000.0,9436700.0,3759100.0,,28555900.0,8167700.0,15544500.0,7685900.0,21207500.0,9549600.0,26360500.0,379884000.0,5367700.0,6819200.0,,21447200.0,,,94584100.0,5369100.0,,,18850500.0,3715280000.0,0.0,0.0
2016-04-01,8257700.0,13547200.0,25671000.0,1004500.0,837500.0,270400.0,1531500.0,,0.0,31674000.0,10822400.0,5489100.0,,29981400.0,9043200.0,14922900.0,5212400.0,24760500.0,11991600.0,24399200.0,348292000.0,4128600.0,8028600.0,,26389000.0,,,114423500.0,5091200.0,,,19807200.0,3749990000.0,0.0,0.0
2016-04-04,5591100.0,9513600.0,17760000.0,835100.0,1339400.0,201400.0,1458400.0,,0.0,26924000.0,9269700.0,3035600.0,,21529400.0,10668900.0,10629800.0,4239300.0,48487900.0,10065600.0,18928800.0,393940000.0,4220400.0,5593400.0,,17163000.0,,,63497000.0,4302700.0,,,20470200.0,3485710000.0,0.0,0.0
2016-04-05,9640200.0,9608000.0,56915000.0,641600.0,2353700.0,145500.0,1855600.0,,0.0,24478000.0,13254500.0,1951500.0,,32515800.0,7939000.0,10696700.0,6282200.0,22962400.0,19926000.0,19272300.0,339568000.0,3589200.0,5259100.0,,20107900.0,,,99662200.0,8612600.0,,,17337000.0,4154920000.0,0.0,0.0
2016-04-06,12534600.0,11552000.0,28149000.0,726100.0,1168800.0,166700.0,1572600.0,,0.0,25312000.0,13935000.0,1646000.0,,28157800.0,6828700.0,9122700.0,5619900.0,20814600.0,10620000.0,21188700.0,453376000.0,4196800.0,6292100.0,,25056000.0,,,91839800.0,8333100.0,,,16088100.0,3750800000.0,0.0,0.0
2016-04-07,13479200.0,10726400.0,22975000.0,750000.0,1901000.0,293700.0,4050100.0,,0.0,25498000.0,11306100.0,2069600.0,,33298400.0,7822900.0,9292000.0,4720800.0,20714500.0,13436400.0,19225100.0,378104000.0,6220900.0,6655900.0,,28567200.0,,,113859000.0,7774400.0,,,18331500.0,3801250000.0,0.0,0.0
2016-04-08,8489000.0,8872000.0,18526000.0,660000.0,1041000.0,169400.0,2008500.0,,0.0,23434000.0,7953000.0,1309500.0,,26151700.0,6301600.0,11959300.0,3625600.0,48497800.0,9663600.0,22167200.0,255936000.0,6154500.0,5453000.0,,22898000.0,,,95040600.0,8214600.0,,,19548000.0,3359530000.0,0.0,0.0
2016-04-11,9045100.0,7417600.0,18568000.0,595700.0,1495100.0,149800.0,2279000.0,,0.0,31774000.0,8126900.0,879600.0,,25842100.0,6823900.0,11880100.0,6973700.0,39762300.0,8965200.0,21414200.0,387524000.0,5354000.0,7081500.0,,25772100.0,,,83757500.0,5406300.0,,,23596200.0,3567840000.0,0.0,0.0
2016-04-12,16131900.0,10425600.0,16537000.0,609500.0,4380900.0,533500.0,2268300.0,,0.0,27388000.0,11772800.0,1363200.0,,25058700.0,8412300.0,11219100.0,5211400.0,26248100.0,11544000.0,24944300.0,292764000.0,3777200.0,7081600.0,,28564100.0,,,115350600.0,4766900.0,,,23203800.0,4239740000.0,0.0,0.0
2016-04-13,8048000.0,7172800.0,21730000.0,886300.0,1578600.0,346100.0,2078800.0,,0.0,35426000.0,13596100.0,1466400.0,,40534700.0,5758300.0,13234100.0,4985200.0,88227400.0,12872400.0,20818000.0,350716000.0,3802400.0,11738600.0,,25356700.0,,,96336400.0,9082700.0,,,18788100.0,4191830000.0,0.0,0.0
2016-04-14,8985300.0,4528000.0,27549000.0,544800.0,1082000.0,335700.0,2420000.0,,0.0,26992000.0,10758400.0,1403900.0,,25538600.0,4457100.0,12982200.0,4834800.0,28473300.0,41048400.0,20877100.0,416564000.0,5593300.0,6904400.0,,17199700.0,,,65212900.0,13870800.0,,,20931300.0,3765870000.0,0.0,0.0
2016-04-15,7487500.0,7520000.0,27685000.0,481600.0,945300.0,308900.0,2675900.0,,0.0,31712000.0,7857300.0,1657800.0,,21176100.0,10057900.0,13647800.0,3103800.0,20922800.0,22080000.0,28793800.0,436972000.0,4553500.0,7299300.0,,21353300.0,,,75761600.0,8019100.0,,,22753500.0,3701450000.0,0.0,0.0
2016-04-18,8938800.0,7596800.0,15297000.0,2237700.0,1363000.0,193300.0,1335800.0,,0.0,33540000.0,9211400.0,1297800.0,,19428300.0,7772500.0,11538100.0,4525600.0,21167200.0,10098000.0,23786000.0,307320000.0,7736900.0,5628000.0,,17126100.0,,,82531000.0,6507600.0,,,19868700.0,3316880000.0,0.0,0.0
2016-04-19,11719900.0,10331200.0,24560000.0,894800.0,2018300.0,342000.0,1579000.0,,0.0,43952000.0,11623600.0,1219600.0,,23228100.0,10526400.0,14418300.0,4606300.0,30210500.0,37509600.0,29596800.0,309152000.0,4996200.0,6606100.0,,42481400.0,,,88316100.0,9378700.0,,,24598200.0,3896830000.0,0.0,0.0
2016-04-20,7926100.0,5467200.0,19435000.0,715500.0,1555500.0,301200.0,1308700.0,,0.0,34262000.0,10128800.0,1939800.0,,21422500.0,8213400.0,40360300.0,5006700.0,21027900.0,12478800.0,36195700.0,200172000.0,4778000.0,9124200.0,,18078300.0,,,81100300.0,9391300.0,,,16237500.0,4184880000.0,0.0,0.0
2016-04-21,13957200.0,6600000.0,16117000.0,789600.0,2523200.0,805100.0,2097600.0,,0.0,77628000.0,13349500.0,1636600.0,,20535700.0,7884500.0,37206900.0,7947600.0,20875200.0,19963200.0,38909100.0,178280000.0,7145600.0,8802100.0,,20216000.0,,,85695000.0,6044400.0,,,19852800.0,4175290000.0,0.0,0.0
2016-04-22,143265300.0,7516800.0,25699000.0,641900.0,4013500.0,345200.0,2233900.0,,0.0,140798000.0,10982300.0,952100.0,,29094500.0,7508700.0,25134200.0,9311300.0,38458200.0,30453600.0,126834100.0,223540000.0,5660200.0,8027700.0,,39074000.0,,,99251700.0,6447400.0,,,18645300.0,3790580000.0,0.0,0.0
2016-04-25,80607900.0,9571200.0,10870000.0,780000.0,1661600.0,202100.0,1249000.0,,0.0,49442000.0,8972400.0,1416300.0,,16369600.0,6139900.0,11173800.0,6979900.0,21017900.0,15220800.0,33226900.0,191972000.0,3501300.0,7672800.0,,14351900.0,,,66166500.0,7772500.0,,,17688600.0,3319740000.0,0.0,0.0
2016-04-26,36336900.0,7742400.0,26309000.0,551600.0,3000000.0,247300.0,1552900.0,,0.0,55864000.0,8291000.0,1127100.0,,30564100.0,5853600.0,13935500.0,4082300.0,22521500.0,13149600.0,33532600.0,214536000.0,3222900.0,13742300.0,,19118300.0,,,75864200.0,9920000.0,,,19945200.0,3557190000.0,0.0,0.0
2016-04-27,24186800.0,9680000.0,38930000.0,705200.0,1995100.0,514500.0,1492800.0,,0.0,66262000.0,10505400.0,1734000.0,,24360300.0,5759300.0,11335500.0,4436200.0,52213100.0,23136000.0,43369300.0,352396000.0,3730900.0,7689700.0,,33059800.0,,,77329400.0,7302200.0,,,15441900.0,4100110000.0,0.0,0.0
2016-04-28,20230000.0,7267200.0,25520000.0,838200.0,1989100.0,512900.0,2198100.0,,0.0,62590000.0,9229000.0,2807300.0,,26126500.0,6640000.0,10932500.0,3385800.0,87110100.0,39050400.0,43134800.0,381224000.0,4350200.0,7615900.0,,29818200.0,,,97216200.0,12170200.0,,,14330700.0,4309840000.0,0.0,0.0
2016-04-29,17717800.0,10680000.0,35067000.0,568300.0,3509800.0,313000.0,3588800.0,,0.0,58278000.0,20284700.0,2858500.0,,33284500.0,7774500.0,11716000.0,6276900.0,37140600.0,61977600.0,48411700.0,321904000.0,4604000.0,9391000.0,,67502800.0,,,142424100.0,14955900.0,,,36297000.0,4704720000.0,0.0,0.0
2016-05-02,16972800.0,10702400.0,19525000.0,498600.0,1810700.0,199100.0,3361500.0,,0.0,33476000.0,11420700.0,2226800.0,,21881000.0,5178800.0,12577500.0,4830800.0,28095200.0,43977600.0,33114500.0,256076000.0,3998100.0,7862600.0,,24813800.0,,,62188000.0,6112100.0,,,22829100.0,3841110000.0,0.0,0.0
2016-05-03,13784800.0,9451200.0,23986000.0,820000.0,2226500.0,799900.0,2201300.0,,0.0,38620000.0,18449200.0,2330900.0,,37929600.0,7554500.0,10420500.0,4048400.0,24117500.0,14892000.0,26460200.0,224024000.0,3945400.0,7617500.0,,38569400.0,,,106422100.0,9323900.0,,,17767800.0,4173390000.0,0.0,0.0
2016-05-04,8688500.0,13252800.0,20888000.0,1475600.0,1317300.0,569700.0,2111600.0,,0.0,34172000.0,17645200.0,1176900.0,,30767200.0,5214600.0,9350500.0,6613700.0,23448400.0,13126800.0,24257600.0,525764000.0,3852600.0,7365900.0,,27474500.0,,,92243800.0,7789900.0,,,18088500.0,4058560000.0,0.0,0.0
2016-05-05,21529600.0,18408000.0,16841000.0,2697800.0,2315000.0,233800.0,4869300.0,,0.0,29668000.0,18782100.0,1257500.0,,26249200.0,5404300.0,8801100.0,4519700.0,22056700.0,10130400.0,25390700.0,246884000.0,3401400.0,6399500.0,,20788100.0,,,67619200.0,7238400.0,,,24273000.0,4008530000.0,0.0,0.0
2016-05-06,11839300.0,37809600.0,30027000.0,1179000.0,1249200.0,241700.0,3692200.0,,0.0,39952000.0,16204400.0,1675600.0,,25497400.0,6099900.0,8564000.0,4418400.0,26395600.0,16884000.0,24787300.0,183240000.0,3547700.0,6297200.0,,30758500.0,,,89315000.0,5373300.0,,,29476200.0,3796350000.0,0.0,0.0
2016-05-09,16299400.0,14886400.0,17300000.0,682100.0,2315600.0,256700.0,2843800.0,,0.0,38074000.0,11622800.0,1459900.0,,23427000.0,6512700.0,8110600.0,5006800.0,21138100.0,12559200.0,17951600.0,333336000.0,4432300.0,6718800.0,,19289600.0,,,74374900.0,5189800.0,,,25968600.0,3788620000.0,0.0,0.0
2016-05-10,9415100.0,20451200.0,18461000.0,1044900.0,1373900.0,566900.0,1943900.0,,0.0,32634000.0,11420700.0,1506900.0,,18635300.0,8356400.0,8933500.0,4082600.0,23220000.0,44934000.0,22891000.0,269676000.0,3885500.0,6222400.0,,21178900.0,,,77472200.0,5374500.0,,,19208700.0,3600200000.0,0.0,0.0
2016-05-11,7540300.0,10720000.0,16716000.0,1209600.0,1013500.0,825300.0,2812700.0,,0.0,29834000.0,20692000.0,1606800.0,,23604600.0,6680700.0,8833100.0,6890200.0,22038400.0,19998000.0,24039100.0,328176000.0,3424900.0,5975000.0,,20966300.0,,,81727000.0,6185400.0,,,43792500.0,3821980000.0,0.0,0.0
2016-05-12,9255800.0,13168000.0,26452000.0,1006600.0,2759100.0,878700.0,2860400.0,,0.0,27094000.0,11312400.0,1261500.0,,34803000.0,7156300.0,10463400.0,4286800.0,22035500.0,17400000.0,24102800.0,670540000.0,3195200.0,4925000.0,,29196300.0,,,89586300.0,7674600.0,,,28600500.0,3782390000.0,0.0,0.0
2016-05-13,16470100.0,13188800.0,21716000.0,580200.0,1081600.0,2579300.0,2993600.0,,0.0,25244000.0,11332400.0,5007300.0,,24510300.0,6779900.0,10341200.0,6568700.0,18124300.0,11016000.0,22592300.0,2110256000.0,7811500.0,6579000.0,,21059300.0,,,96474600.0,4837700.0,,,41234100.0,3579880000.0,0.0,0.0
2016-05-16,14703800.0,13182400.0,20373000.0,1188400.0,872400.0,1279600.0,2615000.0,,0.0,22538000.0,12981700.0,1708100.0,,27337000.0,6222900.0,9413600.0,4343600.0,31247800.0,10201200.0,20032000.0,973032000.0,4243200.0,6497200.0,,18311900.0,,,77486800.0,4654300.0,,,30545400.0,3501360000.0,0.0,0.0
2016-05-17,20066100.0,6430400.0,21248000.0,2554600.0,1293800.0,1167400.0,2928900.0,,0.0,33404000.0,7489900.0,1158700.0,,46676300.0,9233900.0,17457000.0,5826200.0,21328600.0,16345200.0,27803500.0,628392000.0,5443300.0,10188200.0,,29932700.0,,,114924900.0,4017400.0,,,27758100.0,4108960000.0,0.0,0.0
2016-05-18,19487500.0,13302400.0,22620000.0,1892100.0,1368500.0,1143600.0,5717000.0,,0.0,32536000.0,16612500.0,2946500.0,,35734400.0,8267900.0,12524300.0,7303200.0,21642300.0,22009200.0,24907500.0,541072000.0,6970100.0,8344100.0,,27524400.0,,,120062100.0,10028100.0,,,66767700.0,4101320000.0,0.0,0.0
2016-05-19,17696900.0,11520000.0,17478000.0,965800.0,820800.0,620900.0,2830500.0,,0.0,30598000.0,20290200.0,1345000.0,,36995600.0,8232200.0,10659500.0,6255100.0,20544100.0,9565200.0,23842400.0,398880000.0,4722400.0,6242500.0,,27334600.0,,,115430500.0,3868700.0,,,105230100.0,3846770000.0,0.0,0.0
2016-05-20,13799600.0,14817600.0,25889000.0,959200.0,970400.0,1030900.0,2088400.0,,0.0,34798000.0,10556700.0,1059400.0,,37404500.0,7435200.0,12914100.0,9735900.0,18944800.0,11212800.0,23905800.0,391084000.0,5704000.0,6526800.0,,29549600.0,,,104990400.0,8380600.0,,,50239800.0,3507650000.0,0.0,0.0
2016-05-23,35467000.0,13350400.0,17609000.0,636100.0,1058200.0,446100.0,1828400.0,,0.0,24816000.0,10457400.0,892300.0,,23721700.0,6462300.0,13554700.0,7081600.0,20441000.0,11937600.0,26118700.0,413636000.0,4185900.0,5620600.0,,15729800.0,,,58682600.0,6840000.0,,,30299400.0,3055480000.0,0.0,0.0
2016-05-24,34283900.0,9097600.0,19907000.0,773400.0,1972300.0,555400.0,2813100.0,,0.0,37884000.0,10838400.0,965200.0,,41124300.0,6125300.0,12634200.0,4494100.0,20183600.0,14220000.0,34757900.0,415788000.0,3446300.0,6293300.0,,29931300.0,,,93537800.0,7573600.0,,,26484000.0,3627340000.0,0.0,0.0
2016-05-25,24703600.0,9876800.0,21737000.0,663100.0,949100.0,504500.0,4156700.0,,0.0,32216000.0,15119600.0,890300.0,,26202900.0,5453800.0,9218100.0,5307400.0,20019800.0,15700800.0,24040200.0,458076000.0,3223800.0,6049800.0,,37951700.0,,,76621400.0,5151600.0,,,21791700.0,3859160000.0,0.0,0.0
2016-05-26,22625700.0,9825600.0,18431000.0,536800.0,1195400.0,597600.0,7679400.0,,0.0,27202000.0,12269000.0,998200.0,,15157200.0,3973600.0,8695800.0,3716300.0,18481300.0,9546000.0,24335200.0,309964000.0,4543100.0,4622300.0,,21885900.0,,,55280700.0,8204700.0,,,26081700.0,3230990000.0,0.0,0.0
2016-05-27,34429600.0,12292800.0,18693000.0,573000.0,758300.0,177900.0,3349800.0,,0.0,34802000.0,6225600.0,1995300.0,,21265100.0,4647000.0,7893900.0,3222800.0,13493600.0,7933200.0,17721400.0,277416000.0,2877000.0,4322200.0,,19870000.0,,,64211200.0,5381300.0,,,17321100.0,3079150000.0,0.0,0.0
2016-05-31,25379200.0,8356800.0,32058000.0,632700.0,2270900.0,208900.0,3738900.0,,0.0,42484000.0,11994100.0,1734700.0,,32764400.0,10104700.0,18935200.0,7995200.0,23547600.0,17211600.0,37653100.0,412524000.0,6368700.0,6705000.0,,24366100.0,,,109879400.0,7999900.0,,,25170600.0,4514410000.0,0.0,0.0
2016-06-01,29696400.0,7876800.0,30777000.0,759700.0,2014100.0,316600.0,3487300.0,,0.0,20788000.0,16488600.0,2786400.0,,26806100.0,4748900.0,8916000.0,5057200.0,15029500.0,17096400.0,25324800.0,387132000.0,4741400.0,6184100.0,,19571500.0,,,69936200.0,6126800.0,,,21662700.0,3525170000.0,0.0,0.0
2016-06-02,35335000.0,9748800.0,46746000.0,732600.0,1898600.0,169100.0,3957600.0,,0.0,33916000.0,12118900.0,5038500.0,,23303300.0,7310800.0,6693900.0,4740200.0,13228300.0,9296400.0,22840800.0,329208000.0,3618200.0,5186300.0,,15696600.0,,,63044700.0,4188200.0,,,19526100.0,3632720000.0,0.0,0.0
2016-06-03,17561800.0,13299200.0,82985000.0,795700.0,1137900.0,138200.0,1964200.0,,0.0,24608000.0,13093000.0,1971300.0,,28733200.0,6881700.0,13434900.0,4643000.0,14135100.0,12271200.0,23368300.0,461076000.0,4511700.0,6306700.0,,20269900.0,,,101757100.0,5041800.0,,,19123500.0,3627780000.0,0.0,0.0
2016-06-06,21329600.0,6678400.0,34010000.0,663900.0,1225900.0,211200.0,1961600.0,,0.0,29992000.0,16126200.0,1715700.0,,26946000.0,6349400.0,10310600.0,4901700.0,12744700.0,42560400.0,18243300.0,322512000.0,2944200.0,5292300.0,,12502400.0,,,64887000.0,7579500.0,,,27054000.0,3442020000.0,0.0,0.0
2016-06-07,20676200.0,11022400.0,32340000.0,632700.0,1661000.0,197300.0,2113000.0,,0.0,24314000.0,18423500.0,2672900.0,,21038500.0,6417400.0,9812600.0,4562100.0,17103000.0,27046800.0,20866800.0,193400000.0,4078700.0,6327500.0,,12184300.0,,,60974800.0,6624300.0,,,22090200.0,3534730000.0,0.0,0.0
2016-06-08,16074300.0,10337600.0,25620000.0,629000.0,1710900.0,364600.0,1528300.0,,0.0,32314000.0,14652800.0,1284200.0,,27999900.0,5863800.0,7915400.0,3925900.0,14505600.0,44127600.0,21149400.0,234616000.0,2860800.0,4712600.0,,14568700.0,,,66170900.0,6173600.0,,,18417000.0,3562060000.0,0.0,0.0
2016-06-09,16219100.0,7755200.0,29143000.0,835800.0,1024500.0,234700.0,1812100.0,,0.0,19180000.0,11188300.0,1328400.0,,23440700.0,7375500.0,8042900.0,4583400.0,13859200.0,53162400.0,20305700.0,472168000.0,3552200.0,6144900.0,,17571600.0,,,73786900.0,5760100.0,,,18209700.0,3290320000.0,0.0,0.0
2016-06-10,15106500.0,6956800.0,26657000.0,678700.0,1010000.0,382100.0,3266500.0,,0.0,29050000.0,15259900.0,1878900.0,,32686800.0,6067400.0,12357000.0,4347400.0,18510800.0,13995600.0,25833200.0,400024000.0,3462400.0,6840800.0,,32965000.0,,,113829200.0,6699400.0,,,22534200.0,3515010000.0,0.0,0.0
2016-06-13,13500700.0,10844800.0,21568000.0,604100.0,1289800.0,171100.0,2576600.0,,0.0,23354000.0,17257900.0,1026200.0,,36169500.0,7940900.0,10613500.0,5436700.0,31718200.0,19359600.0,83217800.0,475588000.0,4368300.0,6167400.0,,25154700.0,,,117751200.0,7414600.0,,,23722800.0,3392030000.0,0.0,0.0
2016-06-14,16757400.0,11276800.0,25669000.0,544300.0,1448900.0,280700.0,3274700.0,,0.0,26584000.0,20578800.0,1390600.0,,34267600.0,6378400.0,11298200.0,6351400.0,17618500.0,26500800.0,42577100.0,298344000.0,4363600.0,6868600.0,,24588500.0,,,125059300.0,7191500.0,,,27199200.0,3759770000.0,0.0,0.0
2016-06-15,11575300.0,10660800.0,30884000.0,413600.0,1194600.0,187700.0,2228500.0,,0.0,23234000.0,14202800.0,2377600.0,,24197700.0,6371400.0,8360400.0,4168100.0,19819400.0,20463600.0,33757600.0,301036000.0,3434400.0,7082200.0,,24605700.0,,,109124500.0,6926800.0,,,24051000.0,3544720000.0,0.0,0.0
2016-06-16,34182700.0,10660800.0,22804000.0,516100.0,1119400.0,186700.0,1937400.0,,0.0,45002000.0,19195500.0,3088700.0,,36306600.0,6664300.0,11305400.0,3931800.0,19236300.0,20114400.0,31188600.0,246456000.0,3520900.0,6630100.0,,32079900.0,,,149533100.0,4637700.0,,,20115600.0,3628280000.0,0.0,0.0
2016-06-17,64894100.0,9283200.0,43333000.0,1284300.0,1025900.0,187100.0,2858200.0,,0.0,82262000.0,16113800.0,3140900.0,,30096400.0,10702200.0,20805400.0,8331400.0,24644300.0,30103200.0,45710500.0,471000000.0,5577900.0,11741700.0,,29208800.0,,,117055700.0,5813100.0,,,54177900.0,4952630000.0,0.0,0.0
2016-06-20,43541300.0,5555200.0,20265000.0,621900.0,2193200.0,219500.0,2090800.0,,0.0,45654000.0,13368400.0,1956500.0,,28219800.0,5588200.0,10712400.0,5951000.0,20785400.0,23679600.0,35607900.0,293768000.0,3567000.0,6164300.0,,20562800.0,,,82789600.0,10019300.0,,,21427500.0,3467440000.0,0.0,0.0
2016-06-21,35864600.0,7268800.0,16126000.0,315200.0,2133500.0,189600.0,1909700.0,,0.0,30318000.0,12141800.0,1494500.0,,34706800.0,5493500.0,7919400.0,4749000.0,19166300.0,14768400.0,34097800.0,212508000.0,3214500.0,6594700.0,,22804100.0,,,72461700.0,6095200.0,,,20024400.0,3232880000.0,0.0,0.0
2016-06-22,47943300.0,18494400.0,16039000.0,844600.0,861200.0,229900.0,2094800.0,,0.0,29058000.0,10759500.0,1378700.0,,27226100.0,5833800.0,10738900.0,6578900.0,14846300.0,12493200.0,28816800.0,202620000.0,3398900.0,4940100.0,,22724200.0,,,95560500.0,8010400.0,,,25372500.0,3168160000.0,0.0,0.0
2016-06-23,29159200.0,12099200.0,24435000.0,586300.0,1011500.0,167700.0,2912400.0,,0.0,42500000.0,9920200.0,1715000.0,,30240300.0,6775900.0,9655300.0,3832800.0,16176900.0,11800800.0,29028800.0,297880000.0,3068100.0,7361300.0,,18714200.0,,,102731400.0,6708600.0,,,20910600.0,3297940000.0,0.0,0.0
2016-06-24,36735200.0,34852800.0,64177000.0,1501400.0,1835200.0,294100.0,3996100.0,,0.0,95436000.0,31416700.0,4390000.0,,74945400.0,13939500.0,26003700.0,6985900.0,40643100.0,46851600.0,133503000.0,1017684000.0,8654800.0,12401100.0,,68012700.0,,,333444400.0,9529800.0,,,45361200.0,7597450000.0,0.0,0.0
2016-06-27,31025300.0,43680000.0,37864000.0,892300.0,2877200.0,440700.0,2790800.0,,0.0,58146000.0,27244200.0,4493700.0,,58358800.0,10877400.0,15779500.0,14150500.0,36130400.0,20161200.0,50216300.0,449088000.0,6381900.0,9601800.0,,48222600.0,,,230775800.0,10314300.0,,,33910200.0,5431220000.0,0.0,0.0
2016-06-28,29221400.0,9750400.0,37233000.0,796600.0,2324200.0,190600.0,2156300.0,,0.0,38246000.0,13910300.0,1799700.0,,42040600.0,10089600.0,16509800.0,6173000.0,26813800.0,12051600.0,38140700.0,381920000.0,5195100.0,9257100.0,,28260600.0,,,159382400.0,14428100.0,,,25683600.0,4385810000.0,0.0,0.0
2016-06-29,33118300.0,11932800.0,47860000.0,777900.0,1475500.0,366000.0,1942500.0,,0.0,43124000.0,23604300.0,2670900.0,,34031600.0,8341500.0,12250900.0,5020400.0,20968300.0,11769600.0,31304000.0,318932000.0,4898700.0,7927500.0,,31356700.0,,,137328600.0,8758600.0,,,21044100.0,4241740000.0,0.0,0.0
2016-06-30,26124800.0,8089600.0,42626000.0,1180800.0,1873800.0,341600.0,3091100.0,,0.0,42250000.0,26304600.0,5690800.0,,42973800.0,11559900.0,16056500.0,4808100.0,23192700.0,17826000.0,28527800.0,430940000.0,7973200.0,10969300.0,,36300800.0,,,165021900.0,9765900.0,,,26140800.0,4622820000.0,0.0,0.0
2016-07-01,18255900.0,9801600.0,19779000.0,627800.0,687200.0,131600.0,2317200.0,,0.0,30984000.0,16343000.0,5292300.0,,24401900.0,7051400.0,11799700.0,3798100.0,14980000.0,8143200.0,21400400.0,218488000.0,4115700.0,9531100.0,,19902800.0,,,106055300.0,5939300.0,,,22916400.0,3458890000.0,0.0,0.0
2016-07-05,16332500.0,9457600.0,26321000.0,625800.0,1432900.0,363500.0,2807400.0,,0.0,28440000.0,12078200.0,2926300.0,,29347200.0,9334100.0,12339100.0,5191100.0,14207000.0,8307600.0,24806400.0,371084000.0,5365200.0,11403100.0,,21167900.0,,,109803700.0,5678400.0,,,32245800.0,3658380000.0,0.0,0.0
2016-07-06,19392900.0,14225600.0,20603000.0,1308200.0,1531300.0,266500.0,2133200.0,,0.0,28902000.0,9607000.0,1921600.0,,24678300.0,9332400.0,10902600.0,5102800.0,24337600.0,14722800.0,28167500.0,273104000.0,6126500.0,8356500.0,,24579300.0,,,96021500.0,6062900.0,,,33188100.0,3909380000.0,0.0,0.0
2016-07-07,15813800.0,9400000.0,19248000.0,994900.0,1703100.0,254400.0,6497900.0,,0.0,21174000.0,13058100.0,1323000.0,,20780600.0,6058700.0,9741100.0,3621300.0,16630200.0,9321600.0,19585200.0,395400000.0,9912800.0,7905700.0,,19161700.0,,,85593800.0,5327900.0,,,23378400.0,3604550000.0,0.0,0.0
2016-07-08,28140700.0,9995200.0,26741000.0,3315900.0,2072500.0,337400.0,3932000.0,,0.0,29946000.0,21395600.0,2097900.0,,37964800.0,6129900.0,11127100.0,3809600.0,18142600.0,9631200.0,28391000.0,481932000.0,6052800.0,6827300.0,,29457900.0,,,133971000.0,5780600.0,,,27382800.0,3607500000.0,0.0,0.0
2016-07-11,21027900.0,20115200.0,25201000.0,2054600.0,1112600.0,224100.0,2634300.0,,0.0,28822000.0,18313500.0,2728800.0,,26987300.0,6711600.0,10937800.0,4266300.0,17711600.0,8466000.0,22269200.0,448776000.0,6446600.0,6156800.0,,20218500.0,,,73633900.0,6051600.0,,,27120300.0,3253340000.0,0.0,0.0
2016-07-12,20832500.0,13939200.0,20306000.0,2184100.0,2262700.0,193900.0,1642100.0,,0.0,26468000.0,16074300.0,4116200.0,,44153000.0,6415900.0,9739000.0,3742000.0,15217700.0,10066800.0,27317600.0,436760000.0,4175800.0,6649800.0,,21906100.0,,,101275600.0,8538700.0,,,37083600.0,4097820000.0,0.0,0.0
2016-07-13,14032500.0,15230400.0,15734000.0,1363000.0,2278100.0,291800.0,1479800.0,,0.0,20436000.0,13040300.0,3077200.0,,28050200.0,5230800.0,8028400.0,3464200.0,16207700.0,8306400.0,25356800.0,324604000.0,5232100.0,7572100.0,,21107800.0,,,87324100.0,10553300.0,,,19197000.0,3502320000.0,0.0,0.0
2016-07-14,20050100.0,9699200.0,23550000.0,1113300.0,1981700.0,253900.0,2150100.0,,0.0,21408000.0,7764400.0,2761900.0,,19345400.0,5322700.0,7621200.0,6011900.0,14579700.0,6139200.0,24545500.0,316892000.0,4834300.0,11342600.0,,20871000.0,,,91230900.0,12145100.0,,,19939200.0,3465610000.0,0.0,0.0
2016-07-15,14219300.0,7084800.0,19259000.0,701200.0,983800.0,200600.0,1962300.0,,0.0,32342000.0,9163800.0,2811600.0,,23857300.0,7192800.0,10621000.0,3688400.0,16646000.0,7768800.0,32024400.0,428616000.0,5230600.0,8491300.0,,17999300.0,,,107155400.0,5996500.0,,,17984400.0,3122600000.0,0.0,0.0
2016-07-18,38619400.0,12452800.0,14626000.0,1576500.0,989300.0,266600.0,1993800.0,,0.0,38698000.0,7447200.0,4173500.0,,17422400.0,6599200.0,7958300.0,5254700.0,20868400.0,24262800.0,31433900.0,252992000.0,3688700.0,4781300.0,,20713900.0,,,58725900.0,7767300.0,,,16371900.0,3009310000.0,0.0,0.0
2016-07-19,23439600.0,5752000.0,14797000.0,1144800.0,1375600.0,349700.0,1487800.0,,0.0,30436000.0,7349700.0,4171900.0,,19734100.0,11325700.0,7761100.0,6277700.0,21541300.0,10219200.0,53336500.0,382652000.0,3987500.0,6078200.0,,18936700.0,,,54345700.0,4997300.0,,,14394300.0,2968340000.0,0.0,0.0
2016-07-20,20102400.0,17649600.0,18064000.0,1022400.0,1235600.0,373500.0,1336900.0,,0.0,22502000.0,7247500.0,2213700.0,,22390500.0,7334600.0,8478200.0,3353300.0,20046500.0,7032000.0,89893300.0,296460000.0,3021800.0,6289000.0,,24997900.0,,,58159500.0,5805100.0,,,15846000.0,3211860000.0,0.0,0.0
2016-07-21,40242000.0,6228800.0,19530000.0,824100.0,1966700.0,413300.0,1384600.0,,0.0,19062000.0,11265000.0,1944700.0,,19018700.0,5492600.0,8045100.0,3572100.0,17801700.0,6111600.0,32776700.0,361308000.0,2765400.0,5407000.0,,18885400.0,,,67777300.0,6369300.0,,,13175700.0,3438900000.0,0.0,0.0
2016-07-22,101838300.0,7136000.0,19664000.0,869400.0,1568200.0,1102700.0,1335100.0,,0.0,20920000.0,10523500.0,1140000.0,,17796100.0,5839200.0,8836100.0,4304200.0,18422400.0,6187200.0,32157200.0,315768000.0,2693100.0,6165600.0,,20003400.0,,,62787500.0,5116800.0,,,12949800.0,3023280000.0,0.0,0.0
2016-07-25,118328600.0,8195200.0,9627000.0,764500.0,1485100.0,411100.0,1732200.0,,0.0,21466000.0,14768400.0,889100.0,,13694600.0,4880600.0,9134300.0,6210100.0,18487400.0,4863600.0,25610600.0,312528000.0,3053100.0,5605300.0,,12968100.0,,,55873100.0,7799700.0,,,14202000.0,3057240000.0,0.0,0.0
2016-07-26,81230600.0,10150400.0,28631000.0,663800.0,2321300.0,344300.0,1593900.0,,0.0,23792000.0,14292600.0,1694100.0,,19551100.0,5589900.0,15819900.0,14563700.0,17612000.0,6822000.0,28079000.0,514508000.0,3386100.0,5379300.0,,21223800.0,,,70080500.0,10178800.0,,,15744900.0,3442350000.0,0.0,0.0
2016-07-27,38567300.0,7784000.0,30493000.0,818900.0,2753500.0,412000.0,1440000.0,,0.0,32172000.0,11730800.0,1962700.0,,21064700.0,4812600.0,37461100.0,9939200.0,52654200.0,7953600.0,32327500.0,446676000.0,4724200.0,7744700.0,,27646100.0,,,84083900.0,7057700.0,,,17333700.0,3995500000.0,0.0,0.0
2016-07-28,27515600.0,11505600.0,19512000.0,801100.0,8255200.0,268100.0,1866500.0,,0.0,73464000.0,17968100.0,1220200.0,,16540100.0,4320400.0,13077800.0,6239400.0,78955800.0,6112800.0,37550400.0,221916000.0,3446500.0,5911600.0,,16939700.0,,,65035700.0,4746300.0,,,13809600.0,3664240000.0,0.0,0.0
2016-07-29,22580500.0,8539200.0,26030000.0,1149100.0,4257000.0,360300.0,1359700.0,,0.0,101810000.0,15202400.0,2386800.0,,30267900.0,7020900.0,16530500.0,7460900.0,35058800.0,6904800.0,30558700.0,409588000.0,3995300.0,7520900.0,,22385300.0,,,79519400.0,7366600.0,,,18906600.0,4038840000.0,0.0,0.0
2016-08-01,26729000.0,8763200.0,17876000.0,772000.0,2927200.0,442600.0,986800.0,,0.0,60594000.0,18335300.0,2479100.0,,34771700.0,4615100.0,12349700.0,4208800.0,25006900.0,7512000.0,26003400.0,301120000.0,3880700.0,10420600.0,,13990100.0,,,73311400.0,7328200.0,,,17605200.0,3505990000.0,0.0,0.0
2016-08-02,40816400.0,11651200.0,22689000.0,848500.0,3235400.0,299600.0,2107300.0,,0.0,39928000.0,21959800.0,2920500.0,,28691000.0,7158700.0,12825200.0,4504200.0,23968400.0,9708000.0,35122000.0,282748000.0,3431600.0,13083200.0,,21278400.0,,,92295500.0,6088500.0,,,19539300.0,3848750000.0,0.0,0.0
2016-08-03,23807800.0,8632000.0,15019000.0,889700.0,2062700.0,257100.0,1837100.0,,0.0,29206000.0,13733700.0,1148600.0,,17830300.0,5310600.0,12119100.0,4120000.0,18525300.0,10222800.0,22075600.0,299828000.0,3691900.0,8192100.0,,15011300.0,,,53993600.0,3872000.0,,,19704300.0,3786530000.0,0.0,0.0
2016-08-04,22411000.0,12881600.0,19978000.0,1418100.0,2051200.0,349000.0,1638300.0,,0.0,21520000.0,11832000.0,1065000.0,,17526700.0,4728200.0,11244100.0,4313200.0,21066000.0,15585600.0,26587700.0,272712000.0,3226900.0,5564100.0,,12835300.0,,,46585500.0,3165000.0,,,14834700.0,3709200000.0,0.0,0.0
2016-08-05,20164000.0,30014400.0,25594000.0,2508300.0,1474800.0,371900.0,1526500.0,,0.0,36146000.0,12314900.0,2368100.0,,28643400.0,5146900.0,10398200.0,3883800.0,20184000.0,29600400.0,29335200.0,371588000.0,3189400.0,6729700.0,,23196600.0,,,71892200.0,5573000.0,,,16246200.0,3663070000.0,0.0,0.0
2016-08-08,21462200.0,16755200.0,19084000.0,1440000.0,1834300.0,356100.0,1294400.0,,0.0,24426000.0,10800900.0,1304000.0,,14625700.0,5232500.0,8680300.0,3589300.0,15233900.0,10828800.0,19473500.0,305064000.0,3304200.0,5388200.0,,12358200.0,,,39906500.0,8731700.0,,,19731600.0,3327550000.0,0.0,0.0
2016-08-09,16772400.0,14412800.0,32743000.0,1110300.0,1532800.0,232800.0,1286700.0,,0.0,32154000.0,13772300.0,1817000.0,,12487700.0,3941500.0,7281300.0,3491700.0,19621000.0,15261600.0,16920700.0,372344000.0,2378200.0,4158800.0,,13276500.0,,,51251700.0,6660600.0,,,19283700.0,3334300000.0,0.0,0.0
2016-08-10,29070700.0,7595200.0,19523000.0,774600.0,1227300.0,477100.0,1104300.0,,0.0,18370000.0,7250400.0,1262500.0,,19138100.0,4333500.0,8412100.0,2941700.0,10670100.0,9888000.0,15756900.0,375740000.0,2189900.0,5981400.0,,14688400.0,,,57941100.0,8229100.0,,,24156900.0,3254950000.0,0.0,0.0
2016-08-11,13240300.0,14206400.0,15745000.0,842900.0,2120800.0,312400.0,1497800.0,,0.0,25646000.0,6732600.0,1823600.0,,21144600.0,4052000.0,11303300.0,3490200.0,11729500.0,8394000.0,18162300.0,681064000.0,2786800.0,7387100.0,,12969800.0,,,72504300.0,9134000.0,,,18870900.0,3423160000.0,0.0,0.0
2016-08-12,25466400.0,9136000.0,16530000.0,508200.0,1496300.0,406900.0,1399100.0,,0.0,17946000.0,3996500.0,1377100.0,,12251200.0,4234800.0,10928900.0,3015700.0,12159000.0,5281200.0,21655200.0,1425744000.0,2563400.0,8063400.0,,19379000.0,,,61313500.0,3481800.0,,,29982600.0,3000660000.0,0.0,0.0
2016-08-15,28339400.0,20718400.0,25807000.0,698700.0,1395900.0,242300.0,918600.0,,0.0,18596000.0,9396400.0,1031800.0,,22048000.0,6469500.0,10390600.0,3391600.0,19295100.0,4964400.0,19283900.0,573304000.0,2357800.0,6871200.0,,11777800.0,,,49813500.0,3187000.0,,,28908300.0,3078530000.0,0.0,0.0
2016-08-16,26768800.0,13499200.0,19069000.0,746100.0,1458300.0,354500.0,1023000.0,,0.0,21158000.0,8104400.0,1433500.0,,20244300.0,11289100.0,9706100.0,3333900.0,14222400.0,5442000.0,20523500.0,287652000.0,2677200.0,8071100.0,,14161400.0,,,53213600.0,5914400.0,,,29289900.0,3196400000.0,0.0,0.0
2016-08-17,13791300.0,10432000.0,16613000.0,827200.0,1392600.0,378500.0,1382500.0,,0.0,21322000.0,14139600.0,1733900.0,,20632600.0,10442800.0,11208500.0,5184900.0,13794200.0,5859600.0,18856400.0,595212000.0,2963900.0,6762100.0,,15980300.0,,,75134300.0,6996800.0,,,43029900.0,3388910000.0,0.0,0.0
2016-08-18,30783300.0,15750400.0,21120000.0,522400.0,1339200.0,351600.0,1353400.0,,0.0,17292000.0,8582700.0,1245600.0,,16244600.0,8728000.0,9144300.0,3710500.0,12400800.0,7310400.0,14214300.0,331684000.0,2373000.0,7082800.0,,10036300.0,,,52989300.0,4254200.0,,,80574900.0,3300570000.0,0.0,0.0
2016-08-19,75129300.0,12430400.0,15349000.0,687800.0,1417500.0,238600.0,1764800.0,,0.0,22416000.0,7474000.0,1396700.0,,17379500.0,7798300.0,9385900.0,7065700.0,11688300.0,9058800.0,17271000.0,291560000.0,2846600.0,6199900.0,,18743000.0,,,75443000.0,6241800.0,,,46039200.0,3084800000.0,0.0,0.0
2016-08-22,41519200.0,11142400.0,15393000.0,707500.0,1350500.0,191800.0,955000.0,,0.0,17056000.0,5364700.0,1084600.0,,16929700.0,6544900.0,8687500.0,4484700.0,14386400.0,5310000.0,15221900.0,244748000.0,2304600.0,5921100.0,,14500600.0,,,61368800.0,6415400.0,,,30936300.0,2777550000.0,0.0,0.0
2016-08-23,27531100.0,14729600.0,19741000.0,758900.0,1271300.0,208800.0,1003700.0,,0.0,18350000.0,7476400.0,939900.0,,21539400.0,5603200.0,8421100.0,4305400.0,13309500.0,6820800.0,18732400.0,339764000.0,2473000.0,5420100.0,,11997900.0,,,53399200.0,5501800.0,,,28174200.0,3041490000.0,0.0,0.0
2016-08-24,22943900.0,6588800.0,21802000.0,949400.0,1481800.0,104300.0,1363800.0,,0.0,25672000.0,6655300.0,1345600.0,,21533400.0,6303900.0,11508900.0,4135400.0,12243700.0,7204800.0,18151500.0,298448000.0,3422600.0,5713300.0,,17728700.0,,,71728900.0,5391500.0,,,30152100.0,3148280000.0,0.0,0.0
2016-08-25,16451300.0,8436800.0,18735000.0,520300.0,1169100.0,154500.0,1817700.0,,0.0,24054000.0,7482800.0,1037700.0,,17023200.0,5566000.0,9815700.0,6694100.0,10730800.0,8233200.0,18552600.0,406032000.0,2129500.0,10595500.0,,24266300.0,,,69224800.0,6388200.0,,,31542600.0,2969310000.0,0.0,0.0
2016-08-26,31387900.0,8830400.0,22586000.0,505400.0,1461500.0,170000.0,2009900.0,,0.0,24978000.0,10544900.0,1988300.0,,26734400.0,6482700.0,11824900.0,5294500.0,17504800.0,6421200.0,20971200.0,300024000.0,2868900.0,16408200.0,,23896000.0,,,122506300.0,5267500.0,,,30115500.0,3342340000.0,0.0,0.0
2016-08-29,16916300.0,11129600.0,16726000.0,482900.0,3082000.0,97900.0,1819200.0,,0.0,15474000.0,10038500.0,1497400.0,,14013900.0,5074900.0,9544600.0,4983000.0,15925900.0,8538000.0,16417200.0,274652000.0,2576400.0,8934500.0,,11184900.0,,,70502200.0,3143900.0,,,22404300.0,2654780000.0,0.0,0.0
2016-08-30,16088100.0,11492800.0,27838000.0,1735000.0,1563100.0,140600.0,2010700.0,,0.0,23348000.0,16157400.0,2498400.0,,14031300.0,3820500.0,9720100.0,5085300.0,17804300.0,10496400.0,16930200.0,285544000.0,3708100.0,11619400.0,,19843300.0,,,58114500.0,5001800.0,,,17322600.0,3006800000.0,0.0,0.0
2016-08-31,18808800.0,7828800.0,32753000.0,2863500.0,2237500.0,173600.0,1933200.0,,0.0,21428000.0,16985000.0,2008100.0,,29236300.0,5693100.0,10217900.0,5394700.0,14200600.0,12045600.0,20860300.0,388544000.0,3995000.0,11407800.0,,16169800.0,,,85269500.0,4674700.0,,,18934800.0,3766390000.0,0.0,0.0
2016-09-01,22284600.0,10764800.0,39128000.0,1163900.0,3526700.0,138900.0,6038500.0,,0.0,26070000.0,14952700.0,1775900.0,,22964700.0,4551800.0,8457800.0,3966600.0,13536100.0,8158800.0,26075400.0,428492000.0,3799000.0,29793300.0,,20944700.0,,,97844200.0,6066600.0,,,35284200.0,3392120000.0,0.0,0.0
2016-09-02,18538400.0,11529600.0,80668000.0,850200.0,3161500.0,157500.0,2679000.0,,0.0,26998000.0,13540100.0,1550100.0,,23083300.0,5806400.0,9026000.0,3410100.0,12118800.0,6978000.0,18900500.0,323148000.0,3671200.0,17470400.0,,18088200.0,,,79293900.0,6050200.0,,,24248700.0,3091120000.0,0.0,0.0
2016-09-06,24994600.0,7808000.0,36132000.0,850900.0,2222800.0,182300.0,2716900.0,,0.0,39790000.0,12662000.0,1284000.0,,13711000.0,5280700.0,8600400.0,6337900.0,26278400.0,16899600.0,16278400.0,306812000.0,2913300.0,14472100.0,,18525200.0,,,56702100.0,6433000.0,,,28712700.0,3447650000.0,0.0,0.0
2016-09-07,57721900.0,6896000.0,31437000.0,833000.0,1568200.0,164100.0,2984100.0,,0.0,22906000.0,8245100.0,836800.0,,17830500.0,4753800.0,8656600.0,2647700.0,27990800.0,7640400.0,17493400.0,397988000.0,3260500.0,17556400.0,,17546900.0,,,76554900.0,14429800.0,,,28854900.0,3319420000.0,0.0,0.0
2016-09-08,90814700.0,5433600.0,18680000.0,777500.0,1655000.0,91700.0,2993100.0,,0.0,23554000.0,8430700.0,1287300.0,,16265500.0,4833000.0,10020400.0,3085600.0,15676600.0,10758000.0,20146100.0,315808000.0,3491400.0,23465700.0,,20125300.0,,,74102900.0,6361600.0,,,28983600.0,3727840000.0,0.0,0.0
2016-09-09,170828000.0,8604800.0,45022000.0,889700.0,2579200.0,202700.0,2993900.0,,0.0,37752000.0,25087600.0,1700700.0,,54239000.0,7957300.0,23624200.0,4961100.0,27100700.0,15776400.0,35113900.0,697760000.0,6134500.0,21955000.0,,50813300.0,,,221589100.0,8325600.0,,,36517800.0,4233960000.0,0.0,0.0
2016-09-12,78014400.0,8457600.0,35673000.0,438300.0,2893100.0,167400.0,2982400.0,,0.0,37274000.0,17718300.0,1446600.0,,33408100.0,7239800.0,15932300.0,5014000.0,21252800.0,13491600.0,29303000.0,598260000.0,4569400.0,16105700.0,,39646000.0,,,168110900.0,5844500.0,,,32592000.0,4010480000.0,0.0,0.0
2016-09-13,50819500.0,9566400.0,36003000.0,793800.0,3157100.0,97500.0,2148600.0,,0.0,36180000.0,21907200.0,1993700.0,,47536200.0,7957900.0,12962700.0,4162200.0,18016200.0,18698400.0,30130200.0,471768000.0,4597700.0,19682700.0,,45863900.0,,,182828800.0,6857800.0,,,22523700.0,4141670000.0,0.0,0.0
2016-09-14,64251100.0,28867200.0,40324000.0,513100.0,3379900.0,87400.0,2188900.0,,0.0,25842000.0,14257700.0,1062100.0,,30545500.0,6124900.0,9823900.0,4530700.0,15691100.0,11364000.0,24062500.0,319048000.0,4007800.0,25397900.0,,28221800.0,,,134185500.0,5088700.0,,,20941500.0,3664100000.0,0.0,0.0
2016-09-15,52669500.0,10870400.0,36322000.0,574600.0,2039900.0,108100.0,2284300.0,,0.0,31144000.0,9964800.0,994100.0,,29499800.0,5812100.0,10158500.0,3671200.0,15077200.0,22554000.0,26847000.0,515212000.0,3598600.0,13833600.0,,38521400.0,,,134427900.0,6305100.0,,,21886800.0,3373720000.0,0.0,0.0
2016-09-16,47829400.0,18784000.0,83067000.0,770200.0,1752000.0,137300.0,2842000.0,,0.0,42612000.0,8396600.0,833600.0,,31940500.0,12408800.0,16354000.0,9500500.0,24119200.0,27589200.0,44607000.0,902444000.0,4934100.0,23518300.0,,27596500.0,,,155236400.0,7329300.0,,,41807100.0,5014360000.0,0.0,0.0
2016-09-19,37837200.0,16424000.0,28306000.0,725300.0,2567400.0,159500.0,1321300.0,,0.0,22990000.0,9855500.0,490400.0,,22807000.0,5457600.0,7659900.0,3741500.0,14958800.0,11592000.0,20937100.0,417128000.0,3439300.0,19173900.0,,16222900.0,,,80250500.0,7696400.0,,,20762100.0,3141820000.0,0.0,0.0
2016-09-20,28990900.0,10150400.0,18722000.0,638000.0,1805300.0,176100.0,1396700.0,,0.0,20984000.0,8705600.0,1177800.0,,16877900.0,5187700.0,8407200.0,3841800.0,11083800.0,8979600.0,17384000.0,331112000.0,3561700.0,33986500.0,,18078600.0,,,69665300.0,5763300.0,,,17731800.0,3117380000.0,0.0,0.0
2016-09-21,33450000.0,6956800.0,17977000.0,1078000.0,1373000.0,176200.0,1535100.0,,0.0,26970000.0,17484300.0,1108300.0,,30784700.0,6337300.0,13654700.0,4528900.0,14068300.0,10344000.0,33707300.0,336212000.0,3913900.0,55409800.0,,31546800.0,,,110284400.0,8097200.0,,,20027700.0,3685450000.0,0.0,0.0
2016-09-22,35848200.0,11374400.0,20619000.0,1230600.0,1345400.0,81000.0,2502200.0,,0.0,35186000.0,11813600.0,1012300.0,,36287700.0,5340500.0,9288300.0,3808800.0,15538300.0,7532400.0,19822200.0,308732000.0,3869400.0,52692700.0,,22614400.0,,,76678700.0,5329000.0,,,17615700.0,3523860000.0,0.0,0.0
2016-09-23,61022400.0,11281600.0,26875000.0,483200.0,1781900.0,118700.0,2282100.0,,0.0,28234000.0,13122600.0,952500.0,,26118000.0,4773000.0,8852700.0,2776000.0,28326300.0,6512400.0,19955300.0,276132000.0,3235900.0,48281400.0,,22213400.0,,,73630900.0,7959800.0,,,23089200.0,3289860000.0,0.0,0.0
2016-09-26,29875800.0,5276800.0,32033000.0,696000.0,1115000.0,131900.0,1862200.0,,0.0,29454000.0,6590500.0,764000.0,,20028000.0,5998900.0,15036000.0,3022400.0,15064900.0,5833200.0,21688700.0,230040000.0,4440400.0,60276600.0,,16403900.0,,,89827300.0,4363300.0,,,17846100.0,3199910000.0,0.0,0.0
2016-09-27,30035900.0,7561600.0,25353000.0,568900.0,2487500.0,131300.0,2569000.0,,0.0,27346000.0,8516500.0,1583700.0,,16939500.0,5349500.0,11920400.0,3745400.0,15637100.0,6762000.0,28065100.0,402752000.0,3779300.0,65150800.0,,20238400.0,,,78494800.0,5707200.0,,,19033200.0,3414090000.0,0.0,0.0
2016-09-28,27878300.0,12672000.0,20843000.0,764300.0,3778300.0,158600.0,2626300.0,,0.0,29406000.0,11149300.0,594800.0,,19426400.0,5076100.0,15523800.0,5638900.0,12047600.0,5691600.0,20536400.0,319788000.0,5030500.0,89806000.0,,14794300.0,,,87411000.0,4125100.0,,,18554700.0,3860390000.0,0.0,0.0
2016-09-29,30746100.0,8654400.0,38570000.0,926100.0,2882900.0,126800.0,4501300.0,,0.0,27000000.0,13425800.0,1123900.0,,26657700.0,6190200.0,12671700.0,4924400.0,14532200.0,7770000.0,25463500.0,336684000.0,7249100.0,74587500.0,,27207500.0,,,128070600.0,5985800.0,,,23990400.0,4215620000.0,0.0,0.0
2016-09-30,47453100.0,11376000.0,34220000.0,1914100.0,1974500.0,105000.0,7318100.0,,0.0,33204000.0,12158000.0,1774600.0,,31764500.0,7941100.0,14375700.0,4188700.0,18402900.0,8656800.0,29910800.0,429932000.0,7173300.0,123735700.0,,25543200.0,,,117202900.0,5725700.0,,,29947800.0,4158800000.0,0.0,0.0
2016-10-03,30456700.0,9950400.0,22807000.0,8055100.0,2099700.0,103200.0,3197100.0,,0.0,29784000.0,10708800.0,3112000.0,,18674300.0,6098600.0,11152800.0,3085800.0,13156900.0,5365200.0,19189500.0,242596000.0,4566000.0,26789500.0,,19216400.0,,,83512100.0,4198500.0,,,17573100.0,3113850000.0,0.0,0.0
2016-10-04,25770000.0,6496000.0,19596000.0,2807800.0,4302700.0,92200.0,2840500.0,,0.0,25174000.0,11057500.0,3949600.0,,26057300.0,5733900.0,13682700.0,4742900.0,14307500.0,6795600.0,20085900.0,281624000.0,5830100.0,23317600.0,,21239700.0,,,119948100.0,5104800.0,,,19707900.0,3716100000.0,0.0,0.0
2016-10-05,31235600.0,8387200.0,26149000.0,3041000.0,3163200.0,77400.0,2377700.0,,0.0,24276000.0,9424500.0,1490600.0,,24317300.0,5778700.0,9607300.0,3720300.0,12386800.0,13053600.0,16726400.0,305440000.0,6297000.0,64580300.0,,14481300.0,,,72816000.0,6205000.0,,569700.0,19393200.0,3883710000.0,0.0,0.0
2016-10-06,27059700.0,5446400.0,21014000.0,2079100.0,2439700.0,65500.0,2465500.0,,0.0,21998000.0,9455200.0,1577400.0,,18937100.0,4448500.0,9722900.0,3900000.0,11682700.0,6213600.0,16212600.0,360212000.0,4886000.0,61462800.0,,11987100.0,,,62927400.0,4099900.0,,264900.0,60330900.0,3438040000.0,0.0,0.0
2016-10-07,33059000.0,5448000.0,21842000.0,1332400.0,3007100.0,55600.0,2282100.0,,0.0,23262000.0,10824200.0,1601100.0,,28732700.0,4799300.0,8122800.0,4153100.0,12804400.0,7756800.0,20089000.0,286260000.0,4398400.0,20518800.0,,19984200.0,,,89788300.0,5753400.0,,110900.0,37961400.0,3578770000.0,0.0,0.0
2016-10-10,13800500.0,16926400.0,16336000.0,1201900.0,1900900.0,40300.0,1587700.0,,,29922000.0,4182300.0,1067000.0,,21481700.0,3657000.0,8983600.0,3290300.0,15138700.0,4826400.0,18196500.0,287876000.0,3119300.0,15492400.0,,19687300.0,,,51855000.0,7810500.0,,6300.0,26965200.0,2881970000.0,0.0,0.0
2016-10-11,32510800.0,10230400.0,26181000.0,1028900.0,2139800.0,89400.0,2596800.0,,0.0,34432000.0,8855400.0,1942600.0,,31931300.0,6394200.0,12249100.0,3943300.0,17537900.0,10084800.0,26497400.0,388540000.0,3814400.0,11723100.0,,27774400.0,,,130367400.0,10157600.0,,158400.0,25774500.0,3393060000.0,0.0,0.0
2016-10-12,33592700.0,5859200.0,21740000.0,699300.0,2165100.0,182500.0,1664500.0,,0.0,18158000.0,7915300.0,1037800.0,,20210400.0,4685200.0,12216300.0,3340200.0,11073000.0,7044000.0,22177500.0,419920000.0,3419800.0,17118000.0,,14267800.0,,,73866100.0,9587000.0,,160500.0,26822100.0,2959510000.0,0.0,0.0
2016-10-13,30401700.0,11099200.0,22373000.0,970200.0,4116900.0,176600.0,1795300.0,,0.0,27380000.0,10614800.0,1188400.0,,26302500.0,7387400.0,17655600.0,4464700.0,17139300.0,7941600.0,25313700.0,390116000.0,3582600.0,11158100.0,,22821000.0,,,101357000.0,17323000.0,,265800.0,27581400.0,3538030000.0,0.0,0.0
2016-10-14,66934400.0,7934400.0,19570000.0,1915900.0,3583800.0,137700.0,1745000.0,,0.0,22238000.0,6766300.0,2105300.0,,24554600.0,5640500.0,9893800.0,5312500.0,13345300.0,15628800.0,27402500.0,330636000.0,4788600.0,7369000.0,,21313300.0,,,93346200.0,9822900.0,,45500.0,19248000.0,3187910000.0,0.0,0.0
2016-10-17,24261500.0,7140800.0,12741000.0,925700.0,2307000.0,77900.0,1988400.0,,0.0,21128000.0,7790000.0,1490800.0,,17119500.0,6956400.0,10792500.0,5655700.0,11351700.0,7437600.0,23830000.0,195328000.0,4104400.0,7610600.0,,14182700.0,,,58275700.0,7598400.0,,20600.0,22480200.0,2832440000.0,0.0,0.0
2016-10-18,25314800.0,3772800.0,14167000.0,941900.0,1485900.0,202500.0,1847800.0,,0.0,45786000.0,8404600.0,1484400.0,,19158900.0,12598300.0,11297300.0,6198400.0,13504000.0,9655200.0,19149500.0,269372000.0,3850000.0,10749500.0,,19276700.0,,,76869700.0,5487500.0,,464300.0,23573100.0,3172940000.0,0.0,0.0
2016-10-19,29420200.0,5692800.0,20440000.0,670800.0,1528800.0,142600.0,1812000.0,,0.0,30002000.0,9874300.0,1264200.0,,18477400.0,7400900.0,16367400.0,6433400.0,16752300.0,6436800.0,22878400.0,199060000.0,4330600.0,12788800.0,,13702900.0,,,66519200.0,6733000.0,,140400.0,21369900.0,3364990000.0,0.0,0.0
2016-10-20,64607500.0,3763200.0,18961000.0,483500.0,2081200.0,126600.0,2251200.0,,0.0,27878000.0,12558000.0,979900.0,,20485600.0,6973000.0,10620500.0,7250700.0,13167500.0,6918000.0,49455600.0,312084000.0,3751600.0,10175100.0,,18132200.0,,,73639800.0,7329800.0,,653900.0,18882000.0,3339320000.0,0.0,0.0
2016-10-21,64243500.0,5862400.0,15842000.0,410100.0,1342900.0,780600.0,2188000.0,,0.0,32316000.0,8332900.0,571100.0,,21093700.0,8422000.0,14401500.0,10108000.0,19088800.0,6762000.0,80032200.0,279508000.0,3615400.0,13974100.0,,15707800.0,,,89089100.0,3817100.0,,27500.0,23533800.0,3456390000.0,0.0,0.0
2016-10-24,52998400.0,4134400.0,19772000.0,388300.0,1852000.0,788700.0,2432800.0,,0.0,28952000.0,7200800.0,900800.0,,15421600.0,6141900.0,13439200.0,6173500.0,17470200.0,13684800.0,54067000.0,339836000.0,5126000.0,10573200.0,,19143000.0,,,60146600.0,3768900.0,,130300.0,21490800.0,3359950000.0,0.0,0.0
2016-10-25,78862000.0,4776000.0,21622000.0,515600.0,2114100.0,373500.0,2060600.0,,0.0,37814000.0,6906500.0,735100.0,,16459800.0,5595000.0,16484700.0,4879000.0,13336800.0,6753600.0,35137200.0,397460000.0,3756300.0,20761200.0,,20341800.0,,,66542300.0,3214700.0,,6200.0,22889100.0,3756200000.0,0.0,0.0
2016-10-26,47619300.0,5412800.0,21075000.0,612300.0,2321500.0,343400.0,2246100.0,,0.0,35898000.0,13813300.0,1136600.0,,24975300.0,6429200.0,16886200.0,3763100.0,13084700.0,7699200.0,29911600.0,333792000.0,3440700.0,8464100.0,,20463700.0,,,75705500.0,4121500.0,,52300.0,15151500.0,3778120000.0,0.0,0.0
2016-10-27,37804200.0,8523200.0,19840000.0,811100.0,1965300.0,373000.0,1993500.0,,0.0,59470000.0,19333100.0,3668500.0,,29525700.0,7548700.0,14537000.0,2960700.0,16741400.0,11198400.0,28479900.0,388664000.0,4205300.0,6598300.0,,19099800.0,,,77220200.0,6243200.0,,271100.0,21394800.0,4209400000.0,0.0,0.0
2016-10-28,77261300.0,14891200.0,20651000.0,653600.0,1777400.0,488200.0,1843900.0,,0.0,87098000.0,19745600.0,1313200.0,,35473700.0,8813300.0,13398400.0,3304700.0,24545500.0,10969200.0,33574700.0,290856000.0,3378900.0,7021100.0,,35369300.0,,,140623200.0,5210800.0,,2185200.0,20858700.0,4028270000.0,0.0,0.0
2016-10-31,42345900.0,10963200.0,20317000.0,696100.0,1701800.0,494500.0,3239400.0,,0.0,44854000.0,21174600.0,4413900.0,,20311800.0,8552500.0,13327500.0,4181600.0,15669000.0,9070800.0,26434700.0,252388000.0,3141700.0,8207100.0,,18749400.0,,,61272500.0,3212300.0,,25900.0,19167000.0,3926560000.0,0.0,0.0
2016-11-01,39906900.0,11934400.0,28452000.0,983800.0,3169700.0,541800.0,2112000.0,,0.0,47118000.0,26184000.0,2004000.0,,34147200.0,7591900.0,12223400.0,3935600.0,22077800.0,9229200.0,24533000.0,473224000.0,4289600.0,8564500.0,,23498700.0,,,122781800.0,5815800.0,,11800.0,26515800.0,4539190000.0,0.0,0.0
2016-11-02,33852200.0,9099200.0,43501000.0,926700.0,6947400.0,281700.0,2260500.0,,0.0,47014000.0,19593600.0,1455900.0,,29859900.0,6591300.0,12034300.0,3512500.0,39640900.0,9855600.0,22147000.0,295848000.0,3679200.0,7773200.0,,26960100.0,,,103330800.0,5274700.0,,9900.0,22935900.0,4289120000.0,0.0,0.0
2016-11-03,33673600.0,16529600.0,20654000.0,739600.0,5495500.0,255900.0,2168200.0,,0.0,43504000.0,12699700.0,686600.0,,22717500.0,6227100.0,11258000.0,3890700.0,63766300.0,18114000.0,21600400.0,309664000.0,3447700.0,6899900.0,,36205200.0,,,88939300.0,4890800.0,,122300.0,20411700.0,3892100000.0,0.0,0.0
2016-11-04,32215700.0,29430400.0,21753000.0,827600.0,4049800.0,205600.0,2702100.0,,0.0,39412000.0,10970400.0,1699800.0,,35237200.0,7160600.0,14464200.0,3457400.0,30545500.0,72952800.0,28697000.0,328780000.0,2897600.0,9378100.0,,26997500.0,,,109122100.0,4431900.0,,603600.0,21786300.0,3841910000.0,0.0,0.0
2016-11-07,36999200.0,20396800.0,26126000.0,942500.0,2536400.0,385600.0,3010100.0,,0.0,39852000.0,14416200.0,2617900.0,,32370900.0,6398200.0,14038500.0,3842400.0,23008900.0,16492800.0,31664800.0,487580000.0,5469100.0,8878500.0,,26591200.0,,,109794900.0,3981800.0,,2300.0,29266200.0,3739720000.0,0.0,0.0
2016-11-08,37728500.0,13500800.0,18923000.0,972600.0,4310600.0,288200.0,3505200.0,,0.0,35382000.0,20370600.0,1182200.0,,26196800.0,6675300.0,12036600.0,3300200.0,19460800.0,11919600.0,22935400.0,429884000.0,4671000.0,7674600.0,,20777900.0,,,106772100.0,4077100.0,,335100.0,22863900.0,3921850000.0,0.0,0.0
2016-11-09,38479500.0,13392000.0,32506000.0,2991200.0,5296100.0,432900.0,3170200.0,,0.0,61970000.0,24858900.0,6381300.0,,77416800.0,16220000.0,21351000.0,5099500.0,31916000.0,20413200.0,49632500.0,456532000.0,6515800.0,11972500.0,,70234400.0,,,258429000.0,8996700.0,,106300.0,50338500.0,6267590000.0,0.0,0.0
2016-11-10,71749500.0,17264000.0,51217000.0,6316600.0,5074700.0,313800.0,3944200.0,,0.0,118192000.0,33213300.0,5445300.0,,83440700.0,11904500.0,33245500.0,4437700.0,67846700.0,14461200.0,57822400.0,869280000.0,9095200.0,22095000.0,,72825400.0,,,172113300.0,10104300.0,,2629000.0,42963900.0,6458450000.0,0.0,0.0
2016-11-11,39492200.0,11652800.0,29793000.0,1448800.0,3615500.0,245800.0,3218000.0,,,71852000.0,16442900.0,2482900.0,,95612800.0,8134800.0,13421000.0,4331200.0,32840100.0,11352800.0,38767800.0,2175344000.0,5888400.0,8905700.0,,41115200.0,,,100552700.0,7506800.0,,13400.0,24671700.0,4993990000.0,,0.0
2016-11-14,29596400.0,19153600.0,28187000.0,1243400.0,2631400.0,358400.0,3890800.0,,0.0,73766000.0,21036000.0,3753800.0,,83119400.0,10054900.0,19514200.0,7093200.0,51377000.0,16114000.0,41328400.0,1348796000.0,7248800.0,12862500.0,,35906000.0,,,94580000.0,8551400.0,,121500.0,38752500.0,5373670000.0,0.0,0.0
2016-11-15,28909400.0,16145600.0,25380000.0,1806400.0,2759100.0,348900.0,2799900.0,,0.0,58878000.0,17888600.0,1391700.0,,38704500.0,7446700.0,16554000.0,4447900.0,34681400.0,18663600.0,35904100.0,626092000.0,5672300.0,9464000.0,,31796600.0,,,91652600.0,11135600.0,,798600.0,29175300.0,4548110000.0,0.0,0.0
2016-11-16,78083200.0,7384000.0,13333000.0,626600.0,3551200.0,493300.0,2152300.0,,0.0,35968000.0,11965700.0,2765700.0,,42325500.0,6594800.0,12681400.0,5371100.0,32397900.0,15576400.0,27332500.0,987984000.0,3962900.0,8542900.0,,16538100.0,,,65617700.0,8802600.0,,65600.0,33577200.0,3847900000.0,0.0,0.0
2016-11-17,124235500.0,4409600.0,18100000.0,525900.0,1802500.0,448100.0,2098700.0,,0.0,30674000.0,12017600.0,2499200.0,,42576900.0,5730300.0,12398800.0,2836600.0,18597800.0,14560000.0,32132700.0,832988000.0,4212600.0,9083700.0,,20598600.0,,,69797200.0,7065100.0,,60400.0,70320900.0,3811730000.0,0.0,0.0
2016-11-18,62336200.0,8592000.0,19524000.0,420700.0,1624200.0,259700.0,2020500.0,,0.0,36126000.0,17781800.0,4093700.0,,41380600.0,7717800.0,16345300.0,3655400.0,22879300.0,11069200.0,27686300.0,576060000.0,4919200.0,14565500.0,,16428700.0,,,86265800.0,5136600.0,,728700.0,33405900.0,3580900000.0,0.0,0.0
2016-11-21,65595900.0,38435200.0,21384000.0,1070600.0,2238100.0,324100.0,1181200.0,,0.0,32616000.0,11581600.0,1364300.0,,32293100.0,5843300.0,12307000.0,3603300.0,35415400.0,36262400.0,19652600.0,436436000.0,3870800.0,11482100.0,,20268500.0,,,72402600.0,4477100.0,,28000.0,25068000.0,3611500000.0,0.0,0.0
2016-11-22,71312800.0,13678400.0,31024000.0,689500.0,2625300.0,157100.0,1954200.0,,0.0,27884000.0,16648100.0,1744700.0,,39681500.0,11649700.0,12743500.0,3699100.0,26089200.0,27633200.0,23206700.0,330368000.0,4540300.0,7426500.0,,18850600.0,,,67429000.0,8937500.0,,100000.0,32952000.0,3960520000.0,0.0,0.0
2016-11-23,34646000.0,7820800.0,22123000.0,750300.0,2094400.0,298300.0,2166900.0,,0.0,26260000.0,10662900.0,4607100.0,,37939200.0,7892600.0,9281300.0,2860200.0,15672100.0,11963600.0,21848900.0,443236000.0,4658400.0,7693300.0,,22926000.0,,,56620200.0,4017500.0,,50000.0,22196700.0,3419850000.0,0.0,0.0
2016-11-25,14214100.0,5844800.0,8198000.0,187300.0,1250800.0,143700.0,886800.0,,0.0,12270000.0,2009600.0,948200.0,,13373400.0,3433300.0,7402300.0,1709100.0,8658600.0,5316400.0,8409600.0,195564000.0,3644900.0,3882900.0,,7162800.0,,,37872300.0,2101800.0,,0.0,12703200.0,1584590000.0,0.0,0.0
2016-11-28,25907800.0,9921600.0,26570000.0,500600.0,2138800.0,258900.0,1733500.0,,0.0,51508000.0,16897400.0,2474800.0,,32505700.0,9065700.0,19424400.0,5931700.0,18101300.0,14807600.0,20732600.0,278736000.0,5556900.0,6990100.0,,13479000.0,,,76572500.0,5435000.0,,500.0,21297600.0,3515100000.0,0.0,0.0
2016-11-29,54831400.0,9504000.0,18514000.0,372400.0,2179600.0,248400.0,1496800.0,,0.0,31240000.0,9164000.0,1745000.0,,27993700.0,7799600.0,11421900.0,6370900.0,18891000.0,15941200.0,22366700.0,444568000.0,3886800.0,6183100.0,,18553000.0,,,69886700.0,9254600.0,,124600.0,21930300.0,3709190000.0,0.0,0.0
2016-11-30,36511900.0,10664000.0,31249000.0,520100.0,2308500.0,218600.0,2750500.0,,0.0,45582000.0,15211300.0,3362500.0,,32491200.0,11178500.0,22410400.0,5696100.0,30188900.0,15869200.0,34655400.0,440500000.0,8123500.0,12115500.0,,30405300.0,,,113291800.0,6403400.0,,291500.0,27978300.0,5538400000.0,0.0,0.0
2016-12-01,56682400.0,12539200.0,46389000.0,735000.0,3238700.0,234600.0,2305200.0,,0.0,57342000.0,18249400.0,3467600.0,,39815900.0,8143300.0,20409900.0,4445000.0,43277000.0,16568800.0,34542100.0,1035524000.0,7123000.0,12516900.0,,39796600.0,,,79040500.0,12499600.0,,127300.0,20549400.0,5067470000.0,0.0,0.0
2016-12-02,42398900.0,13537600.0,26945000.0,560900.0,1458700.0,318900.0,1829200.0,,0.0,34376000.0,9360400.0,1660400.0,,24054100.0,6167700.0,11176300.0,3348700.0,25070400.0,12331200.0,25515700.0,478292000.0,4594600.0,9079400.0,,32876800.0,,,74840300.0,5195800.0,,18400.0,20022600.0,3782370000.0,0.0,0.0
2016-12-05,31410100.0,12294400.0,21372000.0,1002400.0,2553600.0,352800.0,2432100.0,,0.0,33770000.0,9782100.0,2281600.0,,27547100.0,5451600.0,15977800.0,5191900.0,20201500.0,10438000.0,23552700.0,602284000.0,3961800.0,8597500.0,,21419700.0,,,67837800.0,3953100.0,,530600.0,31583700.0,3898530000.0,0.0,0.0
2016-12-06,92242900.0,10910400.0,39184000.0,531100.0,2658400.0,238100.0,2245400.0,,0.0,34682000.0,16090600.0,989400.0,,27820000.0,6530400.0,11303500.0,3368000.0,19131200.0,11141200.0,19907000.0,498796000.0,4828400.0,7327200.0,,27293300.0,,,59877400.0,4336200.0,,925600.0,23334000.0,3857290000.0,0.0,0.0
2016-12-07,54897300.0,20456000.0,32659000.0,1055600.0,4013400.0,363100.0,2811300.0,,0.0,40588000.0,20886400.0,1237600.0,,31825800.0,11761100.0,13726500.0,4059900.0,21913700.0,11084800.0,30809000.0,480804000.0,4873400.0,8567700.0,,26622400.0,,,110738100.0,3911600.0,,523700.0,20898600.0,4504070000.0,0.0,0.0
2016-12-08,104613000.0,10625600.0,38361000.0,2370000.0,3698800.0,232400.0,5504300.0,,0.0,32250000.0,10782100.0,1357500.0,,49048900.0,7774900.0,13077100.0,3255100.0,22442800.0,11518400.0,21220800.0,381544000.0,3993900.0,7522800.0,,18578400.0,,,99714400.0,4094600.0,,625800.0,20532600.0,4203270000.0,0.0,0.0
2016-12-09,60600800.0,8201600.0,75744000.0,2846400.0,2922300.0,164400.0,2614700.0,,0.0,38090000.0,6463400.0,3261000.0,,34313500.0,7672100.0,28125800.0,2623700.0,17464700.0,10114400.0,27349400.0,382312000.0,5040200.0,8004500.0,,21863100.0,,,88005800.0,4387400.0,,588400.0,32270100.0,3886460000.0,0.0,0.0
2016-12-12,63342900.0,14536000.0,37194000.0,1247300.0,2249400.0,163400.0,2299200.0,,0.0,32572000.0,8457100.0,1538200.0,,34592900.0,9544600.0,17561900.0,4172000.0,17805500.0,7930800.0,20198100.0,601332000.0,4858400.0,7494100.0,,23259300.0,,,102016100.0,3428000.0,,982700.0,27252300.0,4038850000.0,0.0,0.0
2016-12-13,46967800.0,9788800.0,69076000.0,772400.0,2523400.0,176800.0,3583300.0,,0.0,42564000.0,10739200.0,1993500.0,,32624600.0,7051600.0,18986000.0,4308000.0,29768000.0,10518000.0,35718900.0,387796000.0,4508600.0,11795900.0,,54477900.0,,,110477500.0,5857700.0,,2901100.0,26662500.0,3875630000.0,0.0,0.0
2016-12-14,46968600.0,22883200.0,46795000.0,1253100.0,3100200.0,211200.0,2119100.0,,0.0,35994000.0,15672400.0,3941000.0,,45923700.0,9378700.0,17937900.0,4967400.0,25913100.0,8139200.0,30352700.0,983980000.0,5007500.0,12292200.0,,28746000.0,,,142501800.0,6108400.0,,2399400.0,26008200.0,4409670000.0,0.0,0.0
2016-12-15,48871300.0,15822400.0,38103000.0,596000.0,3003000.0,254000.0,1811100.0,,0.0,35394000.0,11221700.0,1999200.0,,41352500.0,6738100.0,14265300.0,4402800.0,20139600.0,6242400.0,27669900.0,746548000.0,4179400.0,8768100.0,,22762300.0,,,124972600.0,5073300.0,,1151700.0,21408900.0,4173360000.0,0.0,0.0
2016-12-16,77777700.0,14219200.0,41541000.0,1002600.0,6161300.0,230700.0,3767100.0,,0.0,51978000.0,15722200.0,1811800.0,,39348200.0,11291100.0,19675200.0,10793800.0,25324300.0,15697600.0,42453100.0,1089528000.0,7499300.0,21172400.0,,26283900.0,,,156420200.0,6662100.0,,70800.0,53534400.0,5928980000.0,0.0,0.0
2016-12-19,46085800.0,14830400.0,22219000.0,629400.0,3331500.0,378200.0,3231900.0,,0.0,25272000.0,5897900.0,1691800.0,,33393900.0,6310800.0,8687300.0,3545500.0,15918100.0,8797200.0,34338200.0,744656000.0,3683800.0,6431200.0,,21138700.0,,,90341100.0,6157000.0,,1242500.0,17667900.0,3252840000.0,0.0,0.0
2016-12-20,59314200.0,8873600.0,27352000.0,451200.0,3192700.0,337400.0,2204600.0,,0.0,25438000.0,11072400.0,969400.0,,31753600.0,5715200.0,10603500.0,2768800.0,13684400.0,10208000.0,26028400.0,848056000.0,4903400.0,7485400.0,,11461800.0,,,89838800.0,5570800.0,,1128700.0,18324300.0,3306250000.0,0.0,0.0
2016-12-21,44814100.0,5220800.0,21013000.0,1926500.0,1746100.0,259000.0,1313400.0,,0.0,29192000.0,17461400.0,1870500.0,,23215900.0,5907600.0,9693600.0,2762800.0,10767600.0,17220400.0,17096300.0,576136000.0,3245200.0,6099300.0,,7079300.0,,,67909000.0,6267500.0,,607400.0,15303000.0,2854880000.0,0.0,0.0
2016-12-22,36450800.0,7673600.0,17557000.0,611500.0,5599000.0,185700.0,1965900.0,,0.0,22632000.0,8507600.0,1872100.0,,34737900.0,4602300.0,11894100.0,3037100.0,16258600.0,9160400.0,22176600.0,718612000.0,2605000.0,7864800.0,,16645000.0,,,56219100.0,7455900.0,,525600.0,36320400.0,2880670000.0,0.0,0.0
2016-12-23,32288200.0,2219200.0,8977000.0,391800.0,2910500.0,97700.0,1254100.0,,0.0,15310000.0,4230500.0,830400.0,,17081400.0,2992500.0,6436600.0,2164100.0,10890000.0,8041600.0,12403800.0,647692000.0,1769300.0,5284200.0,,9007500.0,,,36697800.0,4853500.0,,35100.0,14411700.0,2021230000.0,0.0,0.0
2016-12-27,44336500.0,7169600.0,8283000.0,540300.0,2243500.0,145100.0,1301100.0,,0.0,19520000.0,5840600.0,1148800.0,,13571700.0,3232600.0,6999200.0,1919300.0,12051500.0,6898000.0,11763200.0,1194272000.0,1505000.0,3782600.0,,16110600.0,,,42672500.0,3083000.0,,149200.0,13307100.0,1989730000.0,0.0,0.0
2016-12-28,71254500.0,6958400.0,14039000.0,394100.0,3401900.0,184600.0,1281000.0,,0.0,24296000.0,6961200.0,1369800.0,,22712400.0,3278300.0,8988000.0,1980200.0,12087400.0,6684400.0,14653300.0,2295764000.0,1878600.0,4298800.0,,17975200.0,,,64095000.0,3663300.0,,121400.0,14627100.0,2402750000.0,0.0,0.0
2016-12-29,50234300.0,3840000.0,13671000.0,454400.0,1897400.0,107200.0,858200.0,,0.0,21148000.0,3794300.0,1328600.0,,21312900.0,2993600.0,6875300.0,1943300.0,9934900.0,7932800.0,10250600.0,2175368000.0,2438100.0,3718300.0,,13267500.0,,,48696100.0,5323900.0,,414800.0,12895200.0,2338700000.0,0.0,0.0
2016-12-30,44095400.0,4003200.0,25421000.0,341200.0,2223900.0,92400.0,1472300.0,,0.0,34718000.0,7513400.0,2439500.0,,28399300.0,5506700.0,11470200.0,3574600.0,18684100.0,10118000.0,25579900.0,1212932000.0,3484000.0,6209800.0,,41749000.0,,,108998300.0,4862800.0,,72200.0,20668500.0,2671550000.0,0.0,0.0
2017-01-03,55182000.0,8771200.0,32098000.0,437400.0,2431100.0,288300.0,2099000.0,,0.0,39180000.0,14050100.0,3230500.0,,29792400.0,5953000.0,14711000.0,5123800.0,20663900.0,13770400.0,20694100.0,1501996000.0,3741200.0,8792700.0,,22307600.0,,,91366500.0,6280300.0,,3188000.0,31419600.0,3773010000.0,0.0,0.0
2017-01-04,40781200.0,33945600.0,23965000.0,627300.0,2504900.0,407500.0,2163600.0,,0.0,30306000.0,11912400.0,1523000.0,,34499400.0,5828900.0,9959400.0,3780800.0,19630900.0,9238400.0,21340000.0,1199220000.0,3029700.0,8096700.0,,19749100.0,,,78744400.0,4391800.0,,869100.0,23754000.0,3768890000.0,0.0,0.0
2017-01-05,38855200.0,15624000.0,24861000.0,524000.0,4701000.0,176100.0,2880900.0,,0.0,26810000.0,10458600.0,3344400.0,,30286900.0,6217200.0,8968300.0,4261100.0,19492200.0,10980000.0,24876000.0,984296000.0,5087200.0,6852400.0,,20644300.0,,,78379000.0,4775700.0,,743200.0,21297600.0,3785080000.0,0.0,0.0
2017-01-06,34453500.0,7580800.0,23142000.0,311500.0,1632000.0,240800.0,2167000.0,,0.0,40342000.0,6836400.0,1601400.0,,23436000.0,5221400.0,10246600.0,4089200.0,28545300.0,10634400.0,19922900.0,822856000.0,4109700.0,4799900.0,,24074300.0,,,71559900.0,4878700.0,,1096100.0,28473300.0,3342080000.0,0.0,0.0
2017-01-09,37304800.0,12043200.0,20265000.0,451500.0,2388600.0,230000.0,2318300.0,,0.0,28178000.0,6648800.0,1275000.0,,24077900.0,5457500.0,14822500.0,3021800.0,22880400.0,11522800.0,20382700.0,916248000.0,5603500.0,11000600.0,,18909200.0,,,46939700.0,8371700.0,,655300.0,26055600.0,3219730000.0,0.0,0.0
2017-01-10,29201600.0,6729600.0,30181000.0,801700.0,7319600.0,339300.0,1477900.0,,0.0,23948000.0,11777000.0,1352700.0,,21684900.0,5312800.0,19706800.0,3108400.0,17324600.0,14213200.0,18593000.0,880920000.0,5399200.0,10918200.0,,16176600.0,,,63771900.0,7582000.0,,169400.0,30769500.0,3640560000.0,0.0,0.0
2017-01-11,39377000.0,7755200.0,18787000.0,386800.0,8587500.0,206600.0,1378300.0,,0.0,26508000.0,11914200.0,1833700.0,,27428800.0,8887200.0,9266200.0,3565200.0,18356500.0,8043600.0,21517300.0,525664000.0,4650300.0,9572300.0,,20686000.0,,,74650000.0,7467300.0,,660000.0,20092800.0,3625080000.0,0.0,0.0
2017-01-12,75244100.0,9446400.0,23137000.0,1263400.0,8491000.0,222300.0,1296900.0,,0.0,26990000.0,12512300.0,1544700.0,,41844200.0,6627300.0,8541200.0,3480700.0,18653900.0,13333200.0,20968200.0,625616000.0,3126000.0,6545400.0,,19622500.0,,,72113200.0,13032200.0,,278700.0,19634700.0,3466220000.0,0.0,0.0
2017-01-13,38377500.0,5884800.0,20902000.0,996700.0,5358500.0,136800.0,1250100.0,,0.0,25804000.0,8861000.0,1833200.0,,27784500.0,4935200.0,8123500.0,2877400.0,24884300.0,18098800.0,19422300.0,457820000.0,3478600.0,6762800.0,,16930800.0,,,62717900.0,9811100.0,,191300.0,30037500.0,3090680000.0,0.0,0.0
2017-01-17,70491800.0,73332800.0,26316000.0,1246000.0,4791200.0,232500.0,2430500.0,,0.0,28818000.0,8633000.0,1656800.0,,28197800.0,6255400.0,12469400.0,4077600.0,15294500.0,9533600.0,20664000.0,580612000.0,3745800.0,13145100.0,,14538500.0,,,61240800.0,7679800.0,,903100.0,39502500.0,3586950000.0,0.0,0.0
2017-01-18,51797600.0,19854400.0,35642000.0,554000.0,15215200.0,236100.0,1834700.0,,0.0,20554000.0,12715500.0,3640400.0,,21289700.0,5014600.0,10390500.0,3395000.0,13145900.0,12728800.0,19670100.0,654424000.0,4340400.0,10520400.0,,12499700.0,,,54793300.0,7692800.0,,1593400.0,21964500.0,3317670000.0,0.0,0.0
2017-01-19,46151300.0,10116800.0,45718000.0,833200.0,7462100.0,341000.0,1980400.0,,0.0,21410000.0,10703200.0,1840000.0,,34105900.0,5540800.0,10987100.0,3155200.0,12195500.0,7902800.0,18451700.0,644872000.0,3923100.0,14074500.0,,12710700.0,,,66608800.0,8493200.0,,925000.0,20463300.0,3168390000.0,0.0,0.0
2017-01-20,27982100.0,11713600.0,57623000.0,483600.0,4186300.0,268100.0,1897100.0,,0.0,26124000.0,9262000.0,1306400.0,,29286100.0,7502400.0,14695400.0,4887100.0,19097200.0,9584800.0,30213500.0,492024000.0,4750800.0,22944400.0,,22091000.0,,,129168600.0,7399400.0,,1252300.0,36164100.0,3536850000.0,0.0,0.0
2017-01-23,27905700.0,11896000.0,33394000.0,348300.0,2983900.0,510300.0,1421600.0,,0.0,49148000.0,13561300.0,1720200.0,,20537000.0,7989800.0,11628900.0,7022600.0,16593600.0,6697200.0,23097600.0,369904000.0,4584800.0,9408900.0,,17434200.0,,,75061600.0,6959800.0,,1843200.0,23854200.0,3155240000.0,0.0,0.0
2017-01-24,43991200.0,11118400.0,62008000.0,467900.0,5783200.0,228600.0,1347400.0,,0.0,33768000.0,7490500.0,1344000.0,,34313800.0,12450300.0,17040100.0,3495200.0,15162700.0,8186800.0,24672900.0,428052000.0,4992300.0,8704700.0,,17640900.0,,,95555300.0,7213600.0,,659400.0,32131800.0,3816950000.0,0.0,0.0
2017-01-25,61778100.0,7955200.0,60888000.0,400400.0,6476500.0,488700.0,1299200.0,,0.0,33108000.0,8953900.0,1816000.0,,29127300.0,9385500.0,12538200.0,3968300.0,18731300.0,13307200.0,23672700.0,522760000.0,3566100.0,8082900.0,,15036200.0,,,84437700.0,8025800.0,,510500.0,26168700.0,3849340000.0,0.0,0.0
2017-01-26,35866600.0,5107200.0,38820000.0,260500.0,3844000.0,1024300.0,1180000.0,,0.0,69866000.0,7443900.0,2212900.0,,22255600.0,10164300.0,8976800.0,2497300.0,20020100.0,11619200.0,43554600.0,458800000.0,3634600.0,6542300.0,,16052200.0,,,59970700.0,8308700.0,,618200.0,19512300.0,3611510000.0,0.0,0.0
2017-01-27,32719200.0,5593600.0,25780000.0,388000.0,2693400.0,2667100.0,2341100.0,,0.0,75050000.0,7888100.0,2285200.0,,19467800.0,8886100.0,12967400.0,3592700.0,19539500.0,6185200.0,44818000.0,471996000.0,4248200.0,9332300.0,,15053000.0,,,59711100.0,5982200.0,,479500.0,40300800.0,3137420000.0,0.0,0.0
2017-01-30,37725000.0,5880000.0,33234000.0,566400.0,3851400.0,835600.0,2149800.0,,0.0,70338000.0,7637600.0,1909300.0,,40464400.0,6969400.0,11626200.0,3778000.0,18956100.0,8306000.0,31651400.0,496004000.0,3462600.0,7350000.0,,25006700.0,,,79737300.0,7253100.0,,87900.0,25924500.0,3595040000.0,0.0,0.0
2017-01-31,53704900.0,6513600.0,26749000.0,586500.0,2193900.0,559600.0,1796600.0,,0.0,40404000.0,12249400.0,1411700.0,,32945000.0,8713400.0,12678000.0,3733300.0,19790500.0,7524800.0,25270500.0,362756000.0,3846600.0,9712400.0,,19091100.0,,,75880800.0,6263100.0,,266400.0,27962700.0,4089730000.0,0.0,0.0
2017-02-01,165939300.0,7284800.0,31184000.0,501000.0,9550900.0,632500.0,2219700.0,,0.0,45020000.0,12489400.0,2055100.0,,30010500.0,7082300.0,11136100.0,3233400.0,50139800.0,7713600.0,39671500.0,590004000.0,3515600.0,8291000.0,,22861900.0,,,79117700.0,5036900.0,,751100.0,27150000.0,3919190000.0,0.0,0.0
2017-02-02,116324500.0,9422400.0,22712000.0,756100.0,8041900.0,536200.0,5816300.0,,0.0,33784000.0,10886200.0,1423500.0,,19935700.0,7826300.0,9459700.0,3236600.0,54366400.0,8102400.0,45827000.0,483240000.0,3213700.0,8997200.0,,15101400.0,,,69657600.0,5794800.0,,49900.0,26996100.0,3809760000.0,0.0,0.0
2017-02-03,60036700.0,7064000.0,24367000.0,876800.0,3810900.0,712200.0,3227700.0,,0.0,30562000.0,12674000.0,1711100.0,,24534100.0,7267600.0,11882400.0,3183000.0,24804900.0,9763200.0,30301800.0,372744000.0,4287100.0,7161900.0,,16957200.0,,,80563200.0,5249100.0,,526500.0,22875900.0,3605970000.0,0.0,0.0
2017-02-06,140474100.0,5737600.0,18716000.0,1059000.0,3716500.0,475500.0,2172800.0,,0.0,27018000.0,7004900.0,1500500.0,,23691500.0,6178400.0,15742800.0,2760300.0,17058500.0,7555600.0,19796400.0,506768000.0,4355200.0,7483000.0,,11630100.0,,,57790100.0,3523700.0,,521100.0,27291600.0,3112390000.0,0.0,0.0
2017-02-07,158683800.0,4475200.0,22840000.0,966900.0,3655900.0,554800.0,2732600.0,,0.0,33332000.0,11170100.0,1540600.0,,30342200.0,5507900.0,13315200.0,2847200.0,14596400.0,5699600.0,20277200.0,746224000.0,3980400.0,6646100.0,,17541100.0,,,57931200.0,6209500.0,,787700.0,17417100.0,3452460000.0,0.0,0.0
2017-02-08,75942900.0,8312000.0,21069000.0,880800.0,4177200.0,315800.0,2089900.0,,0.0,26044000.0,11107300.0,3182200.0,,32956900.0,5272000.0,14219700.0,2835200.0,22390600.0,7283200.0,18096400.0,449580000.0,3407100.0,6815800.0,,12569100.0,,,51566200.0,7776600.0,,727800.0,22982400.0,3611950000.0,0.0,0.0
2017-02-09,73339900.0,7377600.0,27519000.0,623700.0,3807400.0,575000.0,2606900.0,,0.0,23884000.0,7292600.0,1530200.0,,28267600.0,5854600.0,27240300.0,2493600.0,16470600.0,7678000.0,22644400.0,842568000.0,4012400.0,9914100.0,,17542700.0,,,65955200.0,8547000.0,,120100.0,33241500.0,3681600000.0,0.0,0.0
2017-02-10,54579300.0,6516800.0,23842000.0,1043400.0,4136600.0,451800.0,2070000.0,,0.0,28302000.0,5471800.0,1646400.0,,27287600.0,6438500.0,28847300.0,3681400.0,15061900.0,5720800.0,18170700.0,1651092000.0,2475500.0,11057600.0,,13915700.0,,,66015900.0,6749400.0,,1072200.0,37336800.0,3496600000.0,0.0,0.0
2017-02-13,57413100.0,13496000.0,12463000.0,493700.0,4073800.0,605000.0,2272200.0,,0.0,25914000.0,7477200.0,1045200.0,,23245100.0,5710800.0,23617100.0,2993800.0,13526200.0,8714000.0,22920100.0,1180724000.0,3463700.0,6905100.0,,19120200.0,,,55182100.0,10203800.0,,506200.0,25122900.0,3352370000.0,0.0,0.0
2017-02-14,40479100.0,8420800.0,17357000.0,331600.0,4856000.0,283300.0,2244700.0,,0.0,27266000.0,8785000.0,2318100.0,,27145000.0,5539100.0,32177800.0,2663100.0,14364900.0,7297600.0,23108400.0,850632000.0,5665000.0,20123400.0,,16333500.0,,,71109000.0,5208600.0,,543500.0,25386900.0,3528040000.0,0.0,0.0
2017-02-15,33722300.0,11448000.0,17088000.0,722600.0,4926100.0,324800.0,2346500.0,,0.0,27144000.0,10582800.0,2750900.0,,20253500.0,5979700.0,26600800.0,2974900.0,13226500.0,6906400.0,17005200.0,373020000.0,7617200.0,25847700.0,,17891400.0,,,86785800.0,4577200.0,,283500.0,25689900.0,3785870000.0,0.0,0.0
2017-02-16,52502500.0,28212800.0,17188000.0,438000.0,2710200.0,288700.0,2206500.0,,0.0,20102000.0,8917800.0,2459800.0,,24613600.0,7119300.0,22214800.0,3006000.0,12831100.0,6211600.0,20546300.0,647176000.0,5559900.0,12408500.0,,15098300.0,,,84722400.0,13197100.0,,267100.0,25241400.0,3675900000.0,0.0,0.0
2017-02-17,40888000.0,94566400.0,30945000.0,722700.0,1737100.0,301700.0,2424400.0,,0.0,29224000.0,6247300.0,2237700.0,,26703200.0,8691400.0,15065100.0,3677400.0,12276500.0,12693200.0,21248800.0,563740000.0,5498400.0,12152400.0,,15563700.0,,,77204100.0,7518200.0,,180000.0,38512200.0,3516830000.0,0.0,0.0
2017-02-21,66357100.0,26633600.0,30333000.0,431200.0,3000800.0,736000.0,2317000.0,,0.0,25206000.0,10437800.0,2832700.0,,21353500.0,8595100.0,17072600.0,4495200.0,14759100.0,10597200.0,20655900.0,551952000.0,5370700.0,9018700.0,,18479600.0,,,88946100.0,5475400.0,,1330900.0,67238700.0,3587520000.0,0.0,0.0
2017-02-22,71505000.0,13752000.0,23949000.0,624200.0,2939400.0,263300.0,1815200.0,,0.0,24488000.0,10963600.0,2812800.0,,14890800.0,5103900.0,11186800.0,3670700.0,27360100.0,6409200.0,19292700.0,433772000.0,3815300.0,6749900.0,,12110900.0,,,62115200.0,5296200.0,,626800.0,45728100.0,3473170000.0,0.0,0.0
2017-02-23,80317600.0,18272000.0,29364000.0,631400.0,2796500.0,323800.0,2599900.0,,0.0,27734000.0,8150200.0,1842700.0,,24596200.0,9980900.0,12856800.0,3178000.0,18422500.0,5989600.0,20273100.0,1592888000.0,3382700.0,7611600.0,,17489000.0,,,74615900.0,5291200.0,,906900.0,38399100.0,4021770000.0,0.0,0.0
2017-02-24,46288600.0,14372800.0,27651000.0,881500.0,3944900.0,453600.0,1684300.0,,0.0,26924000.0,8390200.0,2677000.0,,24512300.0,10835000.0,13215300.0,3537200.0,12625700.0,8310000.0,21796800.0,1029904000.0,3991800.0,6643400.0,,18624500.0,,,82381600.0,3687100.0,,555100.0,41669700.0,3832410000.0,0.0,0.0
2017-02-27,95422900.0,9942400.0,26991000.0,1097600.0,2481700.0,263900.0,2340400.0,,0.0,20206000.0,5693300.0,3292600.0,,28269000.0,5946200.0,12186400.0,5184000.0,14306700.0,17031200.0,15871500.0,715400000.0,3475100.0,11840300.0,,12008700.0,,,56515400.0,5841900.0,,1063000.0,27764100.0,3584680000.0,0.0,0.0
2017-02-28,141783000.0,10385600.0,27548000.0,1409900.0,2224300.0,343300.0,2992100.0,,0.0,27662000.0,5868400.0,2482500.0,,40184100.0,8885500.0,15946800.0,4619300.0,16112100.0,34037200.0,23239800.0,625360000.0,4684700.0,10535600.0,,16598600.0,,,96961900.0,6040800.0,,82700.0,47857800.0,4212460000.0,0.0,0.0
2017-03-01,73450400.0,12446400.0,51155000.0,5409900.0,3178300.0,482900.0,2352300.0,,0.0,36374000.0,10612100.0,2249000.0,,35719800.0,9393900.0,14662000.0,5471600.0,16257000.0,19092400.0,26937500.0,504804000.0,4750700.0,8792200.0,,25813800.0,,,149158200.0,4910300.0,,151000.0,40568100.0,4347630000.0,0.0,0.0
2017-03-02,104330900.0,7520000.0,71171000.0,4346600.0,2975400.0,301800.0,3190300.0,,0.0,25018000.0,9193000.0,2023300.0,,25937000.0,6950200.0,15507600.0,6738100.0,12294800.0,52035600.0,24539600.0,754332000.0,3880800.0,7031200.0,,19951400.0,,,70246000.0,8561100.0,,201600.0,26748900.0,3824030000.0,0.0,0.0
2017-03-03,163395900.0,8019200.0,30747000.0,1919300.0,1698700.0,316300.0,10396500.0,,0.0,20100000.0,15059300.0,2509000.0,,30989800.0,5585200.0,11740000.0,4067700.0,11160600.0,21782400.0,18135900.0,864692000.0,4111300.0,8334900.0,,13722700.0,,,81974300.0,6120700.0,,550900.0,27893700.0,3556670000.0,0.0,0.0
2017-03-06,117192600.0,11747200.0,22771000.0,1554300.0,2505100.0,324000.0,5793600.0,,0.0,20958000.0,17066300.0,1401700.0,,23892100.0,6670700.0,16307800.0,3271500.0,12748200.0,25701600.0,18750300.0,883568000.0,4491000.0,9533800.0,,12026200.0,,,55391500.0,5467400.0,,1063000.0,27547800.0,3251800000.0,0.0,0.0
2017-03-07,76666300.0,14902400.0,29129000.0,1289100.0,3108000.0,338800.0,2811900.0,,0.0,20774000.0,17023100.0,1596300.0,,29711300.0,6644000.0,11273700.0,3332400.0,13527100.0,7182800.0,18521000.0,603400000.0,4361100.0,5363000.0,,15500900.0,,,65103700.0,7014000.0,,90800.0,21848700.0,3526300000.0,0.0,0.0
2017-03-08,71294700.0,22932800.0,24532000.0,867200.0,3065700.0,265600.0,2375900.0,,0.0,20576000.0,22433500.0,2392800.0,,34115100.0,7909900.0,14636000.0,3571700.0,10184500.0,10649600.0,21510900.0,638712000.0,5244500.0,5503700.0,,15776000.0,,,78168800.0,4528500.0,,481700.0,23939400.0,3814080000.0,0.0,0.0
2017-03-09,45244200.0,8835200.0,25675000.0,1064200.0,2801200.0,248300.0,1993700.0,,0.0,26954000.0,21260700.0,2322900.0,,35223800.0,8571100.0,14496400.0,3265700.0,15535300.0,8146400.0,19846800.0,478060000.0,4066900.0,5587400.0,,20855300.0,,,90683900.0,6120700.0,,542700.0,22693500.0,3718450000.0,0.0,0.0
2017-03-10,65142200.0,9310400.0,39430000.0,803100.0,2329600.0,398200.0,2164200.0,,0.0,26732000.0,20643900.0,1333000.0,,39516600.0,7395400.0,16369700.0,3178900.0,16314100.0,6960800.0,19538200.0,499740000.0,3488900.0,6797800.0,,21922600.0,,,81991700.0,5655300.0,,830900.0,21296400.0,3434400000.0,0.0,0.0
2017-03-13,73078100.0,17952000.0,26669000.0,824300.0,2651000.0,205200.0,2127700.0,,0.0,23332000.0,13512300.0,1342600.0,,21295000.0,7162500.0,12831500.0,3130800.0,10955500.0,7323600.0,20100000.0,774136000.0,3131200.0,7397500.0,,10731600.0,,,57256800.0,3965700.0,,300600.0,20407500.0,3166650000.0,0.0,0.0
2017-03-14,52554500.0,11670400.0,22165000.0,624500.0,2628800.0,229600.0,1974400.0,,0.0,21234000.0,12808500.0,864600.0,,30037800.0,7679700.0,9844500.0,2492700.0,12944000.0,7196800.0,14280200.0,522016000.0,3630000.0,6686400.0,,14019700.0,,,59880800.0,5967200.0,,331300.0,29875200.0,3173760000.0,0.0,0.0
2017-03-15,55179600.0,18081600.0,20727000.0,818700.0,3304900.0,218500.0,2079700.0,,0.0,26658000.0,19654600.0,3701900.0,,31230400.0,8360600.0,22757800.0,3529300.0,19344800.0,7965600.0,24833800.0,615036000.0,4973400.0,7855300.0,,22709100.0,,,96081800.0,4571400.0,,490300.0,26441400.0,3909490000.0,0.0,0.0
2017-03-16,44494800.0,14334400.0,27835000.0,697100.0,2878400.0,188800.0,2726600.0,,0.0,22090000.0,15807500.0,2749900.0,,25306600.0,7610700.0,16004200.0,3945700.0,13612900.0,7726800.0,20674300.0,523100000.0,4580700.0,6601200.0,,18457300.0,,,78344000.0,6489000.0,,248000.0,21183000.0,3368880000.0,0.0,0.0
2017-03-17,224892300.0,16408000.0,51635000.0,1524800.0,1792400.0,243300.0,3976000.0,,0.0,37366000.0,9984500.0,1186700.0,,33324600.0,13300800.0,37526500.0,12532700.0,20592800.0,15258000.0,49219700.0,1119688000.0,6444400.0,37010100.0,,21234500.0,,,89002100.0,6199800.0,,1420300.0,42235200.0,5179820000.0,0.0,0.0
2017-03-20,91565600.0,11443200.0,17215000.0,971800.0,1333300.0,173700.0,1603300.0,,0.0,30844000.0,12220600.0,1362700.0,,19091200.0,5827500.0,11484200.0,3415500.0,12099500.0,7380800.0,14598100.0,748568000.0,3382100.0,7772900.0,,10105200.0,,,52537000.0,5126700.0,,167100.0,22398600.0,3061560000.0,0.0,0.0
2017-03-21,72552700.0,17740800.0,30557000.0,775600.0,2733800.0,373700.0,2241900.0,,0.0,50760000.0,16918200.0,1407000.0,,61869000.0,7578600.0,17187300.0,4062400.0,29894800.0,9174400.0,26640500.0,913484000.0,5587700.0,8211000.0,,35841900.0,,,131809300.0,9159900.0,,891800.0,26240400.0,4278890000.0,0.0,0.0
2017-03-22,61239500.0,14115200.0,19131000.0,639000.0,2479000.0,514400.0,1534200.0,,0.0,27334000.0,14054600.0,2231300.0,,46332600.0,10272700.0,11605500.0,3174200.0,17055400.0,8611600.0,20680000.0,616764000.0,3882200.0,7798000.0,,29177900.0,,,97569200.0,6713500.0,,506800.0,19366800.0,3575160000.0,0.0,0.0
2017-03-23,44549900.0,8974400.0,19223000.0,697900.0,1866800.0,322400.0,1430500.0,,0.0,65754000.0,10618900.0,2584700.0,,37764600.0,8508100.0,11503300.0,2774500.0,13022800.0,6101600.0,19269200.0,533940000.0,3208400.0,6831400.0,,20311700.0,,,100410300.0,5909900.0,,514100.0,20696400.0,3262400000.0,0.0,0.0
2017-03-24,50099500.0,10136000.0,23794000.0,501300.0,1757900.0,333200.0,1410400.0,,0.0,42114000.0,8920800.0,2540000.0,,33514400.0,6490300.0,13804400.0,3568200.0,16664700.0,7854800.0,22617100.0,439500000.0,3913200.0,9252000.0,,22967600.0,,,112504900.0,5899900.0,,548800.0,17577000.0,2978530000.0,0.0,0.0
2017-03-27,42686800.0,8745600.0,15358000.0,478600.0,2781100.0,287100.0,1212300.0,,0.0,38692000.0,7788700.0,2614000.0,,35596700.0,5004300.0,12387400.0,2540400.0,12800500.0,5261200.0,18614700.0,506644000.0,3514600.0,10072000.0,,18472400.0,,,87454500.0,5661500.0,,859600.0,17377800.0,3242300000.0,0.0,0.0
2017-03-28,37420200.0,12272000.0,17929000.0,611700.0,3351500.0,350900.0,1446400.0,,0.0,30384000.0,16871700.0,1356800.0,,26891900.0,5287600.0,14123800.0,3487400.0,14679400.0,5291600.0,20080400.0,432444000.0,3945400.0,11855800.0,,23721900.0,,,93483900.0,4527000.0,,2530900.0,21756600.0,3369120000.0,0.0,0.0
2017-03-29,37863500.0,8278400.0,15927000.0,498800.0,2214300.0,491800.0,1216700.0,,0.0,29146000.0,12266300.0,1860400.0,,22119500.0,3971800.0,9580100.0,3197800.0,16527600.0,8010800.0,13618400.0,349992000.0,2683700.0,4252800.0,,13710000.0,,,61950400.0,4083900.0,,2384200.0,20973000.0,3107670000.0,0.0,0.0
2017-03-30,44132800.0,6528000.0,34168000.0,1005600.0,1687600.0,244400.0,1034000.0,,0.0,18988000.0,16367900.0,1487800.0,,25792900.0,4711700.0,11999900.0,2018000.0,12404000.0,7820000.0,15122800.0,525532000.0,2104900.0,3691900.0,,16092400.0,,,56737900.0,3890600.0,,3010900.0,24424500.0,3159680000.0,0.0,0.0
2017-03-31,84566200.0,11803200.0,25897000.0,845900.0,2256500.0,401300.0,1720300.0,,0.0,28820000.0,11778400.0,1698500.0,,29434300.0,5657600.0,11551800.0,3041700.0,11478300.0,8284800.0,21040300.0,440808000.0,3744400.0,6942400.0,,19841400.0,,,73733100.0,4853500.0,,1458000.0,29819400.0,3356740000.0,0.0,0.0
2017-04-03,48423700.0,16627200.0,19210000.0,605200.0,1847100.0,410800.0,1547900.0,,0.0,39388000.0,20664400.0,4175500.0,,38834900.0,4956400.0,11240000.0,3287100.0,13564000.0,9127200.0,20400900.0,445232000.0,3587100.0,6967400.0,,23700300.0,,,85546500.0,4283100.0,,720000.0,24873900.0,3418730000.0,0.0,0.0
2017-04-04,58413000.0,16340800.0,12634000.0,1099900.0,1417100.0,502700.0,1322400.0,,0.0,26970000.0,8473900.0,1319600.0,,25642600.0,5358500.0,10946200.0,3414000.0,12948600.0,7562400.0,12997400.0,1271280000.0,2360700.0,5680800.0,,13400000.0,,,56466200.0,3756600.0,,924200.0,16701900.0,3208340000.0,0.0,0.0
2017-04-05,58816700.0,25136000.0,15690000.0,10303300.0,2502800.0,358300.0,1715200.0,,0.0,37104000.0,11102300.0,2551100.0,,44968800.0,5646300.0,10142800.0,4052200.0,17158100.0,7679200.0,21448600.0,747048000.0,2992000.0,6320100.0,,32011200.0,,,108800600.0,5112900.0,,120500.0,19063500.0,3780650000.0,0.0,0.0
2017-04-06,139500100.0,14675200.0,14615000.0,2162100.0,2362900.0,342400.0,3313800.0,,0.0,30672000.0,7234500.0,1496300.0,,41012100.0,4324200.0,14597800.0,3856900.0,15103400.0,6477200.0,18103500.0,635120000.0,2740600.0,7231500.0,,18832200.0,,,69135800.0,3990800.0,,66000.0,17823300.0,3203250000.0,0.0,0.0
2017-04-07,70441000.0,9779200.0,16412000.0,1900500.0,932100.0,413300.0,1510000.0,,0.0,22232000.0,5457800.0,1185400.0,,24300200.0,3615100.0,11028800.0,2176600.0,11818300.0,7016800.0,14108500.0,429068000.0,2799600.0,4739100.0,,16743100.0,,,74412300.0,3366300.0,,135000.0,32304000.0,3054700000.0,0.0,0.0
2017-04-10,47178000.0,6713600.0,17994000.0,2089600.0,3491900.0,359300.0,2002300.0,,0.0,20924000.0,7996900.0,1752500.0,,22779900.0,4594200.0,9426900.0,2709300.0,9039400.0,6889600.0,17952700.0,756332000.0,2873200.0,5956000.0,,15619300.0,,,67615300.0,4937100.0,,154400.0,22487700.0,2792570000.0,0.0,0.0
2017-04-11,59916600.0,7956800.0,22219000.0,975300.0,3429200.0,322000.0,1191400.0,,0.0,19486000.0,8005800.0,2219200.0,,32589200.0,4161500.0,8909400.0,3677600.0,16638100.0,6358400.0,18791500.0,618148000.0,3031500.0,5186000.0,,33778400.0,,,88045300.0,6293800.0,,78100.0,17431500.0,3120900000.0,0.0,0.0
2017-04-12,37385400.0,11625600.0,61026000.0,973700.0,2788000.0,262100.0,1422300.0,,0.0,22716000.0,8723800.0,2273600.0,,25700800.0,5556600.0,13417200.0,3195500.0,11612500.0,7391600.0,17108500.0,414092000.0,6260300.0,6286300.0,,15955200.0,,,81864400.0,6136500.0,,221300.0,19881900.0,3201300000.0,0.0,0.0
2017-04-13,53442600.0,5225600.0,42579000.0,867100.0,1887200.0,280200.0,1422500.0,,0.0,21474000.0,10446700.0,1868200.0,,30207000.0,5396500.0,9891900.0,2429200.0,10965600.0,5313200.0,17896500.0,506892000.0,3257300.0,5040100.0,,23683000.0,,,92880400.0,8781700.0,,367800.0,16009200.0,3146380000.0,0.0,0.0
2017-04-17,38188200.0,7691200.0,14507000.0,699900.0,1312400.0,281300.0,1504100.0,,0.0,20982000.0,7158700.0,1110500.0,,18278800.0,5367500.0,11318100.0,3236400.0,11519700.0,11232400.0,16689300.0,497292000.0,2917700.0,6931700.0,,13325500.0,,,68405400.0,6918900.0,,1134100.0,16396200.0,2826890000.0,0.0,0.0
2017-04-18,37172000.0,5158400.0,8486000.0,833100.0,1501400.0,438400.0,1542700.0,,0.0,18724000.0,9062800.0,1678400.0,,24553300.0,13485700.0,13181600.0,3617400.0,14807500.0,7411200.0,15155600.0,370116000.0,4574200.0,7087800.0,,12841100.0,,,83225800.0,5468600.0,,582200.0,19883700.0,3272210000.0,0.0,0.0
2017-04-19,36491100.0,7208000.0,12081000.0,413600.0,2058300.0,472700.0,1441300.0,,0.0,21606000.0,8643200.0,1750000.0,,34627600.0,6993100.0,13893100.0,3132800.0,15563900.0,5410800.0,26992800.0,380828000.0,3044700.0,6919000.0,,17764800.0,,,68699900.0,4739200.0,,752600.0,17821800.0,3521160000.0,0.0,0.0
2017-04-20,41976100.0,11555200.0,16916000.0,802000.0,2121700.0,1463000.0,1933600.0,,0.0,23776000.0,7766000.0,1694700.0,,31934400.0,6330100.0,10838300.0,2697300.0,15968200.0,8196400.0,22299500.0,404016000.0,2973000.0,6983500.0,,21977900.0,,,92572200.0,4237700.0,,402100.0,23043900.0,3648990000.0,0.0,0.0
2017-04-21,25689600.0,6745600.0,14683000.0,988800.0,1504900.0,699700.0,2257900.0,,0.0,23458000.0,11328200.0,2792500.0,,29386000.0,6021700.0,13833800.0,3466100.0,12382000.0,7170800.0,32522600.0,341896000.0,3885300.0,9061200.0,,22454900.0,,,110389800.0,4530400.0,,1135000.0,17267100.0,3524160000.0,0.0,0.0
2017-04-24,36120300.0,10718400.0,17531000.0,943200.0,1295000.0,339000.0,1906900.0,,0.0,33930000.0,8904700.0,3558000.0,,33836900.0,5679000.0,16703800.0,5041000.0,14407200.0,9978000.0,29770000.0,371820000.0,3221500.0,8338500.0,,22469900.0,,,119209900.0,5717000.0,,344200.0,23437500.0,3711170000.0,0.0,0.0
2017-04-25,35881000.0,9518400.0,14848000.0,619200.0,1834400.0,396500.0,1503000.0,,0.0,40760000.0,12493400.0,1985700.0,,32751700.0,5090000.0,18745100.0,10893800.0,17767500.0,8831600.0,30242700.0,388440000.0,3643600.0,9088400.0,,19384400.0,,,76698300.0,5614300.0,,614400.0,17161200.0,4005820000.0,0.0,0.0
2017-04-26,36644500.0,11265600.0,14726000.0,610200.0,1465500.0,642900.0,4591300.0,,0.0,26466000.0,7269000.0,1314400.0,,41669200.0,5021800.0,13626600.0,7132200.0,12395000.0,7738400.0,26190800.0,327004000.0,5343900.0,11951300.0,,25398500.0,,,84702500.0,6027700.0,,640600.0,20845500.0,4111350000.0,0.0,0.0
2017-04-27,31327600.0,10080000.0,11850000.0,677800.0,3199100.0,394400.0,2148700.0,,0.0,46846000.0,6897900.0,1988200.0,,23004300.0,4225200.0,10386200.0,5183700.0,11275100.0,7542400.0,34971000.0,319700000.0,4096200.0,8517500.0,,16136500.0,,,57410300.0,5625600.0,,536500.0,18156600.0,4099940000.0,0.0,0.0
2017-04-28,50376000.0,14784000.0,16490000.0,590700.0,8673700.0,417400.0,2364500.0,,0.0,76918000.0,7542800.0,5489800.0,,31113900.0,4381800.0,10337800.0,4779900.0,30652200.0,10141600.0,39548800.0,348248000.0,4872000.0,8295400.0,,22771900.0,,,63532800.0,5250500.0,,629000.0,21991200.0,3721350000.0,0.0,0.0
2017-05-01,68036300.0,11291200.0,15339000.0,495100.0,3192700.0,551300.0,3328000.0,,0.0,46556000.0,10336000.0,2044400.0,,20925200.0,4556400.0,13208200.0,3747200.0,25218300.0,9235200.0,31954400.0,307732000.0,4074300.0,4546600.0,,24815500.0,,,66882500.0,4015100.0,,530300.0,18497700.0,3201500000.0,0.0,0.0
2017-05-02,268336500.0,15192000.0,27277000.0,455100.0,4182300.0,545800.0,2505300.0,,0.0,35026000.0,10792800.0,1585300.0,,17993900.0,4881600.0,11823900.0,3774100.0,21870400.0,9623600.0,23906100.0,629972000.0,3082400.0,13197500.0,,18345100.0,,,57375700.0,5989300.0,,735100.0,21955200.0,3861360000.0,0.0,0.0
2017-05-03,140899400.0,10862400.0,18002000.0,348600.0,3496600.0,400100.0,2900500.0,,0.0,36496000.0,7413400.0,1861300.0,,27050300.0,3736500.0,10389000.0,4278400.0,29782500.0,9489600.0,28928000.0,336904000.0,3342600.0,6122000.0,,23827600.0,,,73137700.0,6660700.0,,770400.0,16570800.0,3896760000.0,0.0,0.0
2017-05-04,77031400.0,25768000.0,16245000.0,551500.0,2574100.0,301800.0,3762200.0,,0.0,38752000.0,20562500.0,1237100.0,,25799100.0,3753700.0,10193100.0,4178800.0,36225500.0,14733600.0,21749400.0,209788000.0,3488800.0,5986200.0,,14630100.0,,,61462700.0,5697300.0,,692200.0,16502400.0,4367860000.0,0.0,0.0
2017-05-05,51759000.0,36128000.0,23128000.0,398800.0,1744700.0,491200.0,3713600.0,,0.0,32310000.0,14935200.0,980000.0,,23806500.0,4139800.0,8133000.0,2452700.0,17148500.0,24206000.0,19128800.0,228428000.0,3046100.0,4506200.0,,19330700.0,,,62001300.0,5249800.0,,1424300.0,16793400.0,3543240000.0,0.0,0.0
2017-05-08,35101100.0,14244800.0,17448000.0,668200.0,1631100.0,451700.0,3538000.0,,0.0,37534000.0,8199200.0,4887400.0,,16680000.0,3608600.0,14284300.0,2813000.0,15827500.0,23296000.0,18566100.0,365240000.0,3097200.0,4634600.0,,13279900.0,,,48385700.0,6906900.0,,2124100.0,19536600.0,3429990000.0,0.0,0.0
2017-05-09,51017300.0,11083200.0,19261000.0,1249700.0,1687700.0,324900.0,2662100.0,,0.0,33758000.0,10810000.0,1457900.0,,23988400.0,3762500.0,8694400.0,3053800.0,17453900.0,12603200.0,22858400.0,847672000.0,2708200.0,9577600.0,,28426100.0,,,51363200.0,7297900.0,,2346700.0,24765900.0,3657840000.0,0.0,0.0
2017-05-10,65995900.0,11411200.0,24433000.0,3423000.0,1810700.0,490600.0,2554500.0,,0.0,22920000.0,10824900.0,995500.0,,19791500.0,4237400.0,7597700.0,2273300.0,12080700.0,11568800.0,17977800.0,2129096000.0,2160100.0,6178500.0,,20499400.0,,,54293800.0,9936700.0,,2299800.0,22535700.0,3649370000.0,0.0,0.0
2017-05-11,72946500.0,9017600.0,14823000.0,922300.0,1413500.0,387800.0,2106000.0,,0.0,20622000.0,8461400.0,1088800.0,,28617300.0,4095900.0,6860100.0,1941900.0,11841900.0,5916800.0,28789400.0,1939792000.0,2277200.0,6064700.0,,27232100.0,,,62358300.0,6648900.0,,3080400.0,25048200.0,3727710000.0,0.0,0.0
2017-05-12,56072600.0,7630400.0,25852000.0,885200.0,1297600.0,360900.0,1586800.0,,0.0,24298000.0,8929900.0,2005600.0,,24111200.0,4097100.0,7275800.0,2747900.0,9598200.0,5517600.0,18714100.0,962620000.0,2383500.0,5892400.0,,19738600.0,,,53912700.0,4905000.0,,972700.0,17678700.0,3304620000.0,0.0,0.0
2017-05-15,52565000.0,9313600.0,29172000.0,940800.0,1673800.0,391300.0,1733600.0,,0.0,26754000.0,10690200.0,672200.0,,31132200.0,9854600.0,8493000.0,3332800.0,15064700.0,7861200.0,31530300.0,1087540000.0,3500300.0,5820700.0,,20481300.0,,,61918900.0,9784700.0,,692600.0,26531700.0,3490080000.0,0.0,0.0
2017-05-16,164186900.0,18894400.0,18128000.0,909700.0,1762300.0,453100.0,1129200.0,,0.0,22030000.0,12638900.0,1314500.0,,18520900.0,7233800.0,10454100.0,3540900.0,14550800.0,8335200.0,34956000.0,1120700000.0,2444300.0,6554500.0,,21786000.0,,,51241800.0,6046200.0,,1235800.0,25115400.0,3421810000.0,0.0,0.0
2017-05-17,160109500.0,14515200.0,31447000.0,1041800.0,2306300.0,358700.0,2201400.0,,0.0,48982000.0,14055700.0,5644700.0,,50791200.0,6480800.0,14538800.0,3875600.0,28300100.0,8671200.0,30548800.0,1271368000.0,2999300.0,7805800.0,,55642200.0,,,172174100.0,8128100.0,,1080900.0,32913000.0,4164760000.0,0.0,0.0
2017-05-18,86900100.0,12862400.0,30699000.0,764200.0,2103600.0,445500.0,1589700.0,,0.0,36010000.0,10731800.0,1715200.0,,44805100.0,6571300.0,13832200.0,2730900.0,23031600.0,9973600.0,25201300.0,1156032000.0,3439500.0,6985600.0,,41319900.0,,,107047700.0,8303700.0,,1413600.0,57500400.0,4319440000.0,0.0,0.0
2017-05-19,50319700.0,9950400.0,35812000.0,543100.0,996700.0,269600.0,1871800.0,,0.0,27206000.0,15998800.0,3503100.0,,44450500.0,6957200.0,11796800.0,4071200.0,16187900.0,8885200.0,26961100.0,1018372000.0,5750100.0,7320700.0,,36730100.0,,,115011400.0,7283300.0,,5709800.0,55745100.0,3831700000.0,0.0,0.0
2017-05-22,78696400.0,11329600.0,20419000.0,350900.0,835400.0,182000.0,1594100.0,,0.0,27748000.0,7181800.0,1425800.0,,20062700.0,4858200.0,12857900.0,3294500.0,12586700.0,8798000.0,16237600.0,836608000.0,3324000.0,4260000.0,,19509700.0,,,61010600.0,5914200.0,,1442200.0,26692800.0,3176580000.0,0.0,0.0
2017-05-23,49799600.0,13030400.0,13696000.0,493400.0,1580000.0,262400.0,1788000.0,,0.0,30908000.0,6998400.0,2984700.0,,16681400.0,3972500.0,11996100.0,3262300.0,12817800.0,14914800.0,15425800.0,681248000.0,3261300.0,4394200.0,,19687500.0,,,48341700.0,6612800.0,,1370200.0,22754700.0,3216560000.0,0.0,0.0
2017-05-24,42903900.0,6366400.0,16392000.0,461700.0,3600900.0,238200.0,1420800.0,,0.0,22660000.0,8533600.0,1776300.0,,21256000.0,3965200.0,12738300.0,3348900.0,17862400.0,9318800.0,14593900.0,815996000.0,2816000.0,4878800.0,,15891900.0,,,46927700.0,7812500.0,,1953300.0,22281000.0,3389240000.0,0.0,0.0
2017-05-25,33584300.0,15873600.0,19010000.0,554200.0,2298500.0,315100.0,2726900.0,,0.0,39082000.0,7985500.0,1361000.0,,22804200.0,5294300.0,16704200.0,3408100.0,19891400.0,10226400.0,21854100.0,608228000.0,3596200.0,4368000.0,,23928600.0,,,64071700.0,4514900.0,,2504400.0,18405000.0,3538210000.0,0.0,0.0
2017-05-26,31907600.0,9905600.0,13120000.0,461300.0,998400.0,192200.0,4471300.0,,0.0,32728000.0,2909500.0,1016600.0,,20047300.0,4005200.0,11341400.0,3258200.0,14996200.0,6966000.0,19827900.0,779140000.0,3104800.0,4337000.0,,13851600.0,,,46629900.0,3109800.0,,2107000.0,18377400.0,2806930000.0,0.0,0.0
2017-05-30,35339000.0,10452800.0,29364000.0,529200.0,1145900.0,163900.0,2086300.0,,0.0,30324000.0,5371100.0,2335200.0,,25544100.0,3665400.0,13093500.0,3113900.0,13226000.0,4933600.0,17072800.0,989652000.0,3231600.0,4594500.0,,20306400.0,,,35201900.0,4219300.0,,1328500.0,16231200.0,3205860000.0,0.0,0.0
2017-05-31,42929000.0,41748800.0,44830000.0,781700.0,3263800.0,204500.0,2456200.0,,0.0,34482000.0,13758400.0,1752300.0,,34345400.0,8813500.0,14148000.0,6415700.0,18023900.0,8287200.0,30436400.0,887316000.0,5232900.0,10146600.0,,33229400.0,,,91796000.0,7663100.0,,1114300.0,24605100.0,4518040000.0,0.0,0.0
2017-06-01,48002000.0,25180800.0,63774000.0,728100.0,1590500.0,259600.0,2028300.0,,0.0,26128000.0,19189300.0,1769300.0,,44618600.0,5790900.0,11049300.0,4349800.0,14530600.0,9742400.0,21603600.0,503340000.0,4404900.0,6251300.0,,20120700.0,,,68962000.0,6016100.0,,1227000.0,24459300.0,3860620000.0,0.0,0.0
2017-06-02,43056200.0,20499200.0,108613000.0,600600.0,2277900.0,168800.0,2239900.0,,0.0,34710000.0,9491600.0,1803200.0,,46680200.0,6562600.0,9923700.0,4316700.0,16854400.0,8557600.0,34770300.0,487456000.0,3162900.0,6136400.0,,37222900.0,,,88666100.0,5779200.0,,2294200.0,23989500.0,3465500000.0,0.0,0.0
2017-06-05,66207300.0,14856000.0,39532000.0,753200.0,1967200.0,214400.0,1561100.0,,0.0,27578000.0,10384400.0,1414900.0,,20808900.0,4634700.0,10015200.0,2633700.0,12520400.0,5024400.0,33316800.0,817376000.0,2968800.0,4115300.0,,15727500.0,,,44698800.0,4819600.0,,4910400.0,30437100.0,2916720000.0,0.0,0.0
2017-06-06,114998600.0,10374400.0,29653000.0,476900.0,2074000.0,291100.0,2248900.0,,0.0,31042000.0,14386500.0,2078900.0,,25460900.0,5619100.0,9836700.0,3661900.0,13457100.0,5752000.0,31511100.0,758728000.0,2643200.0,6503000.0,,22393000.0,,,50375400.0,5028000.0,,3637900.0,34577700.0,3376750000.0,0.0,0.0
2017-06-07,151005900.0,9998400.0,29290000.0,518400.0,1212600.0,272700.0,1246200.0,,0.0,27482000.0,13329000.0,1795800.0,,20542200.0,5765200.0,12776300.0,2922900.0,12066700.0,5752400.0,22301800.0,612612000.0,3681100.0,4781600.0,,18842400.0,,,54144300.0,6537700.0,,4022700.0,25533600.0,3576220000.0,0.0,0.0
2017-06-08,89515100.0,9366400.0,28273000.0,459500.0,1967700.0,303500.0,1823600.0,,0.0,33758000.0,14208300.0,3863000.0,,33956400.0,8101700.0,12879000.0,3709900.0,17799400.0,7958800.0,24588300.0,1161744000.0,3956700.0,7712100.0,,25417400.0,,,65950700.0,7593900.0,,1957000.0,32799000.0,3735980000.0,0.0,0.0
2017-06-09,167454400.0,16251200.0,58191000.0,483100.0,1221500.0,350700.0,2167600.0,,0.0,72958000.0,10414900.0,1203400.0,,56979400.0,5992500.0,9358800.0,4143100.0,35577700.0,8968400.0,49187400.0,3692928000.0,3197700.0,9696900.0,,109783700.0,,,132256400.0,12040100.0,,1820300.0,28215300.0,4029860000.0,0.0,0.0
2017-06-12,125781800.0,18459200.0,54872000.0,362200.0,1455600.0,455900.0,2395200.0,,0.0,84042000.0,9900000.0,766700.0,,34665500.0,8020700.0,11228500.0,5902600.0,33170200.0,8057600.0,47761700.0,1697532000.0,3492100.0,7867700.0,,104454000.0,,,86108100.0,11057000.0,,2991700.0,31231800.0,4031840000.0,0.0,0.0
2017-06-13,87302300.0,10086400.0,30853000.0,475400.0,1101100.0,257200.0,1745400.0,,0.0,40108000.0,8640400.0,682300.0,,22046800.0,5733800.0,10023400.0,4267700.0,20483400.0,6831600.0,25258600.0,1672504000.0,2760000.0,6419300.0,,51193000.0,,,60067000.0,4969400.0,,3229900.0,16584000.0,3278240000.0,0.0,0.0
2017-06-14,51909400.0,8809600.0,34509000.0,409900.0,1008600.0,265600.0,1440400.0,,0.0,30110000.0,8850700.0,3712100.0,,33021900.0,7329400.0,11497500.0,2675500.0,20808800.0,7112400.0,25510700.0,1184640000.0,3597200.0,6183900.0,,60093800.0,,,78602300.0,7016400.0,,5430800.0,15019500.0,3558640000.0,0.0,0.0
2017-06-15,61666000.0,8632000.0,27527000.0,589800.0,1398200.0,356700.0,1753800.0,,0.0,48552000.0,10860500.0,2000400.0,,27376800.0,5265000.0,9908700.0,2517500.0,18994200.0,7843600.0,26068700.0,963824000.0,3372700.0,7047500.0,,55145200.0,,,66464900.0,4623300.0,,2330000.0,33891600.0,3371980000.0,0.0,0.0
2017-06-16,59779500.0,24929600.0,35819000.0,1351600.0,1408500.0,286400.0,24233000.0,,0.0,51184000.0,11996100.0,3460300.0,,35608400.0,12639600.0,27025300.0,5443900.0,22882400.0,13692400.0,48345100.0,924960000.0,5156200.0,13855000.0,,48087400.0,,,84553100.0,7432400.0,,22643500.0,168699000.0,5299380000.0,0.0,0.0
2017-06-19,61803600.0,13105600.0,28519000.0,509700.0,1892400.0,287800.0,13809100.0,,0.0,29376000.0,6398400.0,1105900.0,,25163300.0,7488700.0,7624700.0,3263800.0,19026500.0,6268400.0,23798300.0,778176000.0,2436600.0,5246200.0,,39626500.0,,,65123800.0,4523700.0,,2528300.0,48285300.0,3271480000.0,0.0,0.0
2017-06-20,118001500.0,9374400.0,24429000.0,1432200.0,3861600.0,176800.0,7337600.0,,0.0,25946000.0,18318500.0,1252000.0,,20111900.0,5201200.0,14920900.0,3614400.0,14743900.0,8112000.0,21512200.0,1095444000.0,3703500.0,5674200.0,,40935100.0,,,56906400.0,4987400.0,,4076800.0,30057600.0,3422700000.0,0.0,0.0
2017-06-21,188796100.0,13345600.0,34998000.0,807200.0,1375300.0,172500.0,3421700.0,,0.0,23232000.0,26728100.0,1159800.0,,23351400.0,5841100.0,9515800.0,2448500.0,15039800.0,7515600.0,19891100.0,682652000.0,3767100.0,4164500.0,,35743400.0,,,55977600.0,6329400.0,,2813800.0,27034200.0,3599190000.0,0.0,0.0
2017-06-22,149594200.0,8644800.0,18666000.0,515200.0,1670700.0,333900.0,8043100.0,,0.0,20190000.0,18699400.0,1160100.0,,17917200.0,7311000.0,7446300.0,2003800.0,13005500.0,5953200.0,22965700.0,469132000.0,3288100.0,4536700.0,,24099100.0,,,44148100.0,6273400.0,,4504500.0,24333900.0,3477250000.0,0.0,0.0
2017-06-23,200777300.0,24441600.0,34985000.0,396200.0,2134500.0,289100.0,9506700.0,,0.0,31280000.0,11337700.0,1581000.0,,20772500.0,9007100.0,9544800.0,2214700.0,18027000.0,13240000.0,27617300.0,1088588000.0,3453400.0,8782100.0,,21654300.0,,,66986800.0,5558600.0,,20845100.0,39240900.0,5282460000.0,0.0,0.0
2017-06-26,101012500.0,14619200.0,32103000.0,394300.0,1181300.0,419100.0,6473900.0,,0.0,30358000.0,9504500.0,3625000.0,,22988300.0,5561800.0,7747100.0,2360900.0,18049700.0,7798000.0,19607000.0,1063960000.0,2704000.0,4373300.0,,34411100.0,,,56700500.0,10127200.0,,2591600.0,25762500.0,3243660000.0,0.0,0.0
2017-06-27,89319700.0,12094400.0,33582000.0,513800.0,2757700.0,373500.0,5533800.0,,0.0,48872000.0,15293300.0,1755200.0,,24610100.0,6120500.0,11432200.0,2139000.0,19360800.0,9916800.0,25215100.0,999492000.0,2884300.0,5180400.0,,65957800.0,,,82247700.0,8081100.0,,2854200.0,19363200.0,3564770000.0,0.0,0.0
2017-06-28,85266900.0,11819200.0,24533000.0,354100.0,1659800.0,245400.0,3234400.0,,0.0,54912000.0,9755500.0,1530900.0,,25085400.0,6557900.0,9218800.0,1302800.0,16719100.0,8126000.0,25806200.0,994948000.0,3110600.0,4875000.0,,57427200.0,,,70042600.0,8306200.0,,2770800.0,20966700.0,3479980000.0,0.0,0.0
2017-06-29,87634400.0,11691200.0,34513000.0,494400.0,2270800.0,422100.0,3664200.0,,0.0,64134000.0,14548400.0,1997200.0,,38794900.0,5750000.0,9283500.0,1975900.0,23973500.0,8472000.0,28918700.0,1064424000.0,3474400.0,8123500.0,,88769400.0,,,106949700.0,7332200.0,,3179800.0,21190500.0,3869560000.0,0.0,0.0
2017-06-30,59267400.0,8753600.0,26534000.0,418100.0,4990200.0,322900.0,4755100.0,,0.0,45754000.0,8202000.0,1909600.0,,22798500.0,5264400.0,9352800.0,2508200.0,17666000.0,10467200.0,24161100.0,731060000.0,3313300.0,6070300.0,,68898300.0,,,86820700.0,5177500.0,,1450000.0,20889900.0,3366030000.0,0.0,0.0
2017-07-03,39929100.0,5724800.0,21123000.0,194200.0,835000.0,160700.0,1994300.0,,0.0,33896000.0,13882000.0,1255300.0,,12968200.0,2931000.0,6434500.0,1100700.0,13862700.0,4154000.0,16165500.0,709072000.0,2250800.0,3607400.0,,32797000.0,,,39153800.0,4470600.0,,880700.0,14545800.0,1901480000.0,0.0,0.0
2017-07-05,99450200.0,14728000.0,29699000.0,349600.0,2121500.0,628800.0,3770400.0,,0.0,41882000.0,16269100.0,10477800.0,,21865500.0,4302700.0,6853600.0,2497300.0,14334300.0,7598400.0,21176300.0,820188000.0,4023100.0,4974300.0,,42116600.0,,,54427600.0,9222200.0,,1571800.0,18110700.0,3368150000.0,0.0,0.0
2017-07-06,88927800.0,10153600.0,26334000.0,529500.0,1688600.0,251500.0,6963400.0,,0.0,40298000.0,15424700.0,1794300.0,,30563400.0,4282200.0,13113000.0,2019800.0,14951800.0,14768400.0,21117600.0,746284000.0,4007000.0,6038900.0,,48430500.0,,,65400800.0,6493700.0,,1432000.0,18485400.0,3368710000.0,0.0,0.0
2017-07-07,88392100.0,11561600.0,24731000.0,745100.0,882000.0,222600.0,7688400.0,,0.0,33266000.0,15731200.0,1799900.0,,20511000.0,4994100.0,9566000.0,4117800.0,13615900.0,11468400.0,16878300.0,654972000.0,3972500.0,5142200.0,,36970400.0,,,57972300.0,7937800.0,,1720600.0,15921300.0,2929390000.0,0.0,0.0
2017-07-10,78320200.0,10764800.0,22499000.0,345400.0,1807000.0,184700.0,8999800.0,,0.0,29030000.0,12286600.0,1247700.0,,17206000.0,4019600.0,9672000.0,2402200.0,13378700.0,7226400.0,15014500.0,958492000.0,5771200.0,5356400.0,,24853500.0,,,36663300.0,7779700.0,,1290000.0,45200100.0,3009880000.0,0.0,0.0
2017-07-11,71102300.0,8806400.0,20502000.0,407100.0,1302700.0,237100.0,6275600.0,,0.0,29224000.0,9261400.0,1112600.0,,16192900.0,3733100.0,10300700.0,2008800.0,13667700.0,7714400.0,17460000.0,757956000.0,6368500.0,5838600.0,,31517700.0,,,50354600.0,9300800.0,,1709400.0,22597800.0,3108800000.0,0.0,0.0
2017-07-12,78508400.0,9803200.0,27710000.0,399600.0,1392400.0,245100.0,5112200.0,,0.0,32042000.0,17979900.0,2451700.0,,19358600.0,5053200.0,7737400.0,2094900.0,22739400.0,5137600.0,17750900.0,1145208000.0,3885200.0,4374200.0,,36045800.0,,,59610400.0,9211200.0,,2418600.0,17100600.0,3176900000.0,0.0,0.0
2017-07-13,111656900.0,6004800.0,20400000.0,418800.0,1300100.0,157600.0,5673500.0,,0.0,30492000.0,11744600.0,2095900.0,,16559300.0,4424400.0,6371900.0,3169700.0,13929200.0,6830400.0,20269800.0,1369132000.0,3089400.0,5448900.0,,31073600.0,,,39471600.0,9943900.0,,1888500.0,24481500.0,3068510000.0,0.0,0.0
2017-07-14,82084600.0,4816000.0,14417000.0,522300.0,1549400.0,378100.0,4368400.0,,0.0,21592000.0,12626700.0,1260400.0,,15465300.0,4383100.0,8558700.0,2440200.0,16371200.0,6330800.0,25868100.0,941948000.0,2956400.0,4577700.0,,34544800.0,,,60262700.0,7196600.0,,1298400.0,27455700.0,2738460000.0,0.0,0.0
2017-07-17,71690800.0,5956800.0,18746000.0,441000.0,2043500.0,422900.0,3096500.0,,0.0,33210000.0,10158100.0,1289200.0,,15374600.0,4939400.0,7189200.0,2408700.0,12858800.0,4756800.0,21803900.0,930792000.0,2481300.0,5227800.0,,25343200.0,,,33531900.0,4649800.0,,1130000.0,26506800.0,2800580000.0,0.0,0.0
2017-07-18,78366500.0,6710400.0,13003000.0,434800.0,3583400.0,313800.0,3256900.0,,0.0,28266000.0,9221100.0,1776100.0,,16653300.0,10256000.0,9037200.0,3890300.0,23722900.0,4279600.0,26435300.0,776640000.0,2694800.0,7492300.0,,25748500.0,,,42742500.0,6185300.0,,1715700.0,12944700.0,2974090000.0,0.0,0.0
2017-07-19,51957800.0,7064000.0,25526000.0,357400.0,2463100.0,398900.0,4100000.0,,0.0,28242000.0,8250900.0,2466000.0,,16985500.0,5503300.0,6986900.0,3072200.0,26273600.0,7298400.0,22416200.0,687044000.0,2578200.0,6008500.0,,33752300.0,,,51034300.0,7033800.0,,836000.0,15940800.0,3063810000.0,0.0,0.0
2017-07-20,47707500.0,5990400.0,12135000.0,280000.0,1568800.0,333700.0,3207400.0,,0.0,28368000.0,11827800.0,2317200.0,,17047800.0,6088600.0,7430300.0,2240200.0,18523100.0,6364800.0,42361000.0,699596000.0,3518100.0,7285000.0,,36139400.0,,,47135200.0,6996600.0,,1209100.0,14896200.0,3223820000.0,0.0,0.0
2017-07-21,51045700.0,18900800.0,15504000.0,369300.0,1665500.0,364500.0,4078000.0,,0.0,29266000.0,8771700.0,1664200.0,,21662700.0,6773500.0,8545600.0,3522400.0,14744000.0,4980400.0,46717100.0,648332000.0,3476400.0,5714800.0,,39697100.0,,,82340800.0,5023500.0,,1038700.0,21459900.0,3066880000.0,0.0,0.0
2017-07-24,71014900.0,8297600.0,13638000.0,275500.0,1307700.0,474600.0,3655600.0,,0.0,79690000.0,4707500.0,2342700.0,,16694000.0,8306700.0,9103600.0,5307400.0,17367000.0,7041600.0,21394800.0,652524000.0,3681300.0,6202000.0,,26712700.0,,,46622300.0,6842100.0,,1410700.0,22164000.0,3019920000.0,0.0,0.0
2017-07-25,98047400.0,6481600.0,16123000.0,386500.0,1770000.0,625500.0,4605700.0,,0.0,118672000.0,7292900.0,2513600.0,,21066400.0,6262900.0,14096300.0,9511400.0,15383200.0,8417600.0,22018700.0,496556000.0,3075100.0,6766700.0,,28120900.0,,,54915600.0,5276300.0,,1975200.0,34512000.0,4116360000.0,0.0,0.0
2017-07-26,236083000.0,9209600.0,19971000.0,526200.0,1868500.0,1300200.0,3017200.0,,0.0,44432000.0,7279800.0,3010400.0,,13574900.0,5382200.0,13608900.0,4679000.0,35236900.0,6420000.0,16252200.0,640404000.0,3305600.0,6987000.0,,18610600.0,,,47575400.0,4342200.0,,1002400.0,20148300.0,3597830000.0,0.0,0.0
2017-07-27,130303700.0,11920000.0,32010000.0,305000.0,3257000.0,748600.0,3637900.0,,0.0,74358000.0,11624500.0,1853000.0,,24355800.0,5838100.0,15195200.0,4624100.0,68910700.0,9431600.0,36844200.0,782856000.0,2954800.0,11089200.0,,80665900.0,,,70766600.0,7243100.0,,598300.0,24157500.0,4035740000.0,0.0,0.0
2017-07-28,66763800.0,15870400.0,31919000.0,402600.0,3101100.0,593700.0,2779500.0,,0.0,36276000.0,4945300.0,1001600.0,,19933300.0,4970900.0,11945300.0,3964500.0,24557600.0,4976400.0,18306700.0,513348000.0,3276300.0,6137500.0,,38013200.0,,,50088400.0,3678400.0,,523800.0,14925600.0,3302850000.0,0.0,0.0
2017-07-31,69108700.0,16158400.0,18902000.0,598300.0,2580200.0,447300.0,6937100.0,,0.0,45670000.0,9779900.0,921800.0,,16417700.0,5440800.0,13622900.0,4272400.0,25478900.0,7807600.0,23600100.0,559672000.0,3098600.0,7835700.0,,33848600.0,,,65838700.0,7757600.0,,484600.0,18789600.0,3475930000.0,0.0,0.0
2017-08-01,49149900.0,11476800.0,17582000.0,497200.0,1996900.0,492800.0,4787500.0,,0.0,28052000.0,14946800.0,1958300.0,,19835900.0,3837600.0,10306800.0,4185100.0,14385000.0,7240000.0,22132300.0,431384000.0,2946100.0,8662100.0,,20149400.0,,,55050400.0,5437300.0,,920900.0,17179500.0,3470260000.0,0.0,0.0
2017-08-02,67502200.0,18598400.0,36970000.0,349600.0,1409600.0,388000.0,5486300.0,,0.0,40788000.0,7422700.0,516100.0,,19934300.0,4032100.0,10187900.0,3326000.0,17433800.0,6951600.0,26499200.0,478444000.0,2626400.0,7167700.0,,41769700.0,,,47211200.0,6064600.0,,1092000.0,26019000.0,3487150000.0,0.0,0.0
2017-08-03,52557400.0,30819200.0,23447000.0,384200.0,2023200.0,383100.0,5562600.0,,0.0,22478000.0,9548300.0,1576200.0,,19624900.0,4327300.0,14261400.0,3666100.0,10793800.0,5840400.0,18214400.0,442420000.0,2986200.0,6413200.0,,27112800.0,,,40856000.0,3919800.0,,1056600.0,29840700.0,3662410000.0,0.0,0.0
2017-08-04,64254000.0,79963200.0,13454000.0,441300.0,5140800.0,227200.0,3117900.0,,0.0,25092000.0,6451600.0,1266100.0,,16473500.0,3192800.0,9523600.0,4435400.0,10777700.0,5512400.0,22579000.0,589096000.0,2955200.0,5824400.0,,29472900.0,,,60191800.0,4071400.0,,1611000.0,21425400.0,3239980000.0,0.0,0.0
2017-08-07,57486800.0,26414400.0,18730000.0,621200.0,1026100.0,237800.0,2629500.0,,0.0,28916000.0,5204700.0,554100.0,,9176200.0,3010800.0,6226300.0,3252100.0,12787800.0,7444400.0,18705700.0,717412000.0,2569600.0,5011300.0,,17933900.0,,,31995000.0,4860200.0,,744200.0,16453500.0,2935130000.0,0.0,0.0
2017-08-08,47338000.0,18750400.0,20439000.0,987600.0,2060900.0,507200.0,2569200.0,,0.0,30102000.0,18534700.0,1277800.0,,27248700.0,5535800.0,5747900.0,4234300.0,14393500.0,12630400.0,22044600.0,755336000.0,2412600.0,5623400.0,,30810400.0,,,61719400.0,3301200.0,,1043500.0,22144200.0,3347480000.0,0.0,0.0
2017-08-09,58861500.0,17907200.0,21256000.0,2677700.0,1391900.0,364400.0,2157600.0,,0.0,28018000.0,15001700.0,1268000.0,,26534300.0,6332300.0,9635300.0,3006500.0,10815000.0,13485600.0,22213400.0,530784000.0,2513800.0,5572800.0,,36169500.0,,,62632600.0,3153700.0,,1450100.0,19819500.0,3310960000.0,0.0,0.0
2017-08-10,83113400.0,23864000.0,29033000.0,1510500.0,3169300.0,458500.0,2764600.0,,0.0,54148000.0,24749700.0,1412000.0,,40983500.0,5607900.0,8901600.0,3874500.0,20832700.0,11497600.0,24734500.0,1328088000.0,2236000.0,6338200.0,,63331700.0,,,120479500.0,5605400.0,,1501500.0,24135000.0,3635820000.0,0.0,0.0
2017-08-11,63558800.0,10020800.0,16976000.0,1181500.0,2159000.0,490100.0,1887000.0,,0.0,32334000.0,17434300.0,911000.0,,32779600.0,4270600.0,8357600.0,2925000.0,13791200.0,10978800.0,21443700.0,1497196000.0,2759700.0,7094200.0,,45862500.0,,,74869900.0,4291100.0,,1166500.0,23716500.0,3161830000.0,0.0,0.0
2017-08-14,64426100.0,10235200.0,16736000.0,567000.0,913000.0,506700.0,2028400.0,,0.0,23012000.0,12566000.0,1386100.0,,21710900.0,3041100.0,8421200.0,2809100.0,12954200.0,8037600.0,20096600.0,1279020000.0,3191700.0,5398400.0,,34161000.0,,,73291900.0,3875600.0,,1239900.0,23376000.0,2824320000.0,0.0,0.0
2017-08-15,57990300.0,9086400.0,20942000.0,755600.0,1142200.0,275600.0,1869100.0,,0.0,22130000.0,6830500.0,1146300.0,,16646000.0,3931800.0,9638100.0,2160100.0,8729200.0,4781200.0,19181400.0,764532000.0,2749800.0,5293400.0,,25509200.0,,,55242700.0,3820400.0,,1405700.0,21198300.0,2922430000.0,0.0,0.0
2017-08-16,64639400.0,13624000.0,15394000.0,679100.0,1344900.0,358600.0,3381800.0,,0.0,26906000.0,11716100.0,2160100.0,,21858600.0,4469900.0,8087300.0,2921800.0,15779900.0,4127200.0,18150400.0,596632000.0,2373900.0,7965500.0,,31913000.0,,,56715500.0,3232000.0,,1334300.0,34608000.0,2956570000.0,0.0,0.0
2017-08-17,47371000.0,12596800.0,22793000.0,445300.0,1131200.0,563100.0,2650000.0,,0.0,33914000.0,14112300.0,1637300.0,,32722900.0,5741400.0,8477000.0,3071600.0,17216000.0,6740000.0,22977500.0,525444000.0,3096900.0,5711400.0,,70191000.0,,,128490400.0,3324000.0,,1558200.0,51881100.0,3164950000.0,0.0,0.0
2017-08-18,37521700.0,10430400.0,20126000.0,1042000.0,3216200.0,287700.0,2747900.0,,0.0,26748000.0,14324400.0,1235700.0,,42401900.0,4792800.0,10879800.0,2595700.0,15093600.0,7721200.0,18761500.0,601204000.0,3776500.0,6815000.0,,60751900.0,,,136748000.0,3692800.0,,1571900.0,29259000.0,3426970000.0,0.0,0.0
2017-08-21,58888500.0,10633600.0,20693000.0,728500.0,843700.0,278300.0,1857400.0,,0.0,26024000.0,7763400.0,718800.0,,21504100.0,4660000.0,9429700.0,2195100.0,11907500.0,5027600.0,17734800.0,623672000.0,2119500.0,4334300.0,,37111500.0,,,65469700.0,3588100.0,,1076100.0,28841700.0,2803650000.0,0.0,0.0
2017-08-22,39033200.0,13446400.0,26917000.0,816700.0,1906200.0,258000.0,2204600.0,,0.0,35502000.0,12982200.0,984500.0,,25170600.0,4150300.0,10536700.0,2122600.0,11391000.0,9441600.0,14343700.0,450456000.0,2313700.0,4731500.0,,36294200.0,,,63140100.0,3202300.0,,947000.0,19638300.0,2780990000.0,0.0,0.0
2017-08-23,44345400.0,14268800.0,27928000.0,662400.0,1332200.0,205900.0,1731400.0,,0.0,22690000.0,6449500.0,1246100.0,,18381900.0,5129900.0,6528400.0,2190700.0,9856500.0,6349600.0,13766500.0,579520000.0,2616300.0,3631900.0,,25702300.0,,,50203800.0,2956400.0,,825800.0,23397900.0,2796950000.0,0.0,0.0
2017-08-24,37269700.0,10129600.0,52119000.0,495800.0,1347000.0,256800.0,10301700.0,,0.0,25892000.0,8480100.0,2520900.0,,15726600.0,5398400.0,7534400.0,1634800.0,14030400.0,6437600.0,17098300.0,469700000.0,4760000.0,5173700.0,,38160800.0,,,50741700.0,4544500.0,,858800.0,57384000.0,2849680000.0,0.0,0.0
2017-08-25,29732000.0,6694400.0,69099000.0,666300.0,1299000.0,356900.0,5703500.0,,0.0,23746000.0,6622800.0,1007500.0,,17163000.0,4133300.0,8807100.0,2019600.0,12614500.0,7240000.0,12794300.0,357200000.0,3442500.0,4933000.0,,26380400.0,,,64445900.0,2975200.0,,729900.0,29706600.0,2593350000.0,0.0,0.0
2017-08-28,35969600.0,8376000.0,34174000.0,617100.0,1319900.0,218900.0,3776400.0,,0.0,20988000.0,5161700.0,921700.0,,16333300.0,5349200.0,8024000.0,2027300.0,8553700.0,6572000.0,14569700.0,389496000.0,2932700.0,5386500.0,,15362100.0,,,40565600.0,2199900.0,,955200.0,25864500.0,2682920000.0,0.0,0.0
2017-08-29,33618100.0,6721600.0,33536000.0,384000.0,1688700.0,189700.0,2446200.0,,0.0,23172000.0,8991600.0,1590200.0,,20277600.0,3277900.0,7762200.0,3283400.0,11121000.0,5836000.0,11478400.0,324096000.0,2348700.0,3676300.0,,24498300.0,,,51135700.0,2997700.0,,689800.0,22995600.0,2739460000.0,0.0,0.0
2017-08-30,43933000.0,9196800.0,21924000.0,378600.0,1649700.0,256800.0,2493500.0,,0.0,22406000.0,13431100.0,1299900.0,,15915500.0,5430800.0,7134900.0,2236500.0,11138300.0,6170000.0,16897800.0,384400000.0,2491800.0,4709600.0,,33642700.0,,,62030800.0,2838900.0,,858700.0,17489400.0,2637780000.0,0.0,0.0
2017-08-31,51822100.0,12483200.0,29491000.0,445100.0,1386300.0,264800.0,4567700.0,,0.0,33866000.0,12705200.0,1023600.0,,29260600.0,7407100.0,14264600.0,2717000.0,17226500.0,8121200.0,27652800.0,612684000.0,4709500.0,5864400.0,,38480700.0,,,103803900.0,4288600.0,,792100.0,24584400.0,3353860000.0,0.0,0.0
2017-09-01,53158600.0,6985600.0,23242000.0,358200.0,1083000.0,169500.0,2833500.0,,0.0,20858000.0,10535700.0,3460000.0,,17412500.0,3820800.0,7391200.0,1878300.0,11677600.0,6449600.0,21736200.0,445432000.0,2591900.0,4960700.0,,22293600.0,,,62007000.0,4100000.0,,2499100.0,19423200.0,2712780000.0,0.0,0.0
2017-09-05,51445500.0,12940800.0,24306000.0,387100.0,1774000.0,229000.0,3413000.0,,0.0,29148000.0,9560500.0,3054800.0,,21908400.0,5146600.0,9916700.0,4000500.0,13210900.0,10511200.0,21556000.0,695364000.0,2711400.0,6532100.0,,44794300.0,,,91398800.0,7123000.0,,1172700.0,36205500.0,3502190000.0,0.0,0.0
2017-09-06,34182400.0,13372800.0,13996000.0,533100.0,1266900.0,462300.0,2873700.0,,0.0,27830000.0,9023300.0,1601500.0,,18399700.0,5601900.0,9238900.0,4143300.0,13906300.0,13033600.0,16535800.0,397672000.0,2617500.0,6747200.0,,30722700.0,,,57916900.0,4187700.0,,758900.0,25278300.0,3400200000.0,0.0,0.0
2017-09-07,35816900.0,7712000.0,16088000.0,531200.0,1256700.0,1208500.0,2479300.0,,0.0,22332000.0,8784000.0,4292500.0,,18159800.0,3800200.0,9418400.0,2965400.0,18049500.0,8006800.0,17471200.0,352868000.0,2623800.0,7735400.0,,22721100.0,,,58034700.0,3597500.0,,912600.0,20462400.0,3365780000.0,0.0,0.0
2017-09-08,60886200.0,5088000.0,18094000.0,517200.0,1032700.0,524900.0,3364600.0,,0.0,19998000.0,7688700.0,1249100.0,,21870500.0,4854400.0,10534900.0,2984200.0,10998500.0,4923200.0,14703800.0,498856000.0,4818300.0,6070100.0,,27890100.0,,,63832800.0,5581800.0,,1159600.0,29998800.0,3308360000.0,0.0,0.0
2017-09-11,43346100.0,6268800.0,16878000.0,428400.0,1365100.0,639500.0,2442500.0,,0.0,26748000.0,8047600.0,2206200.0,,22617700.0,5724200.0,10430300.0,2333600.0,12372000.0,5458000.0,17910400.0,567444000.0,3247900.0,10177300.0,,27126300.0,,,71364800.0,6920100.0,,652300.0,21000600.0,3293460000.0,0.0,0.0
2017-09-12,54413100.0,6771200.0,18396000.0,692100.0,1368100.0,332800.0,2988400.0,,0.0,25696000.0,4752800.0,3167800.0,,22679600.0,5465200.0,8567600.0,10324100.0,11186300.0,11139200.0,14394900.0,411488000.0,2998500.0,5804000.0,,30256700.0,,,56896000.0,3524500.0,,594100.0,18015000.0,3234280000.0,0.0,0.0
2017-09-13,37210700.0,10496000.0,29664000.0,447500.0,1265700.0,320400.0,4202000.0,,0.0,21908000.0,11725900.0,1590900.0,,25052500.0,4679500.0,10218000.0,4705600.0,9119300.0,6094000.0,13380800.0,580960000.0,5141500.0,5369300.0,,28450900.0,,,59228000.0,4983400.0,,1663900.0,26471100.0,3371370000.0,0.0,0.0
2017-09-14,37220200.0,9720000.0,28645000.0,520300.0,1155300.0,358400.0,2493300.0,,0.0,28548000.0,9554600.0,1377700.0,,18353800.0,6274500.0,13768800.0,3109700.0,15615700.0,8930800.0,15733900.0,513712000.0,3456900.0,5492300.0,,35296400.0,,,95446300.0,5799000.0,,1010300.0,20817900.0,3422470000.0,0.0,0.0
2017-09-15,50337400.0,22088000.0,50066000.0,1267900.0,2108500.0,373200.0,3757800.0,,0.0,39886000.0,8248000.0,1477000.0,,23184000.0,15522000.0,16141400.0,7425100.0,15660500.0,17380800.0,38578400.0,1364792000.0,5543000.0,12428800.0,,46422400.0,,,95432400.0,7245600.0,,1880200.0,39953400.0,4862970000.0,0.0,0.0
2017-09-18,83517400.0,18156800.0,25743000.0,490500.0,1364100.0,296800.0,2047100.0,,0.0,29474000.0,7442200.0,3032500.0,,24427400.0,5260800.0,8535300.0,3831900.0,12954000.0,5026800.0,23307000.0,1684460000.0,2441200.0,6177700.0,,24858200.0,,,46235200.0,6179600.0,,2046300.0,24528300.0,3204700000.0,0.0,0.0
2017-09-19,65455200.0,12336000.0,22088000.0,418000.0,918700.0,248400.0,1790800.0,,0.0,24854000.0,7208300.0,673300.0,,16346300.0,4903800.0,7297900.0,3554600.0,13168600.0,5857600.0,16093300.0,874280000.0,2568300.0,6587200.0,,20871200.0,,,47108100.0,6559400.0,,1584900.0,18523200.0,3253760000.0,0.0,0.0
2017-09-20,102682400.0,15572800.0,57010000.0,748700.0,1165300.0,290000.0,2432300.0,,0.0,40080000.0,10087200.0,2397500.0,,20244700.0,8705500.0,11026600.0,3641100.0,12264100.0,6129200.0,21587900.0,724920000.0,4059800.0,5941500.0,,34236200.0,,,59574100.0,7961100.0,,1534000.0,15954600.0,3584570000.0,0.0,0.0
2017-09-21,166821900.0,9692800.0,28620000.0,467500.0,1914900.0,208100.0,1738800.0,,0.0,27414000.0,6932300.0,2390000.0,,17395900.0,6051800.0,7555300.0,2503400.0,11161400.0,4667200.0,19186100.0,1075600000.0,3630900.0,9376700.0,,28841800.0,,,48211400.0,8458000.0,,581200.0,19290900.0,2965590000.0,0.0,0.0
2017-09-22,50547000.0,14504000.0,23100000.0,284200.0,1966600.0,273500.0,1535900.0,,0.0,21496000.0,7570500.0,826600.0,,25203000.0,4334900.0,8024800.0,2442700.0,12097100.0,4509200.0,14111400.0,491232000.0,3746300.0,6837700.0,,21702400.0,,,51214000.0,4529900.0,,884600.0,17265900.0,2877980000.0,0.0,0.0
2017-09-25,84172200.0,20417600.0,38692000.0,510800.0,1735100.0,274300.0,1799600.0,,0.0,37468000.0,4326200.0,1927000.0,,30012800.0,6017400.0,9215300.0,3661500.0,41251600.0,6666000.0,24149200.0,874580000.0,3885000.0,6436200.0,,54947700.0,,,57064400.0,5895000.0,,848800.0,25643400.0,3314530000.0,0.0,0.0
2017-09-26,68302000.0,10406400.0,39010000.0,373200.0,1369600.0,242000.0,2370400.0,,0.0,33454000.0,8816500.0,1061000.0,,28238100.0,4516200.0,6480100.0,6420000.0,23363300.0,7922400.0,18019600.0,1125620000.0,2953800.0,4885200.0,,29628800.0,,,54082000.0,5995400.0,,1247500.0,17505900.0,3070770000.0,0.0,0.0
2017-09-27,59947200.0,9702400.0,26489000.0,553000.0,1711700.0,409300.0,2053100.0,,0.0,46692000.0,7490100.0,4039100.0,,66351700.0,5796100.0,14816200.0,3915900.0,19242500.0,23266000.0,19565100.0,713720000.0,4016200.0,9631200.0,,33249400.0,,,81001400.0,4802700.0,,1481700.0,18943800.0,3485070000.0,0.0,0.0
2017-09-28,35812300.0,9364800.0,21932000.0,531700.0,2294500.0,295300.0,1730200.0,,0.0,28018000.0,5934000.0,1873300.0,,29291400.0,3992700.0,8789500.0,4210200.0,12178700.0,12110000.0,10883800.0,435244000.0,11581100.0,4999800.0,,24149400.0,,,44778800.0,7618700.0,,1769100.0,37118400.0,3173030000.0,0.0,0.0
2017-09-29,33926900.0,7139200.0,17319000.0,543600.0,3861100.0,459000.0,1852300.0,,0.0,40622000.0,8906900.0,2037800.0,,21738700.0,5736900.0,10082200.0,3670100.0,15340400.0,8532400.0,17079100.0,619092000.0,5122300.0,6634500.0,,43102400.0,,,85578000.0,3818500.0,,1895300.0,31060200.0,3220260000.0,0.0,0.0
2017-10-02,34461100.0,7449600.0,19431000.0,478700.0,2327600.0,277800.0,2267100.0,,0.0,30782000.0,13097600.0,3221600.0,,29772400.0,4492900.0,10707800.0,2407000.0,13392300.0,5521600.0,15304800.0,503480000.0,8306400.0,7302400.0,,27351300.0,,,59023000.0,5096200.0,,1875100.0,23127600.0,3226370000.0,0.0,0.0
2017-10-03,85174000.0,5036800.0,25611000.0,491100.0,13460200.0,235600.0,2839400.0,,0.0,21666000.0,5928800.0,2521700.0,,28372800.0,3900800.0,12038100.0,2188400.0,8190300.0,6111200.0,12190400.0,390332000.0,6064400.0,5909900.0,,19715200.0,,,66810200.0,3727100.0,,3313000.0,23810100.0,3073480000.0,0.0,0.0
2017-10-04,42303200.0,6249600.0,23271000.0,595700.0,4734700.0,269500.0,1918600.0,,0.0,21156000.0,5832400.0,2198300.0,,22024700.0,3589000.0,14060300.0,1823100.0,12127900.0,7522800.0,13317700.0,427848000.0,9092400.0,6140700.0,,26381100.0,,,55953600.0,2717200.0,,6352000.0,18520200.0,3020770000.0,0.0,0.0
2017-10-05,34758600.0,5768000.0,22811000.0,225800.0,2323600.0,216600.0,4715400.0,,0.0,35618000.0,5967900.0,1779900.0,,22538500.0,3741100.0,10215300.0,2796000.0,14580600.0,5216400.0,21195300.0,437364000.0,5670400.0,6912800.0,,31562400.0,,,63522800.0,4456400.0,,4771000.0,15416100.0,3059730000.0,0.0,0.0
2017-10-06,28258700.0,11548800.0,17489000.0,317700.0,1378400.0,180400.0,18001200.0,,0.0,31060000.0,5847400.0,2350600.0,,19350800.0,2469500.0,5437900.0,3548500.0,13124500.0,4407600.0,13959800.0,318800000.0,3240300.0,5241900.0,,23561100.0,,,80646000.0,3086100.0,,3453900.0,18740100.0,2898270000.0,0.0,0.0
2017-10-09,54032500.0,7835200.0,16551000.0,287700.0,930900.0,148700.0,7028800.0,,0.0,25910000.0,3278400.0,893100.0,,13981300.0,3750500.0,5268300.0,2120000.0,14570400.0,3003200.0,11386500.0,563492000.0,1977800.0,5149000.0,,13704800.0,,,35803100.0,1963500.0,,1734300.0,40479000.0,2486940000.0,0.0,0.0
2017-10-10,43304000.0,6648000.0,15348000.0,507600.0,1434800.0,256400.0,5420200.0,,0.0,23268000.0,8786500.0,1123100.0,,21951900.0,4184600.0,6310400.0,2909600.0,11341100.0,4002400.0,13944500.0,974876000.0,3032300.0,17125600.0,,19223100.0,,,43057400.0,4112000.0,,2102500.0,75372000.0,2962610000.0,0.0,0.0
2017-10-11,38746600.0,5374400.0,26603000.0,456200.0,1279900.0,236100.0,3859300.0,,0.0,36300000.0,7948700.0,2841200.0,,15137100.0,8269400.0,6638200.0,3572500.0,11283700.0,5476400.0,15388900.0,529508000.0,4051100.0,7115400.0,,12439100.0,,,47674300.0,9015400.0,,1955100.0,55683000.0,2991320000.0,0.0,0.0
2017-10-12,69874100.0,8155200.0,20067000.0,677900.0,2148900.0,141200.0,3596300.0,,0.0,30614000.0,6181100.0,1349300.0,,17185600.0,5172800.0,7710200.0,3023600.0,10351000.0,5595600.0,16876500.0,528292000.0,3287200.0,5984900.0,,14513500.0,,,47065100.0,5524100.0,,2087600.0,38631000.0,3157280000.0,0.0,0.0
2017-10-13,37515800.0,9929600.0,15257000.0,574600.0,1716500.0,152300.0,3634500.0,,0.0,26552000.0,3941200.0,1521700.0,,15464400.0,4106600.0,7126000.0,2957400.0,13658300.0,3883200.0,15335700.0,628728000.0,3090500.0,6956700.0,,18409900.0,,,54800400.0,3913100.0,,1540800.0,28167000.0,3150470000.0,0.0,0.0
2017-10-16,34136800.0,8348800.0,14899000.0,435400.0,1508100.0,494300.0,2453700.0,,0.0,21420000.0,6060300.0,1666100.0,,20653100.0,5120100.0,12708600.0,2132300.0,11498800.0,6312400.0,12380100.0,576640000.0,2675900.0,4159100.0,,21809400.0,,,38221700.0,2707000.0,,2834800.0,27900900.0,2918030000.0,0.0,0.0
2017-10-17,28995600.0,5681600.0,26965000.0,415600.0,1111100.0,143800.0,2426800.0,,0.0,20260000.0,7468100.0,673800.0,,18046800.0,11717300.0,7699400.0,2379700.0,15990100.0,5869200.0,16824000.0,478596000.0,3825200.0,5316100.0,,13138200.0,,,31561000.0,7582200.0,,1915800.0,17554500.0,2901890000.0,0.0,0.0
2017-10-18,39020300.0,4619200.0,19905000.0,1491600.0,1115500.0,386400.0,3011300.0,,0.0,25596000.0,7974400.0,1788500.0,,20541700.0,6827700.0,6272200.0,2798300.0,12752400.0,4861200.0,13300700.0,567316000.0,2590500.0,7399700.0,,17218200.0,,,40888300.0,6653200.0,,1511600.0,16416300.0,2999320000.0,0.0,0.0
2017-10-19,33795700.0,8387200.0,25844000.0,594800.0,1069400.0,334100.0,2981700.0,,0.0,34284000.0,7270600.0,1518700.0,,17164900.0,9181300.0,7515500.0,2478100.0,14048400.0,4718400.0,15092800.0,570772000.0,2673700.0,8585000.0,,27680300.0,,,61903800.0,5710500.0,,1302100.0,21087000.0,3019520000.0,0.0,0.0
2017-10-20,32538900.0,5193600.0,23548000.0,4110100.0,906500.0,230900.0,3993200.0,,0.0,32120000.0,7107000.0,2651400.0,,25224500.0,5634500.0,9646800.0,5577700.0,12602200.0,7229200.0,22866400.0,451620000.0,3772300.0,19997800.0,,30173300.0,,,89176400.0,5251600.0,,1608200.0,22853400.0,3394450000.0,0.0,0.0
2017-10-23,49838000.0,7438400.0,23418000.0,829400.0,1170700.0,158000.0,2811200.0,,0.0,32786000.0,7227200.0,709800.0,,14676400.0,6686000.0,7153600.0,6214800.0,13852700.0,4962800.0,20627200.0,428696000.0,2263200.0,13358200.0,,29297100.0,,,63915300.0,5092400.0,,1782700.0,31758000.0,3214470000.0,0.0,0.0
2017-10-24,84891600.0,5494400.0,22887000.0,1060700.0,1186000.0,163700.0,3040700.0,,0.0,28902000.0,7103700.0,1605600.0,,17527700.0,6585800.0,9539500.0,7855200.0,12267900.0,5431200.0,17517200.0,407244000.0,3351100.0,11519000.0,,20289500.0,,,66935900.0,4251600.0,,1925600.0,23102700.0,3435660000.0,0.0,0.0
2017-10-25,166762100.0,7318400.0,20955000.0,768600.0,1453300.0,349000.0,3603900.0,,0.0,30574000.0,16817000.0,1838800.0,,27235300.0,6563600.0,11994200.0,3716200.0,15868200.0,5094400.0,20410800.0,828160000.0,3836900.0,9024300.0,,36179100.0,,,103715300.0,3360000.0,,6720100.0,19224000.0,3885470000.0,0.0,0.0
2017-10-26,87625400.0,6878400.0,24446000.0,528000.0,2121300.0,172100.0,3038900.0,,0.0,47396000.0,10649800.0,2062400.0,,15205900.0,5841100.0,10569100.0,2934400.0,11833100.0,4825200.0,32120700.0,322744000.0,2865000.0,6233800.0,,28230200.0,,,69798000.0,3651500.0,,4931000.0,19454700.0,3891750000.0,0.0,0.0
2017-10-27,115650400.0,8900800.0,44753000.0,607400.0,7127600.0,2037600.0,3399900.0,,0.0,103682000.0,13720000.0,1315000.0,,32744100.0,5140100.0,9988000.0,2298100.0,30285300.0,6590800.0,71066700.0,572192000.0,3343200.0,7433800.0,,60165100.0,,,85562500.0,4822800.0,,3175400.0,19851000.0,3896100000.0,0.0,0.0
2017-10-30,137785100.0,13371200.0,50202000.0,622100.0,2688300.0,822800.0,2550700.0,,0.0,46804000.0,5954500.0,1692700.0,,30524800.0,6034300.0,7201900.0,2051000.0,24353200.0,6597200.0,31756700.0,504056000.0,2206100.0,5387100.0,,31733400.0,,,54285700.0,5200800.0,,26446200.0,21156000.0,3660230000.0,0.0,0.0
2017-10-31,78600000.0,13094400.0,32845000.0,512000.0,2250000.0,1352700.0,2513600.0,,0.0,30326000.0,7198400.0,1178000.0,,22449400.0,4832100.0,6560500.0,2873000.0,20174200.0,9621200.0,27086600.0,411908000.0,4379400.0,7119000.0,,26319300.0,,,60304800.0,3704500.0,,11236700.0,18020700.0,3844420000.0,0.0,0.0
2017-11-01,66875500.0,15899200.0,27333000.0,429200.0,3004600.0,1263500.0,2129400.0,,0.0,43262000.0,9505500.0,1321500.0,,31585500.0,5006800.0,7067600.0,2186100.0,40918300.0,6942000.0,22307400.0,502576000.0,2822400.0,4884100.0,,29481600.0,,,54202700.0,4235700.0,,5730600.0,18528300.0,3841200000.0,0.0,0.0
2017-11-02,47942500.0,44132800.0,67196000.0,460400.0,2435200.0,1233100.0,3255700.0,,0.0,26694000.0,6096800.0,1997900.0,,28176600.0,3494100.0,8317800.0,2291000.0,35529900.0,5116000.0,23992900.0,342308000.0,2169800.0,5021200.0,,31017400.0,,,56449500.0,3255800.0,,6306100.0,15549300.0,4050140000.0,0.0,0.0
2017-11-03,44264300.0,51281600.0,120503000.0,421200.0,1145600.0,705200.0,3112500.0,,0.0,27770000.0,7003200.0,2532400.0,,22312700.0,2737000.0,4730400.0,1959500.0,17822100.0,5472000.0,17633500.0,353640000.0,1725700.0,5106500.0,,26199200.0,,,59589700.0,6140900.0,,4222700.0,19536300.0,3568710000.0,0.0,0.0
2017-11-06,96349800.0,18337600.0,78088000.0,672100.0,2026300.0,750100.0,1917300.0,,0.0,18294000.0,12262400.0,858400.0,,15576800.0,4220700.0,7451300.0,3087700.0,13312700.0,6460400.0,19860900.0,389944000.0,3331800.0,5186700.0,,28693900.0,,,49652600.0,5650500.0,,3905200.0,15772200.0,3541970000.0,0.0,0.0
2017-11-07,67900200.0,23012800.0,36789000.0,892200.0,2705900.0,984100.0,1944200.0,,0.0,26104000.0,11805400.0,734800.0,,29549300.0,4201900.0,9868000.0,2506000.0,12928200.0,6884000.0,17939700.0,427700000.0,3882000.0,6875100.0,,21333100.0,,,57502200.0,2761600.0,,4194900.0,16047900.0,3815190000.0,0.0,0.0
2017-11-08,59065000.0,19436800.0,30254000.0,2981700.0,1627300.0,831100.0,3494300.0,,0.0,24276000.0,18120000.0,947800.0,,30682500.0,4440700.0,7586900.0,2605000.0,10494100.0,13029200.0,18034200.0,522988000.0,3685300.0,6910000.0,,17373500.0,,,50469600.0,2378400.0,,5564100.0,20302500.0,3898450000.0,0.0,0.0
2017-11-09,76821200.0,16169600.0,30980000.0,1148700.0,8050900.0,1061400.0,2094000.0,,0.0,35892000.0,38343500.0,925900.0,,40144400.0,3517100.0,6532400.0,4219000.0,12610300.0,19232000.0,21178400.0,978564000.0,2856900.0,5280000.0,,40594500.0,,,95085500.0,4680100.0,,5514300.0,20713500.0,3844100000.0,0.0,0.0
2017-11-10,50209900.0,18563200.0,20338000.0,623000.0,2554200.0,754400.0,2673100.0,,0.0,19442000.0,24521600.0,1862000.0,,17823700.0,4240800.0,8022900.0,4226800.0,11070200.0,18353200.0,19397800.0,1253256000.0,3699500.0,7227300.0,,20150800.0,,,59984700.0,5333900.0,,6009500.0,22943400.0,3489740000.0,0.0,0.0
2017-11-13,54068300.0,15412800.0,28064000.0,658200.0,3099200.0,830600.0,4093300.0,,0.0,18814000.0,16280500.0,868300.0,,14680000.0,4322300.0,7653600.0,2605600.0,9523400.0,11708800.0,14196900.0,582376000.0,3194500.0,6873500.0,,12522400.0,,,50228600.0,2222000.0,,3810700.0,25474800.0,3405200000.0,0.0,0.0
2017-11-14,37245000.0,10112000.0,19718000.0,908100.0,1634300.0,578500.0,1774300.0,,0.0,21012000.0,13870600.0,1629200.0,,19682200.0,4078200.0,17200700.0,2180900.0,9585900.0,11864000.0,18801300.0,529292000.0,4998900.0,5035500.0,,25173800.0,,,61315200.0,2799400.0,,7720500.0,29502300.0,3643580000.0,0.0,0.0
2017-11-15,33524700.0,9854400.0,29032000.0,802000.0,2174500.0,720700.0,2439900.0,,0.0,18106000.0,25382000.0,1933100.0,,23925200.0,4811500.0,12419100.0,2019300.0,10253700.0,13502000.0,19383100.0,501948000.0,3861500.0,6688100.0,,24808000.0,,,80811500.0,3417300.0,,5911600.0,25300200.0,3586590000.0,0.0,0.0
2017-11-16,31800400.0,13598400.0,31000000.0,934200.0,1979300.0,791100.0,2342700.0,,0.0,23768000.0,30075200.0,1749200.0,,25889000.0,4193800.0,12506400.0,2293400.0,15607600.0,10918800.0,20962800.0,441768000.0,3058100.0,7205100.0,,34790600.0,,,67777000.0,3304500.0,,6226300.0,114367200.0,3329730000.0,0.0,0.0
2017-11-17,56775600.0,9300800.0,24069000.0,1136100.0,1276600.0,881900.0,2100600.0,,0.0,26712000.0,15942100.0,941200.0,,25816700.0,4247400.0,19720700.0,2221400.0,13018000.0,7206800.0,22079000.0,515664000.0,2646400.0,5941800.0,,28725800.0,,,75756800.0,3702000.0,,6946200.0,70726500.0,3309800000.0,0.0,0.0
2017-11-20,35960200.0,11536000.0,28639000.0,1105500.0,1403900.0,1139100.0,1955000.0,,0.0,17526000.0,8930300.0,1153400.0,,22793000.0,4266300.0,19160900.0,2442300.0,10052400.0,9804800.0,16315000.0,396100000.0,3594300.0,4926200.0,,21143900.0,,,48075500.0,4455300.0,,3103300.0,49182900.0,3023940000.0,0.0,0.0
2017-11-21,31881700.0,15275200.0,20903000.0,1148000.0,2542700.0,762600.0,2360200.0,,0.0,22206000.0,10102400.0,835600.0,,29392300.0,5660600.0,10280800.0,2653100.0,14504000.0,10200400.0,21237500.0,399176000.0,3179300.0,6196400.0,,20147800.0,,,69176800.0,3668500.0,,4769900.0,38239500.0,3351230000.0,0.0,0.0
2017-11-22,23816500.0,9876800.0,18642000.0,664900.0,1826700.0,422000.0,1950100.0,,0.0,14538000.0,9473800.0,1657900.0,,14136600.0,3917000.0,8434400.0,2719200.0,10376300.0,4600000.0,20553100.0,356640000.0,3598500.0,6006900.0,,17299000.0,,,45033400.0,2768600.0,,3314800.0,26754600.0,2764110000.0,0.0,0.0
2017-11-24,11035800.0,4769600.0,11572000.0,249200.0,1355500.0,117800.0,789400.0,,0.0,16492000.0,3126500.0,614400.0,,6816300.0,2606800.0,2996300.0,963200.0,9426300.0,2294400.0,7425600.0,180752000.0,1183000.0,2196700.0,,8280600.0,,,27856500.0,1499700.0,,1959900.0,13488300.0,1385890000.0,0.0,0.0
2017-11-27,41798300.0,8681600.0,26230000.0,469000.0,3726300.0,558100.0,2346700.0,,0.0,35430000.0,10645400.0,1927500.0,,18416900.0,3933100.0,5649200.0,2082400.0,12344500.0,5053600.0,18265200.0,422896000.0,2818900.0,6199700.0,,22653400.0,,,52274900.0,8188400.0,,5567000.0,26714700.0,3017720000.0,0.0,0.0
2017-11-28,65325700.0,8638400.0,26796000.0,520700.0,3597400.0,888900.0,2728400.0,,0.0,36424000.0,10403700.0,1388000.0,,35898300.0,5052800.0,8432800.0,2909900.0,14379700.0,11460400.0,21926000.0,512752000.0,3600400.0,4841300.0,,25227300.0,,,98971700.0,4864800.0,,5034400.0,26128800.0,3493340000.0,0.0,0.0
2017-11-29,63333800.0,19377600.0,47231000.0,519800.0,1893800.0,1095200.0,4683000.0,,0.0,55866000.0,11806200.0,3193600.0,,38234200.0,5851400.0,16502100.0,4590300.0,41933500.0,5844000.0,27381100.0,1396788000.0,3276300.0,5158900.0,,71986300.0,,,77512100.0,11796100.0,,6259500.0,34272000.0,4090630000.0,0.0,0.0
2017-11-30,43205000.0,13414400.0,31452000.0,511700.0,1883900.0,797300.0,7716600.0,,0.0,45092000.0,17981500.0,3306400.0,,32230700.0,8941900.0,17147600.0,6023700.0,25307600.0,10864000.0,33054600.0,823768000.0,5984000.0,9789900.0,,56595500.0,,,127894400.0,9357100.0,,18083700.0,38564100.0,4965700000.0,0.0,0.0
2017-12-01,42128800.0,18217600.0,47729000.0,735000.0,1660300.0,1085100.0,4034400.0,,0.0,37762000.0,15485800.0,4341500.0,,62734800.0,5990500.0,12468800.0,4279200.0,20182500.0,8768800.0,29532100.0,811548000.0,4956600.0,7953200.0,,59015800.0,,,164390900.0,7192200.0,,6515400.0,24888600.0,3950930000.0,0.0,0.0
2017-12-04,97328300.0,41387200.0,48439000.0,782800.0,10866700.0,760400.0,5774200.0,,0.0,38778000.0,14801700.0,2356200.0,,36366800.0,5916700.0,17523600.0,3943100.0,24459400.0,8926000.0,39094900.0,1240844000.0,4403000.0,9003700.0,,51319100.0,,,94040600.0,7109000.0,,6615100.0,26869500.0,4025840000.0,0.0,0.0
2017-12-05,67304100.0,20353600.0,38117000.0,632700.0,3509300.0,466400.0,3182800.0,,0.0,38998000.0,9347600.0,1586000.0,,29667200.0,6745300.0,13670800.0,3228700.0,20184900.0,7942000.0,26152300.0,981488000.0,3198600.0,8683000.0,,40604200.0,,,77994500.0,4504000.0,,5591800.0,27030300.0,3547570000.0,0.0,0.0
2017-12-06,38952200.0,10105600.0,48751000.0,528400.0,1944000.0,559600.0,3569200.0,,0.0,28710000.0,10081700.0,1459000.0,,21273800.0,5591700.0,8154000.0,2618700.0,20255800.0,8325200.0,26162100.0,467032000.0,3203500.0,6737400.0,,28647800.0,,,75898600.0,8622000.0,,5073200.0,21423000.0,3253080000.0,0.0,0.0
2017-12-07,32665600.0,14427200.0,79282000.0,538400.0,1447400.0,357600.0,2240800.0,,0.0,30866000.0,8955900.0,1953400.0,,29675200.0,4713100.0,9106500.0,2284800.0,20404500.0,9424800.0,23184500.0,542600000.0,5409500.0,7273600.0,,32666200.0,,,77218600.0,11285400.0,,4589200.0,22507800.0,3297060000.0,0.0,0.0
2017-12-08,34897000.0,12408000.0,41848000.0,498700.0,1462000.0,715100.0,1772500.0,,0.0,31170000.0,9100400.0,2519500.0,,20832400.0,5101300.0,13238600.0,2241100.0,19883800.0,7178400.0,24489100.0,466876000.0,3127500.0,5883400.0,,28081700.0,,,76563900.0,5071600.0,,2862700.0,17463300.0,3126750000.0,0.0,0.0
2017-12-11,29956400.0,9228800.0,34941000.0,518500.0,1892500.0,421600.0,1964100.0,,0.0,23254000.0,11847900.0,702200.0,,26654100.0,4358600.0,9698700.0,2340800.0,13168600.0,6388000.0,22857900.0,372748000.0,2429400.0,4856000.0,,20821500.0,,,83077500.0,5272500.0,,5689700.0,26786700.0,3141480000.0,0.0,0.0
2017-12-12,36211000.0,11300800.0,28541000.0,494400.0,1706800.0,473700.0,3365700.0,,0.0,33882000.0,8846700.0,2557500.0,,25854800.0,8016700.0,13999300.0,2805900.0,16854100.0,6272800.0,23924100.0,455016000.0,2664600.0,6558900.0,,20310300.0,,,85195800.0,5488100.0,,4216200.0,23431800.0,3568910000.0,0.0,0.0
2017-12-13,41494800.0,12659200.0,26943000.0,906600.0,1058500.0,553600.0,3062900.0,,0.0,27680000.0,7495000.0,1477800.0,,30082600.0,6118400.0,12418700.0,2554000.0,14615700.0,6702800.0,22062700.0,554280000.0,3193900.0,7141000.0,,24418500.0,,,102905400.0,4227100.0,,6053500.0,23638200.0,3568360000.0,0.0,0.0
2017-12-14,29006800.0,12523200.0,37595000.0,444200.0,1321300.0,705400.0,3743200.0,,0.0,30962000.0,19337000.0,982100.0,,32882600.0,5337900.0,9029000.0,2666900.0,13591000.0,6898000.0,19306000.0,438164000.0,4057800.0,5853500.0,,24594700.0,,,100666700.0,4737600.0,,4332500.0,28157400.0,3442760000.0,0.0,0.0
2017-12-15,45462300.0,17025600.0,45091000.0,1353100.0,1859400.0,538200.0,8452900.0,,0.0,63760000.0,14223900.0,1845200.0,,42851600.0,12517000.0,21181600.0,7435200.0,28463100.0,16464800.0,53936700.0,670036000.0,7173500.0,15924000.0,,49816200.0,,,144610300.0,7156400.0,,5321600.0,48428400.0,5736910000.0,0.0,0.0
2017-12-18,63797700.0,10587200.0,29786000.0,664900.0,1787200.0,535900.0,3492300.0,,0.0,30292000.0,11735200.0,1610300.0,,22714300.0,5833200.0,10156800.0,2426300.0,17265400.0,5522400.0,22283800.0,477704000.0,3472700.0,7405700.0,,26844500.0,,,83653600.0,5746900.0,,3594900.0,23893200.0,3727770000.0,0.0,0.0
2017-12-19,43852900.0,13286400.0,19094000.0,546100.0,1241500.0,1031700.0,3959900.0,,0.0,26350000.0,10985000.0,4535100.0,,24313600.0,6580100.0,8253200.0,3122500.0,14920600.0,5069200.0,23524800.0,373100000.0,3942500.0,5644400.0,,31415000.0,,,82382900.0,4454900.0,,4859500.0,36036600.0,3407680000.0,0.0,0.0
2017-12-20,31420300.0,9220800.0,19845000.0,461400.0,2602100.0,548500.0,3894400.0,,0.0,28728000.0,11857400.0,3027000.0,,19042800.0,6289800.0,7311000.0,2749400.0,11860500.0,5342800.0,23674900.0,288820000.0,4273400.0,6938500.0,,38972600.0,,,76751500.0,6330100.0,,4206600.0,32189400.0,3246230000.0,0.0,0.0
2017-12-21,21884300.0,9723200.0,17758000.0,676700.0,1806300.0,666200.0,1908100.0,,0.0,25640000.0,11195700.0,2098800.0,,16772600.0,6284700.0,9657100.0,2343300.0,11600700.0,6754800.0,17990700.0,300904000.0,2790000.0,4860400.0,,18638700.0,,,67032300.0,3563100.0,,6193900.0,22107300.0,3293130000.0,0.0,0.0
2017-12-22,50744500.0,10435200.0,14617000.0,271500.0,4167000.0,331100.0,1078300.0,,0.0,17788000.0,11136900.0,696900.0,,13599400.0,4665600.0,5406300.0,3234100.0,8509500.0,4921600.0,14145800.0,466276000.0,2045600.0,4919400.0,,23330400.0,,,78720900.0,2523600.0,,4314700.0,16436100.0,2401030000.0,0.0,0.0
2017-12-26,20437900.0,6840000.0,22256000.0,212700.0,1617600.0,399200.0,1120000.0,,0.0,18376000.0,5798900.0,2584800.0,,11949600.0,3271100.0,6100400.0,1280200.0,8897300.0,3244800.0,9891200.0,355080000.0,2156300.0,3431900.0,,21918700.0,,,45244400.0,2861500.0,,3764100.0,12887700.0,1970660000.0,0.0,0.0
2017-12-27,22921800.0,6248000.0,35615000.0,196700.0,2517800.0,521600.0,1175200.0,,0.0,22324000.0,5625500.0,2291500.0,,15949900.0,3753600.0,5660600.0,1596800.0,9496100.0,6223200.0,14678000.0,329488000.0,2465100.0,4276700.0,,22388200.0,,,57751000.0,3092900.0,,3263000.0,15422400.0,2202900000.0,0.0,0.0
2017-12-28,18609400.0,6662400.0,13641000.0,271500.0,2437400.0,486200.0,1017000.0,,0.0,19884000.0,6116500.0,1540500.0,,10167300.0,2485000.0,6538900.0,1800100.0,12220800.0,5765200.0,10594300.0,240248000.0,1999300.0,3005400.0,,25393800.0,,,45116100.0,4279500.0,,3391900.0,29291700.0,2174890000.0,0.0,0.0
2017-12-29,26678900.0,6651200.0,17980000.0,380300.0,1328900.0,527400.0,2028000.0,,0.0,23606000.0,5116800.0,1849600.0,,21006500.0,4452900.0,8371500.0,2201800.0,10261500.0,6435200.0,18717400.0,279964000.0,3116400.0,4346700.0,,33186000.0,,,96007400.0,3870900.0,,4558300.0,21432900.0,2447760000.0,0.0,0.0
2018-01-02,44146300.0,13955200.0,33135000.0,487800.0,2599100.0,580400.0,2509300.0,,0.0,31766000.0,7223500.0,3902000.0,,20489600.0,6842100.0,10872200.0,3696900.0,18151900.0,10100000.0,22483800.0,355616000.0,4165800.0,7558900.0,,32573300.0,,,86655700.0,4984000.0,,3790700.0,30451500.0,3397430000.0,0.0,0.0
2018-01-03,154066700.0,8937600.0,31161000.0,603300.0,2688700.0,361700.0,3364400.0,,0.0,31318000.0,20557100.0,2135900.0,,21836600.0,5350500.0,12635600.0,3789600.0,16886600.0,11150800.0,26061400.0,914704000.0,4224000.0,5863600.0,,29383600.0,,,90070400.0,6963200.0,,4049700.0,26710800.0,3544030000.0,0.0,0.0
2018-01-04,109503000.0,13392000.0,19067000.0,358200.0,1419700.0,347100.0,3525800.0,,0.0,26052000.0,13610900.0,2430000.0,,14207100.0,4837600.0,12709400.0,2756400.0,13880900.0,7558000.0,21912000.0,583268000.0,3147000.0,6322500.0,,24776100.0,,,80636400.0,4876600.0,,4480500.0,20491200.0,3697340000.0,0.0,0.0
2018-01-05,63808900.0,8086400.0,28633000.0,369200.0,1127900.0,607100.0,2819000.0,,0.0,30250000.0,9851600.0,2163600.0,,19883900.0,6158800.0,13113100.0,3737700.0,13574500.0,7018800.0,23407100.0,580124000.0,2714200.0,5949700.0,,26992300.0,,,83524000.0,5330800.0,,2765500.0,21852000.0,3239280000.0,0.0,0.0
2018-01-08,63346000.0,22315200.0,20971000.0,526000.0,1972600.0,600700.0,1961800.0,,0.0,24644000.0,9804000.0,2450600.0,,18457300.0,5129800.0,7068600.0,2060800.0,17994700.0,5916800.0,22113000.0,881216000.0,5730400.0,4860700.0,,23159100.0,,,57319200.0,3538200.0,,3789300.0,26531700.0,3246160000.0,0.0,0.0
2018-01-09,62560900.0,11308800.0,26027000.0,347500.0,3492200.0,711000.0,2241900.0,,0.0,26808000.0,13550400.0,5924200.0,,16571300.0,8897000.0,9962400.0,2674300.0,12393100.0,13893200.0,19484300.0,497000000.0,4573600.0,6630100.0,,24782400.0,,,57254000.0,5729900.0,,4521200.0,21938100.0,3467460000.0,0.0,0.0
2018-01-10,52561200.0,10113600.0,31607000.0,411900.0,4254800.0,888400.0,2609500.0,,0.0,20734000.0,33182000.0,2142500.0,,18516800.0,6558600.0,10700700.0,2172500.0,10529900.0,10854400.0,18652200.0,582664000.0,3363900.0,6564700.0,,34004000.0,,,69574300.0,7102700.0,,2610800.0,23791200.0,3579900000.0,0.0,0.0
2018-01-11,38354900.0,17352000.0,17726000.0,602700.0,2216300.0,552100.0,4678600.0,,0.0,22424000.0,12911500.0,1798700.0,,26522400.0,4962200.0,7583200.0,3078000.0,9588600.0,7896000.0,17808900.0,406032000.0,3685200.0,5469700.0,,20473500.0,,,62361500.0,5701800.0,,3591900.0,19613100.0,3645690000.0,0.0,0.0
2018-01-12,47149300.0,13185600.0,19881000.0,572800.0,2878100.0,496700.0,3499500.0,,0.0,38586000.0,12088500.0,1430700.0,,24089800.0,5450600.0,14570100.0,2901600.0,77551300.0,7370800.0,24271500.0,359916000.0,4335500.0,8111000.0,,37762700.0,,,90816100.0,5028000.0,,2015200.0,20853600.0,3587220000.0,0.0,0.0
2018-01-16,42686600.0,14476800.0,33528000.0,446600.0,2469400.0,617000.0,2006600.0,,0.0,36462000.0,18474100.0,5927500.0,,27704700.0,8804000.0,16459300.0,3662600.0,36183800.0,11428000.0,36599700.0,702348000.0,4936500.0,9465300.0,,41231800.0,,,106555100.0,9081600.0,,3053200.0,21512100.0,4362880000.0,0.0,0.0
2018-01-17,39020800.0,14707200.0,37365000.0,460500.0,3291700.0,676100.0,2585200.0,,0.0,27830000.0,16340400.0,2186100.0,,18571600.0,10619700.0,12143100.0,4129600.0,27992400.0,15624400.0,25621200.0,538408000.0,4554600.0,8345500.0,,33849900.0,,,113258800.0,7117700.0,,4217000.0,26045700.0,3790340000.0,0.0,0.0
2018-01-18,62086200.0,10280000.0,30319000.0,479300.0,1514800.0,664100.0,1908000.0,,0.0,27498000.0,16134900.0,3326100.0,,17903600.0,5554800.0,11952900.0,2154800.0,23304900.0,7050000.0,24159700.0,408632000.0,6221800.0,7699800.0,,26432200.0,,,100728000.0,11866200.0,,8061900.0,36923700.0,3703300000.0,0.0,0.0
2018-01-19,46800700.0,10907200.0,29963000.0,331300.0,2173100.0,1895900.0,2353800.0,,0.0,30552000.0,14401800.0,2921600.0,,31040900.0,8738800.0,16187400.0,3746300.0,26826500.0,10006400.0,36875000.0,609380000.0,6002600.0,9364000.0,,38937600.0,,,140920100.0,6543700.0,,7149300.0,25135800.0,3724230000.0,0.0,0.0
2018-01-22,34758600.0,11961600.0,27230000.0,505900.0,3212500.0,2874100.0,3009100.0,,0.0,29550000.0,16674700.0,8047400.0,,12702400.0,7010400.0,9577400.0,3217900.0,21059500.0,7296000.0,23601600.0,550944000.0,4308600.0,8658000.0,,26081400.0,,,91322400.0,8335800.0,,4690700.0,21924900.0,3489480000.0,0.0,0.0
2018-01-23,46417200.0,15075200.0,35398000.0,169300.0,2490500.0,2142200.0,2316400.0,,0.0,39138000.0,11600300.0,1780100.0,,16904600.0,17473600.0,11463700.0,3197600.0,25678800.0,9998000.0,23412800.0,475228000.0,3536900.0,18756300.0,,37989700.0,,,97084700.0,5659600.0,,4096300.0,24863400.0,3541140000.0,0.0,0.0
2018-01-24,41956400.0,11393600.0,45405000.0,415900.0,1351400.0,1604100.0,2799200.0,,0.0,37128000.0,10746300.0,1952200.0,,20340900.0,13034400.0,15964500.0,2810800.0,24334500.0,8555600.0,33277500.0,579972000.0,3445200.0,15141900.0,,54287400.0,,,134816100.0,7400600.0,,5249700.0,20469300.0,4079270000.0,0.0,0.0
2018-01-25,42966600.0,8436800.0,59520000.0,336200.0,1074500.0,3480800.0,3558700.0,,0.0,29984000.0,11039300.0,3342000.0,,20290900.0,7938800.0,11755000.0,2815800.0,17377700.0,10690000.0,26383200.0,409884000.0,2712900.0,11264400.0,,28925000.0,,,84587300.0,7655700.0,,3372600.0,17571300.0,3873100000.0,0.0,0.0
2018-01-26,44239000.0,7940800.0,49014000.0,366200.0,2275700.0,1581000.0,2756200.0,,0.0,42170000.0,7164100.0,3324500.0,,16120300.0,8065600.0,16671200.0,3957700.0,17759200.0,7033600.0,29172200.0,516356000.0,3993900.0,11503100.0,,32038200.0,,,107743100.0,7057300.0,,2234800.0,20358900.0,3474680000.0,0.0,0.0
2018-01-29,66645400.0,11758400.0,50401000.0,567000.0,2188000.0,1202700.0,2031100.0,,0.0,31494000.0,19590800.0,2328200.0,,18293300.0,8013400.0,11662600.0,6091900.0,20453200.0,12367200.0,31569900.0,455116000.0,3854700.0,11685800.0,,37277800.0,,,90118300.0,11604400.0,,2450900.0,25065600.0,3587420000.0,0.0,0.0
2018-01-30,91236400.0,21755200.0,46002000.0,1130500.0,2375300.0,1302400.0,2285000.0,,0.0,37338000.0,18469300.0,2346900.0,,24533800.0,8376100.0,12404800.0,9613000.0,20858600.0,9716000.0,38635100.0,570832000.0,4945200.0,9662900.0,,44987700.0,,,131796400.0,10224600.0,,3917400.0,27541500.0,4012070000.0,0.0,0.0
2018-01-31,140977800.0,14969600.0,80482000.0,585600.0,1834900.0,1519700.0,2682300.0,,0.0,36022000.0,12692800.0,2966400.0,,27468900.0,13137400.0,10960100.0,7004200.0,43275100.0,10018400.0,48756300.0,478576000.0,4018100.0,11798100.0,,42449200.0,,,108364800.0,6333300.0,,2919600.0,29438400.0,4276270000.0,0.0,0.0
2018-02-01,67543300.0,13350400.0,66851000.0,751300.0,2028200.0,1152300.0,2096600.0,,0.0,73514000.0,17920000.0,8958300.0,,21413000.0,9393600.0,10279400.0,4751300.0,54211300.0,7640400.0,47227900.0,519224000.0,3485600.0,8606300.0,,38037900.0,,,90102500.0,6706500.0,,4312700.0,19160400.0,3977380000.0,0.0,0.0
2018-02-02,79432600.0,12169600.0,58352000.0,527300.0,3093800.0,1131100.0,2386600.0,,0.0,117842000.0,24787000.0,5753500.0,,33314100.0,9262500.0,12912300.0,4604500.0,26677500.0,12473200.0,47867800.0,718464000.0,3348900.0,12846300.0,,68478100.0,,,173174800.0,12051800.0,,3360600.0,27759300.0,4340220000.0,0.0,0.0
2018-02-05,116568900.0,19465600.0,70776000.0,669700.0,2740400.0,1759900.0,3407200.0,,0.0,83550000.0,28071300.0,6902000.0,,52622200.0,19954100.0,23261500.0,7309300.0,33128200.0,13356800.0,51031500.0,1165204000.0,5347600.0,17462200.0,,105372200.0,,,294681800.0,11748300.0,,3691400.0,37684800.0,5310840000.0,0.0,0.0
2018-02-06,87123200.0,16067200.0,77744000.0,899300.0,2559600.0,1156400.0,4067900.0,,0.0,76630000.0,33924300.0,5382900.0,,69232400.0,19193500.0,25184300.0,7020000.0,37758500.0,13794400.0,67998600.0,1114800000.0,6642600.0,19955500.0,,118537900.0,,,355026800.0,13414100.0,,5663500.0,49241400.0,5917350000.0,0.0,0.0
2018-02-07,55758400.0,18504000.0,40475000.0,499600.0,2425800.0,980200.0,2594800.0,,0.0,51942000.0,24298100.0,4773700.0,,37101000.0,10550400.0,18041600.0,4974000.0,27601900.0,11724400.0,41107600.0,802932000.0,4931400.0,11851800.0,,91028300.0,,,167376100.0,15239500.0,,5851800.0,33495600.0,4646300000.0,0.0,0.0
2018-02-08,56471800.0,18446400.0,43200000.0,685500.0,3853300.0,1104200.0,3013200.0,,0.0,66792000.0,25419300.0,5685300.0,,44704500.0,11680200.0,23295300.0,5656000.0,38478300.0,11820400.0,55628700.0,1144000000.0,4907900.0,14596100.0,,94184800.0,,,246449500.0,11356000.0,,4777900.0,41925300.0,5333840000.0,0.0,0.0
2018-02-09,85458200.0,18396800.0,43282000.0,796500.0,5079200.0,1270100.0,2777200.0,,0.0,98360000.0,47230300.0,4376900.0,,53315300.0,15030900.0,22853100.0,7187100.0,39887600.0,10719200.0,63499100.0,1674604000.0,5301700.0,18838800.0,,113836600.0,,,283565300.0,10588400.0,,5662600.0,42553800.0,5690110000.0,0.0,0.0
2018-02-12,63160900.0,20326400.0,35063000.0,920800.0,3213900.0,973400.0,1596200.0,,0.0,56240000.0,23448100.0,2836300.0,,36213900.0,9963900.0,14689000.0,5255900.0,32092100.0,8206000.0,35720300.0,1093172000.0,4759200.0,10769000.0,,63050600.0,,,143736000.0,6573300.0,,4424100.0,27405300.0,4069220000.0,0.0,0.0
2018-02-13,33661400.0,16272000.0,23719000.0,869600.0,3072100.0,790900.0,2123900.0,,0.0,31586000.0,14679900.0,2698100.0,,25021200.0,6339000.0,13163200.0,5406000.0,21809400.0,8073200.0,26407700.0,625524000.0,5274700.0,9278700.0,,31785600.0,,,81223600.0,5831900.0,,2400000.0,19868400.0,3503540000.0,0.0,0.0
2018-02-14,51756800.0,23550400.0,25491000.0,605900.0,2617100.0,958300.0,2191000.0,,0.0,41304000.0,19332400.0,4141900.0,,36286900.0,6259700.0,13457900.0,5865600.0,28929700.0,6934800.0,34960900.0,744988000.0,7702700.0,9412000.0,,52107400.0,,,120735700.0,6860100.0,,1754700.0,21922800.0,4011940000.0,0.0,0.0
2018-02-15,59593800.0,46332800.0,25540000.0,687600.0,2846500.0,849000.0,2072900.0,,0.0,37396000.0,21931600.0,3057300.0,,23773600.0,5606400.0,13467300.0,5012100.0,20922100.0,6846000.0,27823900.0,698900000.0,5125200.0,8910700.0,,51633900.0,,,111200300.0,6116500.0,,1950900.0,22484700.0,3696140000.0,0.0,0.0
2018-02-16,47332300.0,141675200.0,32639000.0,744000.0,1999700.0,714500.0,1969300.0,,0.0,39948000.0,29195600.0,2277800.0,,27973900.0,7970100.0,17202300.0,7165800.0,20645300.0,6269200.0,30596900.0,637656000.0,5578500.0,10371700.0,,62256300.0,,,160420100.0,4792100.0,,1548300.0,48192900.0,3646920000.0,0.0,0.0
2018-02-20,47096500.0,36081600.0,41693000.0,622700.0,1076100.0,539600.0,2202100.0,,0.0,33754000.0,22740600.0,2138300.0,,24046200.0,6563500.0,14137300.0,5211100.0,21204900.0,7331200.0,30911700.0,686240000.0,3835500.0,7087700.0,,36785600.0,,,86369700.0,9291700.0,,2945600.0,156265500.0,3646920000.0,0.0,0.0
2018-02-21,40195800.0,47864000.0,28156000.0,458700.0,1316300.0,444800.0,1747200.0,,0.0,41486000.0,15656700.0,2253900.0,,26735500.0,6578000.0,12792900.0,7833400.0,23200800.0,8958000.0,26922500.0,892292000.0,4501900.0,9134500.0,,41161800.0,,,98883700.0,6612600.0,,2487200.0,148511100.0,3789040000.0,0.0,0.0
2018-02-22,37886300.0,25600000.0,19342000.0,379600.0,1224800.0,615300.0,1360100.0,,0.0,28010000.0,14626900.0,4411800.0,,16340000.0,5732200.0,12377800.0,4398200.0,18464200.0,8829600.0,24392800.0,534364000.0,5394700.0,10277700.0,,37074400.0,,,110511300.0,7984000.0,,3585500.0,61095000.0,3720620000.0,0.0,0.0
2018-02-23,33317600.0,20835200.0,18280000.0,316600.0,929900.0,730800.0,1561700.0,,0.0,25292000.0,15919500.0,4484700.0,,18065200.0,5126800.0,8277200.0,4272400.0,19007300.0,7790400.0,26329200.0,415300000.0,4760400.0,10321800.0,,50096900.0,,,92766400.0,7204900.0,,4884700.0,38374500.0,3200360000.0,0.0,0.0
2018-02-26,42265200.0,27041600.0,28878000.0,618700.0,897500.0,432700.0,1852400.0,,0.0,30912000.0,10996300.0,2725600.0,,15267700.0,6684400.0,12713300.0,4525200.0,17599700.0,6856400.0,30199800.0,469312000.0,5355400.0,9422200.0,,39266700.0,,,86491400.0,3897600.0,,3358000.0,44097900.0,3436590000.0,0.0,0.0
2018-02-27,55975300.0,22606400.0,21176000.0,855900.0,1316600.0,543300.0,2170400.0,,0.0,42964000.0,13840900.0,3308900.0,,18125500.0,7158600.0,12774400.0,4907500.0,15849800.0,11220000.0,25869100.0,455436000.0,6385800.0,8919600.0,,42209900.0,,,99099200.0,5999100.0,,4245500.0,40128300.0,3752070000.0,0.0,0.0
2018-02-28,43387500.0,34257600.0,28834000.0,7916500.0,1391200.0,420500.0,2179800.0,,0.0,49292000.0,8751000.0,2521400.0,,29951800.0,7985900.0,11929400.0,6116800.0,18783000.0,17434000.0,31167300.0,523116000.0,4638900.0,16862000.0,,42936300.0,,,121907800.0,6400100.0,,3852500.0,42431100.0,4244570000.0,0.0,0.0
2018-03-01,63207400.0,25833600.0,26044000.0,6184400.0,1244000.0,487100.0,2447700.0,,0.0,55338000.0,24974200.0,5352600.0,,38943200.0,9424000.0,17746800.0,5609000.0,23201600.0,58757600.0,37135600.0,1040120000.0,6896300.0,13504200.0,,76809900.0,,,176855100.0,7792400.0,,3240000.0,56728800.0,4514490000.0,0.0,0.0
2018-03-02,58123500.0,22643200.0,27402000.0,3286600.0,940100.0,473200.0,2275900.0,,0.0,50162000.0,18767600.0,2140800.0,,31842300.0,6910400.0,14050100.0,11754300.0,20025900.0,26552800.0,32830400.0,913428000.0,4903600.0,9317700.0,,57445100.0,,,139083200.0,4819600.0,,2934000.0,57130200.0,3891250000.0,0.0,0.0
2018-03-05,43734800.0,32868800.0,25900000.0,2106000.0,856800.0,434200.0,2155800.0,,0.0,28648000.0,9000200.0,2059300.0,,19603700.0,5799800.0,11992700.0,6397800.0,16189300.0,25797600.0,23901600.0,620776000.0,3781700.0,8177000.0,,38540200.0,,,97307400.0,5977200.0,,4934500.0,40149600.0,3733640000.0,0.0,0.0
2018-03-06,46751200.0,29001600.0,30030000.0,1541800.0,1443900.0,450800.0,2458700.0,,0.0,23382000.0,14462900.0,2331300.0,,17304000.0,5546500.0,10010500.0,5015400.0,15086800.0,15248000.0,22175800.0,636808000.0,3380800.0,9085300.0,,29480900.0,,,79213200.0,8632000.0,,8881700.0,33164100.0,3389030000.0,0.0,0.0
2018-03-07,127603200.0,19875200.0,31549000.0,1274300.0,1935100.0,416500.0,5157100.0,,0.0,30748000.0,8195200.0,1258100.0,,22684600.0,6391700.0,10881700.0,4492000.0,19097300.0,12191200.0,26716100.0,581208000.0,4612600.0,9089500.0,,34609400.0,,,87063500.0,4482900.0,,4276900.0,34359000.0,3406690000.0,0.0,0.0
2018-03-08,76011200.0,17769600.0,33554000.0,748300.0,1206300.0,337300.0,6061500.0,,0.0,33862000.0,10201800.0,1636700.0,,23391300.0,6423400.0,12361100.0,4291400.0,17225900.0,11752000.0,25887800.0,411912000.0,5437700.0,7951700.0,,25828400.0,,,66901200.0,7092400.0,,5226200.0,28766100.0,3206040000.0,0.0,0.0
2018-03-09,89674400.0,14760000.0,30782000.0,1196000.0,1249800.0,436300.0,3288100.0,,0.0,42662000.0,8942600.0,1604500.0,,24927200.0,7557800.0,9778600.0,5076500.0,18526300.0,15724000.0,36937300.0,505524000.0,3680600.0,7662200.0,,38310500.0,,,113625300.0,8336200.0,,4891300.0,29263200.0,3376870000.0,0.0,0.0
2018-03-12,83748700.0,19315200.0,53881000.0,1089400.0,1294000.0,432300.0,2394100.0,,0.0,44306000.0,10126500.0,1885700.0,,15310100.0,4942000.0,11857700.0,4461500.0,15301200.0,16327600.0,26073700.0,605060000.0,4509600.0,7182000.0,,37635000.0,,,71924800.0,5176100.0,,5421700.0,25422000.0,3216960000.0,0.0,0.0
2018-03-13,174302600.0,19187200.0,66855000.0,685000.0,1243800.0,1220700.0,1964300.0,,0.0,43140000.0,19020400.0,1742100.0,,17757200.0,9152300.0,11342100.0,4333100.0,18067500.0,13343200.0,35387800.0,619772000.0,4590000.0,9620200.0,,55638900.0,,,91968900.0,5842300.0,,8115400.0,21519000.0,3324290000.0,0.0,0.0
2018-03-14,80540800.0,22254400.0,39619000.0,701300.0,1456900.0,884300.0,2866000.0,,0.0,41870000.0,10802500.0,2598900.0,,18097500.0,6770600.0,15321200.0,3879000.0,16821700.0,13993200.0,32132000.0,505496000.0,4055700.0,8898100.0,,40536400.0,,,105895100.0,4300500.0,,5061000.0,33121800.0,3394630000.0,0.0,0.0
2018-03-15,66373900.0,14211200.0,57990000.0,867700.0,1072100.0,708800.0,1811300.0,,0.0,33382000.0,8647900.0,2758000.0,,14172100.0,6147200.0,12456700.0,5925700.0,15614300.0,9195200.0,27611000.0,401952000.0,3906800.0,6996900.0,,28810400.0,,,83433000.0,3942200.0,,5541200.0,49845600.0,3543710000.0,0.0,0.0
2018-03-16,37591000.0,12259200.0,113955000.0,2018200.0,1176800.0,533500.0,3569400.0,,0.0,58656000.0,11006000.0,3595300.0,,36000300.0,14233500.0,26603300.0,14293800.0,24403400.0,15721600.0,49081300.0,399456000.0,7730800.0,17715400.0,,31176700.0,,,100343700.0,8125600.0,,4212200.0,85188000.0,5429140000.0,0.0,0.0
2018-03-19,53308600.0,30291200.0,71267000.0,832800.0,1434600.0,408100.0,2493200.0,,0.0,63656000.0,14298800.0,2825000.0,,25663000.0,6017000.0,12380300.0,4307600.0,88140100.0,21753600.0,33344100.0,713772000.0,4216700.0,8368200.0,,71395100.0,,,109208400.0,5116500.0,,4342900.0,36160200.0,3327460000.0,0.0,0.0
2018-03-20,65116900.0,18379200.0,61918000.0,832900.0,2527800.0,624100.0,1852500.0,,0.0,54598000.0,14317800.0,2600600.0,,11418500.0,6214300.0,13559800.0,3105100.0,129851800.0,10272800.0,23075200.0,554696000.0,3319000.0,8465500.0,,34075700.0,,,59757300.0,6404200.0,,3759900.0,24774000.0,3272590000.0,0.0,0.0
2018-03-21,44691700.0,9849600.0,54912000.0,716900.0,1377700.0,538000.0,2048300.0,,0.0,44898000.0,8643700.0,3365600.0,,22213500.0,5158700.0,13054000.0,3871900.0,106598800.0,12287600.0,24457100.0,438688000.0,3867600.0,9822800.0,,43863500.0,,,78709600.0,7036400.0,,4039700.0,35508000.0,3434780000.0,0.0,0.0
2018-03-22,59944200.0,14956800.0,43078000.0,890900.0,1284800.0,622900.0,2489800.0,,0.0,69312000.0,15972300.0,5026500.0,,29774800.0,7560100.0,12274100.0,3669400.0,73743000.0,13979200.0,38604700.0,551196000.0,4325500.0,10481600.0,,66607300.0,,,148785900.0,6318500.0,,6223200.0,36744600.0,3765460000.0,0.0,0.0
2018-03-23,54844500.0,19616000.0,59070000.0,769000.0,2165600.0,519300.0,2351800.0,,0.0,49880000.0,21847400.0,2519000.0,,35744100.0,8452500.0,13475200.0,3447400.0,53609700.0,12754800.0,44068900.0,735620000.0,4873300.0,11728300.0,,80110400.0,,,183534800.0,5923500.0,,4377800.0,30375300.0,3829380000.0,0.0,0.0
2018-03-26,75878500.0,16686400.0,48713000.0,431400.0,3302600.0,618900.0,2036600.0,,0.0,65984000.0,12454200.0,4184900.0,,28442400.0,8358200.0,11276100.0,3477000.0,126116600.0,10073600.0,56396800.0,611424000.0,4119400.0,12937000.0,,57481500.0,,,141956100.0,5395200.0,,4057000.0,27599400.0,3538080000.0,0.0,0.0
2018-03-27,68551300.0,22411200.0,63917000.0,542200.0,1516800.0,618500.0,2495300.0,,0.0,60816000.0,12661500.0,3495900.0,,32820600.0,7789900.0,11627000.0,3519100.0,79117000.0,7349600.0,56569000.0,1409000000.0,5036300.0,11288200.0,,78889100.0,,,129941400.0,6995000.0,,4796000.0,19637400.0,3761320000.0,0.0,0.0
2018-03-28,64832100.0,28564800.0,41744000.0,553600.0,1000000.0,473100.0,2168700.0,,0.0,77698000.0,14642900.0,2762500.0,,26510900.0,6868500.0,16277400.0,3913200.0,60029200.0,6496000.0,52501100.0,945904000.0,6413000.0,12857800.0,,89369700.0,,,146452300.0,8563100.0,,4717600.0,34728900.0,3875720000.0,0.0,0.0
2018-03-29,48681400.0,20001600.0,46874000.0,742900.0,1059900.0,550700.0,3016000.0,,0.0,69338000.0,10299600.0,2572100.0,,22617700.0,6119400.0,10450500.0,5289500.0,59434300.0,7444000.0,45867500.0,916628000.0,3829500.0,10036400.0,,68692600.0,,,111601600.0,7758900.0,,4904700.0,27823800.0,3572360000.0,0.0,0.0
2018-04-02,64824600.0,16964800.0,53088000.0,467400.0,2429800.0,453900.0,3599200.0,,0.0,65068000.0,18902700.0,2748800.0,,35040700.0,8916900.0,14207900.0,6960100.0,36796000.0,11174000.0,48515400.0,922092000.0,4325500.0,12017200.0,,85549400.0,,,186286300.0,6361200.0,,3415600.0,57386700.0,3635780000.0,0.0,0.0
2018-04-03,54891600.0,15588800.0,45569000.0,1769000.0,4132100.0,379000.0,2287000.0,,0.0,51322000.0,12994100.0,4229600.0,,29857800.0,8035000.0,15484600.0,4719400.0,42543900.0,13834800.0,37213800.0,667432000.0,4699000.0,11933100.0,,64090000.0,,,119956900.0,6174500.0,,4979900.0,29086500.0,3395840000.0,0.0,0.0
2018-04-04,67356900.0,13544000.0,37720000.0,1465900.0,2496400.0,399200.0,2111000.0,,0.0,50724000.0,9677200.0,2216900.0,,29619700.0,7717100.0,13563300.0,4888000.0,49885600.0,11943200.0,35560000.0,789168000.0,4694200.0,9030800.0,,65768700.0,,,123715300.0,5497100.0,,5006900.0,19609800.0,3369230000.0,0.0,0.0
2018-04-05,65758800.0,18691200.0,35798000.0,814400.0,2674500.0,397600.0,1933600.0,,0.0,35836000.0,10152000.0,1789300.0,,17301600.0,5621700.0,11707800.0,4503900.0,41449600.0,7727200.0,29771900.0,701240000.0,3275700.0,7864700.0,,43054900.0,,,82652600.0,6115100.0,,4761300.0,19142700.0,3230430000.0,0.0,0.0
2018-04-06,51087100.0,13233600.0,30248000.0,967200.0,1918500.0,399400.0,2259000.0,,0.0,40134000.0,12680800.0,2651200.0,,25762700.0,6399300.0,11495100.0,4321900.0,41644800.0,12493600.0,38026000.0,662988000.0,3579100.0,8300800.0,,59870900.0,,,179521200.0,5133100.0,,14214500.0,19050000.0,3312390000.0,0.0,0.0
2018-04-09,38382600.0,8824000.0,37494000.0,1236800.0,1365200.0,346100.0,1946000.0,,0.0,33220000.0,9043200.0,2071100.0,,18997000.0,6395800.0,11913400.0,3581500.0,34915200.0,8245600.0,31533900.0,499524000.0,2620000.0,9031200.0,,41810400.0,,,105442900.0,6696400.0,,11306700.0,25104300.0,3076140000.0,0.0,0.0
2018-04-10,42849200.0,11763200.0,33244000.0,731900.0,2348500.0,625500.0,2526000.0,,0.0,36620000.0,11434100.0,1622400.0,,23420000.0,6019300.0,10379500.0,3902600.0,57889300.0,8921200.0,26812000.0,761676000.0,2817000.0,6779000.0,,48296800.0,,,103529000.0,5682300.0,,9086800.0,27382200.0,3579130000.0,0.0,0.0
2018-04-11,29169300.0,8057600.0,19922000.0,629100.0,1157300.0,412800.0,1697300.0,,0.0,34060000.0,7675500.0,2520600.0,,14884600.0,4575400.0,8424300.0,2711100.0,56144600.0,8158000.0,24872100.0,460244000.0,4000200.0,7143500.0,,41622100.0,,,91140200.0,4788000.0,,8343100.0,18837000.0,3054520000.0,0.0,0.0
2018-04-12,47784400.0,10118400.0,41036000.0,1530500.0,1139500.0,282700.0,2841600.0,,0.0,32896000.0,23692600.0,2188600.0,,14413200.0,4559800.0,8476400.0,5178900.0,38263000.0,7055200.0,26758900.0,593920000.0,2691700.0,8282300.0,,30467900.0,,,68890500.0,7574700.0,,9270000.0,20568900.0,3045330000.0,0.0,0.0
2018-04-13,38935700.0,44880000.0,48312000.0,796400.0,1520200.0,513400.0,1744400.0,,0.0,25410000.0,16213400.0,2937700.0,,19813600.0,4742300.0,10774200.0,2452800.0,19990600.0,5925600.0,23346100.0,503036000.0,2828300.0,6198500.0,,44604900.0,,,85079200.0,5749900.0,,8445400.0,22677600.0,2988540000.0,0.0,0.0
2018-04-16,28875100.0,24425600.0,25172000.0,553200.0,8171200.0,264600.0,3026800.0,,0.0,29776000.0,10781600.0,1637400.0,,18846900.0,6379600.0,8962100.0,3115200.0,18119400.0,5178000.0,20288100.0,350792000.0,2769800.0,5962200.0,,28180800.0,,,63405300.0,5206900.0,,8280200.0,21062100.0,3020740000.0,0.0,0.0
2018-04-17,45360300.0,32619200.0,25084000.0,962300.0,2456700.0,241500.0,2160500.0,,0.0,54584000.0,15577600.0,1301800.0,,18624200.0,11008700.0,8406400.0,2861900.0,22743000.0,11689600.0,26771000.0,447224000.0,5022000.0,6492400.0,,35536100.0,,,64682000.0,9831100.0,,5408800.0,20405700.0,3286190000.0,0.0,0.0
2018-04-18,42449600.0,11683200.0,20511000.0,722000.0,2929500.0,466700.0,1663100.0,,0.0,31126000.0,13745600.0,2127600.0,,16974200.0,9383600.0,7429000.0,2503100.0,20969600.0,6904400.0,21043300.0,391364000.0,6525500.0,7349400.0,,29573900.0,,,57303900.0,8947400.0,,4540300.0,17562000.0,3412030000.0,0.0,0.0
2018-04-19,57841600.0,11678400.0,50141000.0,903600.0,1679000.0,513400.0,2427600.0,,0.0,39884000.0,19345500.0,3181500.0,,16174500.0,5959500.0,10370400.0,3276600.0,22235000.0,21658000.0,23552500.0,471996000.0,6320200.0,16955600.0,,34705700.0,,,77655900.0,27527000.0,,3833100.0,19764900.0,3375120000.0,0.0,0.0
2018-04-20,39011900.0,10532800.0,41530000.0,544000.0,2565500.0,348700.0,2252800.0,,0.0,42434000.0,17693500.0,2309400.0,,21480600.0,7743900.0,14690700.0,3961200.0,19119400.0,15225200.0,31154400.0,386200000.0,8650000.0,14085000.0,,49197100.0,,,99953100.0,15313300.0,,5551200.0,24974700.0,3428260000.0,0.0,0.0
2018-04-23,42971300.0,11131200.0,31337000.0,944200.0,3308700.0,385900.0,1618000.0,,0.0,69590000.0,15971100.0,5022800.0,,13268200.0,7501900.0,11878500.0,3051900.0,23088100.0,9761200.0,22331800.0,427508000.0,6670600.0,13653400.0,,33040600.0,,,65558000.0,11178300.0,,4724800.0,22081500.0,3030390000.0,0.0,0.0
2018-04-24,44992200.0,15441600.0,44889000.0,658400.0,1709700.0,443500.0,1598900.0,,0.0,128220000.0,17872600.0,3178800.0,,24859700.0,6577500.0,18523900.0,2904400.0,35079900.0,11415200.0,34524800.0,414596000.0,5695500.0,16551700.0,,70256800.0,,,112885500.0,13004000.0,,4562900.0,25409100.0,3716020000.0,0.0,0.0
2018-04-25,90578000.0,10340800.0,34023000.0,590900.0,1772000.0,592600.0,1311700.0,,0.0,57860000.0,15078400.0,3295800.0,,21981400.0,5859600.0,20774700.0,3710200.0,41083600.0,17180000.0,33729300.0,588492000.0,4828300.0,14208800.0,,52089300.0,,,103840900.0,12359200.0,,3413300.0,20281200.0,3563680000.0,0.0,0.0
2018-04-26,145284100.0,8947200.0,32751000.0,921900.0,1983100.0,709700.0,1445800.0,,0.0,50926000.0,17479700.0,1989500.0,,14862900.0,8211100.0,13561000.0,3680600.0,77556900.0,13704000.0,42529000.0,375824000.0,5978800.0,11204300.0,,43005500.0,,,67731900.0,7685800.0,,5803000.0,17347500.0,3690920000.0,0.0,0.0
2018-04-27,74347800.0,11550400.0,27211000.0,802300.0,2613800.0,1218500.0,1563100.0,,0.0,40746000.0,7014700.0,2409300.0,,17734300.0,4266800.0,9777900.0,4141500.0,29804700.0,9062400.0,48272800.0,400848000.0,4765900.0,8144800.0,,51043400.0,,,57053600.0,8276100.0,,3587200.0,16953300.0,3234510000.0,0.0,0.0
2018-04-30,50608800.0,13353600.0,39682000.0,428300.0,1993100.0,947900.0,2165000.0,,0.0,34492000.0,12473000.0,3504400.0,,15624600.0,8219400.0,16037700.0,12954700.0,20750500.0,12542000.0,41523600.0,327844000.0,5479900.0,13076500.0,,35615300.0,,,82182300.0,7968000.0,,4032800.0,26057700.0,3749510000.0,0.0,0.0
2018-05-01,43441600.0,10868800.0,44947000.0,571300.0,5485200.0,779000.0,1413200.0,,0.0,35326000.0,18707700.0,1894000.0,,24977500.0,5122600.0,11514200.0,6560100.0,26025900.0,7808400.0,31408900.0,253788000.0,4543900.0,8103800.0,,36513500.0,,,74203400.0,5507000.0,,4012800.0,20873100.0,3562820000.0,0.0,0.0
2018-05-02,29267300.0,14257600.0,52950000.0,1237000.0,6055000.0,618900.0,2498100.0,,0.0,34698000.0,12057000.0,3852600.0,,16786800.0,7390800.0,13736400.0,4318400.0,30424500.0,19196800.0,27471000.0,268248000.0,5927700.0,10830900.0,,38646800.0,,,86368900.0,11522200.0,,5348600.0,18249000.0,4047020000.0,0.0,0.0
2018-05-03,33310600.0,19004800.0,58011000.0,1270300.0,2885100.0,665900.0,1815500.0,,0.0,39282000.0,21626200.0,6026900.0,,20985900.0,7282900.0,18352200.0,3450100.0,24026100.0,17508000.0,31142500.0,443144000.0,6668200.0,9386500.0,,60337100.0,,,136311500.0,7021400.0,,5485300.0,20628300.0,3867530000.0,0.0,0.0
2018-05-04,47884900.0,54185600.0,51303000.0,2641500.0,2413200.0,563300.0,1704500.0,,0.0,36892000.0,14862100.0,2370500.0,,17927900.0,6127600.0,10946200.0,4283600.0,17677800.0,20956800.0,22531300.0,400660000.0,5937000.0,8107400.0,,41543200.0,,,91222100.0,9474000.0,,9115100.0,20914500.0,3335260000.0,0.0,0.0
2018-05-07,54001700.0,26188800.0,36953000.0,1256600.0,1621100.0,404000.0,2361900.0,,0.0,34400000.0,23063900.0,1854900.0,,16303500.0,6707900.0,9336000.0,3379000.0,18697200.0,19418800.0,24242000.0,687616000.0,3475400.0,6633600.0,,32500200.0,,,55304900.0,4590100.0,,7160500.0,32350800.0,3266810000.0,0.0,0.0
2018-05-08,35218400.0,18251200.0,40149000.0,1489600.0,1864300.0,315600.0,1908600.0,,0.0,26030000.0,13693500.0,1654600.0,,17281200.0,5951800.0,15062200.0,2808100.0,15577200.0,15961600.0,23484600.0,506616000.0,5333700.0,8084100.0,,26040200.0,,,67499200.0,8116600.0,,6072700.0,19654200.0,3745100000.0,0.0,0.0
2018-05-09,49605700.0,13928000.0,35031000.0,4793600.0,1338200.0,475200.0,1999100.0,,0.0,47160000.0,10476200.0,2838400.0,,15758500.0,6808600.0,9295200.0,2762500.0,23282800.0,38466400.0,27327400.0,596760000.0,6201500.0,7528400.0,,29122700.0,,,59666100.0,5861400.0,,4587000.0,96795600.0,3913650000.0,0.0,0.0
2018-05-10,49744500.0,19576000.0,25747000.0,1785500.0,1091500.0,550100.0,1874200.0,,0.0,36414000.0,13375800.0,4183700.0,,15828700.0,4948000.0,7924200.0,1675100.0,21071400.0,15260800.0,22388100.0,994080000.0,3100600.0,7618500.0,,27067600.0,,,72063900.0,7957900.0,,4681600.0,47572800.0,3380640000.0,0.0,0.0
2018-05-11,43863700.0,9387200.0,24052000.0,1110600.0,1925700.0,331600.0,1296300.0,,0.0,30504000.0,8505100.0,2816300.0,,14413600.0,5716700.0,6331900.0,2258500.0,21207800.0,18555600.0,16778300.0,1214456000.0,3507300.0,7586200.0,,24688800.0,,,59871500.0,4184400.0,,4052100.0,29804400.0,2874850000.0,0.0,0.0
2018-05-14,50263800.0,16912000.0,27580000.0,1089600.0,1498600.0,324500.0,1440900.0,,0.0,39338000.0,14695800.0,4762000.0,,15028500.0,6101600.0,10715500.0,2537300.0,15646700.0,15727200.0,19454100.0,523140000.0,4307900.0,8646900.0,,21821700.0,,,54790600.0,5014000.0,,2878600.0,28497600.0,2994360000.0,0.0,0.0
2018-05-15,44183200.0,11763200.0,24984000.0,2099400.0,1584900.0,454600.0,2319600.0,,0.0,35738000.0,20008800.0,6812500.0,,17544900.0,5875700.0,16449700.0,3471300.0,15429400.0,15953600.0,24594000.0,963528000.0,6555700.0,11502800.0,,49361600.0,,,87036100.0,5622800.0,,4516900.0,27968700.0,3291190000.0,0.0,0.0
2018-05-16,73364000.0,10065600.0,29330000.0,1972100.0,1309800.0,284100.0,2163200.0,,0.0,25628000.0,13028100.0,4784200.0,,21004400.0,3818100.0,11590500.0,2522000.0,16975500.0,13001200.0,17384700.0,553828000.0,5544700.0,8325000.0,,22941200.0,,,53942600.0,7671500.0,,3837100.0,41200800.0,3248480000.0,0.0,0.0
2018-05-17,38692500.0,21411200.0,22825000.0,5517700.0,1285000.0,649700.0,2391000.0,,0.0,25738000.0,13198300.0,1702300.0,,18639700.0,6473400.0,14857400.0,2975500.0,14840700.0,14137600.0,17246700.0,519784000.0,6531100.0,8053600.0,,27480200.0,,,56536400.0,7964200.0,,4051500.0,89162100.0,3478150000.0,0.0,0.0
2018-05-18,54063400.0,7700800.0,25262000.0,1508700.0,1346600.0,310300.0,1624600.0,,0.0,35482000.0,14241600.0,2642300.0,,17579800.0,5433900.0,11950200.0,2318000.0,13130500.0,26176000.0,17865800.0,483716000.0,6894000.0,7042700.0,,26217900.0,,,64368000.0,7783900.0,,3841200.0,36129300.0,3383270000.0,0.0,0.0
2018-05-21,49714200.0,14952000.0,25720000.0,1285400.0,744400.0,233900.0,1202800.0,,0.0,25180000.0,7000400.0,2845100.0,,15667300.0,5558700.0,9110200.0,2424000.0,13532900.0,14774400.0,19422500.0,640624000.0,6678100.0,6428400.0,,22954600.0,,,58025900.0,7902200.0,,3340400.0,32147100.0,3053480000.0,0.0,0.0
2018-05-22,43267000.0,12867200.0,19218000.0,1899700.0,5378500.0,380700.0,1563600.0,,0.0,22226000.0,6220700.0,1977000.0,,13212000.0,7172700.0,8222900.0,3224000.0,12731400.0,14952800.0,15441200.0,518264000.0,6807600.0,7744200.0,,19477700.0,,,52966400.0,5752000.0,,2017800.0,24201900.0,3384140000.0,0.0,0.0
2018-05-23,44517800.0,10800000.0,23454000.0,1749000.0,1481400.0,367800.0,1635100.0,,0.0,23740000.0,13053100.0,5102500.0,,14235700.0,4940800.0,8971400.0,3835100.0,16628100.0,14349200.0,21251200.0,442956000.0,6249900.0,6592500.0,,26557800.0,,,64694200.0,4815400.0,,3508500.0,28197600.0,3333160000.0,0.0,0.0
2018-05-24,47785700.0,8201600.0,22799000.0,1039900.0,882200.0,316300.0,1176300.0,,0.0,20604000.0,12468600.0,2994100.0,,12785000.0,6923600.0,9269600.0,3378000.0,12354700.0,12847200.0,26649300.0,437372000.0,4696700.0,6508900.0,,27696500.0,,,76043800.0,7930800.0,,6064400.0,25728600.0,3285750000.0,0.0,0.0
2018-05-25,43850100.0,8499200.0,32214000.0,1378400.0,1557100.0,299100.0,1331000.0,,0.0,22224000.0,12895700.0,2838400.0,,11150200.0,4594800.0,8806500.0,2582100.0,10965100.0,14431600.0,18363900.0,292112000.0,5324300.0,7546500.0,,27460500.0,,,56374800.0,5403000.0,,3174000.0,17740500.0,3015260000.0,0.0,0.0
2018-05-29,39578500.0,17100800.0,28281000.0,1166200.0,1633800.0,800100.0,2298100.0,,0.0,36076000.0,13519800.0,11256200.0,,20986900.0,9821900.0,14826900.0,3197100.0,16398900.0,11464000.0,28671000.0,352684000.0,8302600.0,8905600.0,,41220500.0,,,115908600.0,7198200.0,,2998300.0,25284600.0,3743310000.0,0.0,0.0
2018-05-30,58186400.0,14272000.0,26844000.0,991800.0,1319200.0,309400.0,2390900.0,,0.0,28686000.0,15145000.0,4512200.0,,25169000.0,6423700.0,10114200.0,2396500.0,13736900.0,32108400.0,22158500.0,390996000.0,6256600.0,8128600.0,,22665800.0,,,69678400.0,8413400.0,,4846900.0,27942300.0,3566490000.0,0.0,0.0
2018-05-31,46797700.0,14160000.0,34698000.0,998700.0,2610500.0,506700.0,4822800.0,,0.0,79368000.0,17391000.0,5321700.0,,28573700.0,10337500.0,15571300.0,4881100.0,30782600.0,23539200.0,34140900.0,493868000.0,8270100.0,15526000.0,,35670900.0,,,93519900.0,8129400.0,,10162400.0,34406100.0,4241100000.0,0.0,0.0
2018-06-01,71677900.0,17054400.0,26360000.0,1109800.0,1454400.0,261100.0,4056400.0,,0.0,63202000.0,12891000.0,7891000.0,,21108200.0,5741000.0,10664700.0,3203800.0,17307200.0,11661600.0,28655600.0,421968000.0,4414200.0,7209300.0,,45543300.0,,,71258400.0,5970000.0,,4055800.0,15713700.0,3694310000.0,0.0,0.0
2018-06-04,74546000.0,15035200.0,25886000.0,1013200.0,3098300.0,433400.0,1870600.0,,0.0,44754000.0,13830900.0,3131800.0,,14836000.0,4853000.0,11727600.0,3174600.0,18939800.0,11182400.0,27281600.0,642024000.0,3932000.0,8743800.0,,20459600.0,,,45385200.0,8927200.0,,3801000.0,32766000.0,3410090000.0,0.0,0.0
2018-06-05,56122700.0,20846400.0,42374000.0,1427700.0,5833900.0,467900.0,1868500.0,,0.0,32964000.0,10614100.0,4305500.0,,13283600.0,5125400.0,9975900.0,2952300.0,15544300.0,14135600.0,23514400.0,391712000.0,4851900.0,6910100.0,,24779300.0,,,51135000.0,6345900.0,,3647500.0,24844200.0,3523550000.0,0.0,0.0
2018-06-06,97089000.0,20044800.0,37465000.0,1128400.0,5935200.0,439200.0,2066900.0,,0.0,34934000.0,6920900.0,3910500.0,,16661300.0,6799300.0,9202900.0,3586200.0,22558900.0,28836000.0,21122900.0,371356000.0,3946700.0,7002900.0,,25036600.0,,,62732200.0,9829700.0,,4563100.0,22088400.0,3662780000.0,0.0,0.0
2018-06-07,99860300.0,12387200.0,46077000.0,2074200.0,3888100.0,346400.0,2735000.0,,0.0,36108000.0,13764400.0,4400400.0,,17571900.0,7414100.0,11948100.0,8342500.0,21503200.0,19050800.0,28232200.0,369448000.0,5052900.0,13476100.0,,39600300.0,,,72969400.0,8216900.0,,3776400.0,23117100.0,3742080000.0,0.0,0.0
2018-06-08,81930500.0,8238400.0,73694000.0,1192200.0,3085300.0,187700.0,2052500.0,,0.0,27284000.0,9784000.0,7342800.0,,17569800.0,6208100.0,12078800.0,5056600.0,12677100.0,27236400.0,22165100.0,360456000.0,4795500.0,13625300.0,,31780300.0,,,72139700.0,8081300.0,,2348700.0,22807200.0,3138850000.0,0.0,0.0
2018-06-11,80737600.0,16364800.0,31859000.0,750900.0,1489700.0,213600.0,1684800.0,,0.0,24796000.0,10429300.0,1875800.0,,15923000.0,5571400.0,7526100.0,3246500.0,12928900.0,17964000.0,23490900.0,265372000.0,3984500.0,9049400.0,,22319700.0,,,58892500.0,4511600.0,,3832700.0,18756900.0,3262130000.0,0.0,0.0
2018-06-12,67002600.0,8880000.0,27594000.0,712800.0,2259400.0,240000.0,1384800.0,,0.0,26092000.0,12432400.0,1664800.0,,16166700.0,5227300.0,8243300.0,2985300.0,11562700.0,15127600.0,18325200.0,319160000.0,5075900.0,8786000.0,,22511800.0,,,72329000.0,6582600.0,,4105600.0,24185100.0,3435700000.0,0.0,0.0
2018-06-13,90227300.0,13566400.0,34868000.0,847700.0,2502500.0,203800.0,1665800.0,,0.0,34302000.0,9958900.0,3294700.0,,19853700.0,5836900.0,16745000.0,3140500.0,15853800.0,11563600.0,29492900.0,338208000.0,7553500.0,8022400.0,,37858600.0,,,79070600.0,9616600.0,,9875100.0,19075200.0,3820770000.0,0.0,0.0
2018-06-14,113048600.0,12192000.0,37042000.0,1104700.0,1711700.0,301300.0,1685000.0,,0.0,35422000.0,13954300.0,3626400.0,,19248100.0,5239200.0,12696200.0,2390000.0,19120900.0,9254400.0,25691800.0,430016000.0,4812600.0,8895200.0,,35916000.0,,,77097600.0,7636000.0,,4273900.0,22552200.0,3540930000.0,0.0,0.0
2018-06-15,77612200.0,21832000.0,60969000.0,1920300.0,2094000.0,457600.0,3879600.0,,0.0,44438000.0,16303700.0,5826500.0,,24922600.0,13173500.0,21562500.0,7384400.0,21860900.0,16561600.0,65738600.0,432260000.0,10573000.0,14943500.0,,49615700.0,,,120041600.0,11235700.0,,5565400.0,37509000.0,5451990000.0,0.0,0.0
2018-06-18,104317400.0,16033600.0,30191000.0,1029100.0,3143500.0,480700.0,1975000.0,,0.0,33038000.0,11512000.0,4600500.0,,18616500.0,6787400.0,12161900.0,4297700.0,16826000.0,13422400.0,23586000.0,356268000.0,5964400.0,7384900.0,,31633200.0,,,52917600.0,8921400.0,,4715100.0,25506900.0,3316120000.0,0.0,0.0
2018-06-19,92542900.0,11964800.0,36221000.0,1023200.0,2695100.0,231000.0,1940600.0,,0.0,47282000.0,12543200.0,4172800.0,,24605900.0,8572400.0,12936400.0,3350400.0,19994000.0,12981600.0,28653100.0,594932000.0,5504400.0,8514000.0,,38236000.0,,,97531500.0,9848900.0,,6467400.0,28057500.0,3671160000.0,0.0,0.0
2018-06-20,76280600.0,16438400.0,24951000.0,1112900.0,2122900.0,265700.0,1527700.0,,0.0,51686000.0,10422800.0,3059000.0,,19216900.0,6277200.0,10893700.0,3649500.0,28230900.0,7036400.0,26180800.0,369780000.0,4601400.0,6603500.0,,33038000.0,,,53785500.0,8668600.0,,5305600.0,23899800.0,3332140000.0,0.0,0.0
2018-06-21,95638400.0,7755200.0,18186000.0,1165300.0,2001800.0,333300.0,1825800.0,,0.0,44966000.0,8132500.0,2680500.0,,26946200.0,4417200.0,10465200.0,4655800.0,19045700.0,11668000.0,23198200.0,359516000.0,6550700.0,8691200.0,,43469400.0,,,71061400.0,9246700.0,,3552300.0,24276000.0,3336580000.0,0.0,0.0
2018-06-22,59257100.0,17787200.0,52412000.0,989300.0,1531300.0,188400.0,1738600.0,,0.0,34220000.0,7385200.0,2309500.0,,33638200.0,9501400.0,14924400.0,8703600.0,17420200.0,12623200.0,38923100.0,434160000.0,5709400.0,11446400.0,,30073200.0,,,54898500.0,10338500.0,,9068700.0,32439000.0,5468110000.0,0.0,0.0
2018-06-25,94418400.0,21561600.0,29705000.0,1388400.0,1631800.0,294500.0,2398600.0,,0.0,57682000.0,13975400.0,8110800.0,,37005100.0,8170500.0,12092400.0,6126800.0,25275100.0,11443600.0,35433300.0,665816000.0,5183000.0,11300500.0,,77799700.0,,,137854200.0,10528100.0,,4497500.0,47818500.0,3663280000.0,0.0,0.0
2018-06-26,54213500.0,11491200.0,24233000.0,712500.0,1943400.0,218800.0,2276700.0,,0.0,34688000.0,7503900.0,3873200.0,,20464000.0,5496400.0,13974700.0,3375100.0,17897600.0,6402800.0,26897200.0,478884000.0,5034100.0,9558500.0,,39008100.0,,,68547400.0,8817000.0,,5392300.0,30378600.0,3568900000.0,0.0,0.0
2018-06-27,56014300.0,14630400.0,24720000.0,683900.0,2339500.0,371700.0,2211700.0,,0.0,34538000.0,13119200.0,3044200.0,,27511800.0,5666000.0,15332600.0,4962100.0,18734400.0,7796000.0,31298400.0,453892000.0,6229200.0,7873300.0,,52843500.0,,,105110700.0,8798100.0,,3388600.0,30899100.0,3803990000.0,0.0,0.0
2018-06-28,48716800.0,8830400.0,33238000.0,566600.0,1555800.0,389400.0,1826700.0,,0.0,29726000.0,13829300.0,3705600.0,,26759100.0,5296800.0,12668900.0,4136500.0,18172400.0,7828400.0,26650700.0,338012000.0,4297400.0,5714400.0,,46407700.0,,,76650500.0,7199000.0,,4137800.0,25401000.0,3461100000.0,0.0,0.0
2018-06-29,41527800.0,6604800.0,42794000.0,632100.0,1278300.0,460700.0,2164600.0,,0.0,31562000.0,17450500.0,2721200.0,,24146500.0,7308700.0,11485600.0,4024500.0,15811600.0,12708000.0,28053200.0,392300000.0,4721400.0,7679900.0,,36408500.0,,,97592500.0,8088200.0,,3085500.0,24766800.0,3586800000.0,0.0,0.0
2018-07-02,43398800.0,7056000.0,33369000.0,610900.0,778000.0,175400.0,1876100.0,,0.0,23216000.0,22438600.0,3911500.0,,24283600.0,5481400.0,9232500.0,3024000.0,13961600.0,9145200.0,19564500.0,357572000.0,4711900.0,6092800.0,,31770000.0,,,63554800.0,7365500.0,,3306800.0,24375300.0,3095040000.0,0.0,0.0
2018-07-03,32094000.0,6292800.0,11591000.0,339600.0,895700.0,131800.0,842100.0,,0.0,16448000.0,10098600.0,1463800.0,,13561300.0,4248100.0,8214300.0,1437700.0,13489500.0,4640800.0,14670300.0,222732000.0,3769100.0,5897200.0,,25512700.0,,,42187100.0,6512600.0,,3476000.0,13188600.0,1911460000.0,0.0,0.0
2018-07-05,40703300.0,8270400.0,25299000.0,631400.0,2779100.0,229800.0,1436700.0,,0.0,28594000.0,12729400.0,1682300.0,,18640500.0,7319100.0,11653000.0,2248300.0,19684200.0,11519200.0,18977400.0,306216000.0,4870400.0,7956100.0,,31626200.0,,,56925900.0,9230900.0,,4288100.0,16102500.0,2980160000.0,0.0,0.0
2018-07-06,65101700.0,5033600.0,23112000.0,516400.0,1438700.0,810600.0,1523200.0,,0.0,21820000.0,9640300.0,3206500.0,,19597500.0,7297900.0,8733900.0,3298800.0,19740100.0,7028000.0,19234600.0,296352000.0,4387300.0,7244000.0,,37005600.0,,,66493700.0,7251600.0,,3452300.0,16841100.0,2590250000.0,0.0,0.0
2018-07-09,58525500.0,12017600.0,17955000.0,665400.0,851500.0,396300.0,1738300.0,,0.0,21584000.0,11517200.0,2258800.0,,16565200.0,6706100.0,7373100.0,2477300.0,18149400.0,5009200.0,18212000.0,303880000.0,7866400.0,9095900.0,,27362100.0,,,50550400.0,7124100.0,,3806700.0,19726200.0,3070060000.0,0.0,0.0
2018-07-10,37093000.0,6044800.0,16413000.0,644400.0,841800.0,307900.0,1687800.0,,0.0,21334000.0,7531700.0,4461100.0,,18790700.0,5075600.0,10606100.0,2187500.0,13190100.0,8999600.0,19293100.0,360016000.0,16107200.0,12773500.0,,23902500.0,,,51966800.0,7211500.0,,4119900.0,18145200.0,3080140000.0,0.0,0.0
2018-07-11,42544100.0,6184000.0,35761000.0,693800.0,1200400.0,224100.0,1472800.0,,0.0,33252000.0,14111200.0,2198700.0,,23912600.0,4827400.0,7715600.0,3203800.0,12927400.0,14094800.0,19644600.0,367508000.0,5521400.0,7851600.0,,30280600.0,,,77054700.0,7316200.0,,2321300.0,16787700.0,2986180000.0,0.0,0.0
2018-07-12,44188100.0,8334400.0,435083000.0,720100.0,1050400.0,152000.0,2222000.0,,0.0,44148000.0,10327300.0,1385900.0,,19617600.0,6199000.0,6331600.0,2360800.0,15454700.0,7353200.0,24335900.0,345508000.0,5500100.0,8556800.0,,27930100.0,,,60124700.0,5275300.0,,2422100.0,14665800.0,2834230000.0,0.0,0.0
2018-07-13,40614100.0,22782400.0,161678000.0,628900.0,1171100.0,386000.0,1951200.0,,0.0,32612000.0,9860300.0,2891800.0,,15409100.0,8250200.0,5585900.0,5186500.0,11486800.0,5395200.0,24635200.0,246988000.0,4417100.0,6021300.0,,28049800.0,,,48216000.0,4947500.0,,2506200.0,19165800.0,2619790000.0,0.0,0.0
2018-07-16,65275300.0,11334400.0,102277000.0,542000.0,2439800.0,170100.0,2078200.0,,0.0,26784000.0,7963100.0,1782600.0,,15946900.0,7314400.0,5831400.0,2818200.0,11078200.0,5842400.0,21786900.0,197036000.0,5413600.0,6931200.0,,21405300.0,,,48201000.0,5399200.0,,2937800.0,13341600.0,2819860000.0,0.0,0.0
2018-07-17,42313500.0,4608000.0,110827000.0,575900.0,1968000.0,175000.0,2064800.0,,0.0,40162000.0,10721000.0,1034700.0,,15134700.0,12858700.0,11592200.0,1877500.0,15349900.0,7018000.0,25901700.0,362136000.0,6783800.0,8983400.0,,31034100.0,,,52315500.0,6238500.0,,2562500.0,17734500.0,3064920000.0,0.0,0.0
2018-07-18,40881500.0,5089600.0,80834000.0,654500.0,3676700.0,385500.0,1869500.0,,0.0,38948000.0,12838600.0,1355300.0,,13780000.0,7152000.0,7351600.0,3824000.0,15334900.0,9582400.0,29493900.0,277640000.0,5379000.0,9105100.0,,23220800.0,,,44593500.0,10532200.0,,2991300.0,15136500.0,3111560000.0,0.0,0.0
2018-07-19,41267800.0,9385600.0,63247000.0,845900.0,1265800.0,209800.0,2790800.0,,0.0,38338000.0,6907300.0,4201700.0,,18398300.0,5984600.0,10097500.0,4869700.0,11350400.0,7623200.0,40171600.0,235752000.0,9241300.0,8010600.0,,31094100.0,,,61412100.0,17762300.0,,3197200.0,14649300.0,3278360000.0,0.0,0.0
2018-07-20,42879800.0,9099200.0,62893000.0,771100.0,2839900.0,207100.0,1793900.0,,0.0,37938000.0,9329000.0,3362700.0,,17570700.0,5835500.0,8588400.0,2695500.0,16163900.0,8912000.0,56004000.0,222352000.0,27559700.0,8234700.0,,35897300.0,,,82337700.0,14481000.0,,2537600.0,14445300.0,3243250000.0,0.0,0.0
2018-07-23,44940800.0,9187200.0,82211000.0,803200.0,1227900.0,163500.0,1394300.0,,0.0,65446000.0,7459200.0,5285700.0,,12335000.0,4631100.0,9055700.0,2754300.0,16732000.0,5765600.0,29707000.0,301584000.0,7769300.0,5881600.0,,22184700.0,,,47047600.0,6832800.0,,2341900.0,12450000.0,2928490000.0,0.0,0.0
2018-07-24,58201500.0,9398400.0,81158000.0,1193600.0,1845900.0,194800.0,1453900.0,,0.0,107600000.0,11803700.0,3293800.0,,25831300.0,7158800.0,13786100.0,3388400.0,28468700.0,8726800.0,26316600.0,354620000.0,5095100.0,8297100.0,,36900300.0,,,68026900.0,7018300.0,,3485500.0,16768500.0,3430410000.0,0.0,0.0
2018-07-25,82604900.0,8323200.0,92271000.0,1152100.0,3008200.0,334400.0,1560200.0,,0.0,51104000.0,11342300.0,2403800.0,,18401200.0,6523000.0,21330600.0,4193400.0,58954200.0,8202400.0,30702100.0,319112000.0,4762300.0,6208400.0,,35026600.0,,,78882900.0,7725700.0,,2846900.0,17427300.0,3584400000.0,0.0,0.0
2018-07-26,192661100.0,8051200.0,85069000.0,628200.0,5982400.0,482600.0,1820000.0,,0.0,54686000.0,9233600.0,2598200.0,,20944200.0,7640600.0,12673100.0,7409800.0,169803700.0,5642000.0,31372100.0,325124000.0,5096300.0,9771100.0,,40873500.0,,,57919500.0,8476600.0,,2166000.0,19644900.0,3667290000.0,0.0,0.0
2018-07-27,161903800.0,11758400.0,79443000.0,902000.0,4766000.0,365400.0,1596800.0,,0.0,48362000.0,10811200.0,1435100.0,,28777100.0,6620400.0,10516900.0,4234100.0,60073700.0,8085600.0,37005300.0,295420000.0,4563700.0,7492900.0,,59456100.0,,,76768700.0,9468500.0,,1993700.0,14038200.0,3434370000.0,0.0,0.0
2018-07-30,160823400.0,14636800.0,75275000.0,844800.0,2596300.0,341400.0,1292700.0,,0.0,43896000.0,8400500.0,3832700.0,,20093700.0,11013100.0,8967900.0,3274800.0,65280800.0,9698800.0,34668300.0,340340000.0,3621800.0,7090700.0,,60193000.0,,,63742500.0,5174300.0,,1528100.0,18032100.0,3261190000.0,0.0,0.0
2018-07-31,118403400.0,15846400.0,63860000.0,793200.0,2182900.0,408700.0,1888500.0,,0.0,39382000.0,10709500.0,3053600.0,,23567300.0,7598900.0,12438800.0,3530000.0,40356500.0,17908800.0,27655200.0,283988000.0,4892100.0,9878200.0,,47285100.0,,,68570500.0,4908300.0,,3363900.0,20124300.0,3906890000.0,0.0,0.0
2018-08-01,75495200.0,10328000.0,42669000.0,731200.0,2437300.0,682500.0,1841300.0,,0.0,36994000.0,23297900.0,5366800.0,,17942600.0,5770400.0,9904100.0,4252800.0,34042100.0,12797200.0,23628700.0,283556000.0,4169000.0,7556700.0,,37101900.0,,,53853300.0,6115000.0,,2706600.0,15150000.0,3501350000.0,0.0,0.0
2018-08-02,52867100.0,22068800.0,40312000.0,494700.0,1959100.0,379100.0,1904800.0,,0.0,34704000.0,10989200.0,3370800.0,,18292200.0,6563300.0,12009700.0,6245900.0,32400000.0,9886800.0,26104300.0,269668000.0,4167200.0,9261700.0,,47178200.0,,,63426400.0,4669300.0,21000.0,3094200.0,12918300.0,3501380000.0,0.0,0.0
2018-08-03,53232100.0,30883200.0,24832000.0,406600.0,1737600.0,299900.0,1195700.0,,0.0,21264000.0,6940500.0,2174800.0,,21734900.0,6498700.0,11462800.0,3673100.0,24763400.0,9259200.0,18659600.0,214288000.0,3934500.0,7102800.0,,28934400.0,,,53935400.0,4575200.0,0.0,3921900.0,17241600.0,3043690000.0,0.0,0.0
2018-08-06,83579700.0,19588800.0,22638000.0,1075400.0,1061600.0,267000.0,1285500.0,,0.0,22114000.0,7521900.0,3867200.0,,16288800.0,5840000.0,10056100.0,2375200.0,49716200.0,11944800.0,20265900.0,207508000.0,6704800.0,5669200.0,,24808800.0,,,39400900.0,7245800.0,6600.0,5380900.0,13954800.0,2879020000.0,0.0,0.0
2018-08-07,72822600.0,10961600.0,29798000.0,1030700.0,1206900.0,293700.0,1428100.0,,0.0,42506000.0,8408200.0,2181400.0,,15045700.0,4664600.0,8632900.0,1929300.0,33398600.0,12106800.0,16080200.0,258132000.0,6919600.0,6418000.0,,29895700.0,,,43196600.0,7494900.0,500.0,4320000.0,13580100.0,3185440000.0,0.0,0.0
2018-08-08,52081400.0,11614400.0,15801000.0,4298400.0,1458800.0,339800.0,2010700.0,,0.0,34344000.0,10103600.0,2777900.0,,14789500.0,3721500.0,6810000.0,2988000.0,22205200.0,9427600.0,15487500.0,262100000.0,5172900.0,4891300.0,,22680700.0,,,42114600.0,5089600.0,0.0,3454200.0,15123300.0,2978070000.0,0.0,0.0
2018-08-09,46653400.0,10995200.0,27563000.0,1102300.0,1007200.0,331900.0,3637100.0,,0.0,27326000.0,6354700.0,4318000.0,,10437800.0,4057800.0,8924100.0,2764500.0,19732100.0,17465600.0,13677200.0,204280000.0,4115400.0,5167400.0,,18852900.0,,,35717000.0,4513300.0,500.0,3569300.0,14183700.0,3066180000.0,0.0,0.0
2018-08-10,65821100.0,7035200.0,37017000.0,762400.0,1896400.0,480700.0,2830800.0,,0.0,26602000.0,9473300.0,4327800.0,,20521900.0,4324000.0,7535400.0,3343200.0,21500400.0,8206000.0,18183700.0,256396000.0,3711900.0,5566000.0,,33818500.0,,,77076000.0,7053200.0,4100.0,5373600.0,24734700.0,3265590000.0,0.0,0.0
2018-08-13,81411300.0,7196800.0,29842000.0,555900.0,1251600.0,391100.0,1518900.0,,0.0,27500000.0,10479000.0,1764700.0,,20517200.0,3778000.0,8143400.0,2879600.0,17423300.0,6458400.0,18472500.0,375208000.0,3170100.0,5068100.0,,26089200.0,,,65732900.0,6708600.0,710800.0,8113400.0,17637600.0,3173630000.0,0.0,0.0
2018-08-14,89195500.0,11211200.0,36327000.0,500000.0,1673400.0,241800.0,1450600.0,,0.0,28080000.0,9767700.0,2487600.0,,17683100.0,4542800.0,6846100.0,3111600.0,19102000.0,9816000.0,16788300.0,466220000.0,3836700.0,6226900.0,,20913000.0,,,43842000.0,5339100.0,50100.0,4114500.0,17510400.0,2986500000.0,0.0,0.0
2018-08-15,86355700.0,10059200.0,41132000.0,771200.0,2066900.0,471900.0,1844100.0,,0.0,37052000.0,14684800.0,4810700.0,,27479900.0,5377300.0,9686400.0,3355500.0,33020200.0,13606800.0,29982800.0,591136000.0,6513300.0,8753500.0,,58528000.0,,,102925400.0,6052800.0,524700.0,6609800.0,25850700.0,3656680000.0,0.0,0.0
2018-08-16,69733700.0,11304000.0,29239000.0,570800.0,1431500.0,298600.0,1657700.0,,0.0,32176000.0,14931800.0,2594400.0,,15484700.0,7861500.0,10600700.0,2822100.0,31351800.0,5461200.0,21384300.0,801260000.0,4504600.0,12368000.0,,27711800.0,,,69967900.0,5544000.0,22900.0,5167200.0,127893900.0,3232000000.0,0.0,0.0
2018-08-17,60616600.0,7318400.0,39093000.0,583400.0,968100.0,226500.0,1980900.0,,0.0,33092000.0,15280900.0,3043400.0,,15106700.0,6700900.0,8885700.0,2527400.0,24893200.0,7024800.0,18061500.0,1143188000.0,3391600.0,8409300.0,,36092600.0,,,65618500.0,7897200.0,402100.0,3329800.0,49389900.0,3037640000.0,0.0,0.0
2018-08-20,62983200.0,7982400.0,54489000.0,468400.0,1287100.0,188300.0,1783700.0,,0.0,22218000.0,8174900.0,2901100.0,,12547300.0,7935000.0,6392000.0,2659500.0,21518000.0,10145200.0,17914200.0,854388000.0,3676000.0,6795800.0,,24939000.0,,,39807500.0,4156700.0,0.0,2224200.0,38037900.0,2757150000.0,0.0,0.0
2018-08-21,55629000.0,9004800.0,29952000.0,487300.0,1659700.0,266800.0,2066700.0,,0.0,23082000.0,9281400.0,2516700.0,,20661200.0,5832100.0,13986300.0,1920900.0,19578500.0,11404000.0,22881900.0,673988000.0,4667700.0,8534500.0,,26258700.0,,,67272000.0,6075100.0,2100.0,2053000.0,31593900.0,3174010000.0,0.0,0.0
2018-08-22,62002700.0,9353600.0,26890000.0,433300.0,2156100.0,177300.0,1267900.0,,0.0,22296000.0,8297400.0,2396500.0,,14329200.0,4688400.0,7159100.0,2361500.0,16894100.0,5912800.0,18000600.0,749856000.0,3860900.0,5132600.0,,18042400.0,,,44993300.0,5512700.0,24800.0,3217100.0,23297100.0,2701250000.0,0.0,0.0
2018-08-23,113444100.0,13035200.0,35578000.0,458000.0,1618400.0,170700.0,1337900.0,,0.0,24666000.0,7751800.0,871000.0,,12945800.0,5057600.0,13144900.0,2755500.0,18053600.0,7018000.0,18167700.0,720684000.0,4508800.0,4323200.0,,25776200.0,,,49204900.0,4126100.0,334300.0,3149800.0,18289200.0,2724450000.0,0.0,0.0
2018-08-24,164328200.0,65318400.0,20541000.0,446300.0,1046800.0,205900.0,1453200.0,,0.0,24454000.0,7458500.0,1296600.0,,11894300.0,4809400.0,10952900.0,2199400.0,14631600.0,5321600.0,17234000.0,531512000.0,3677700.0,5356000.0,,23136100.0,,,57487400.0,4232000.0,100000.0,2519100.0,25782900.0,2603010000.0,0.0,0.0
2018-08-27,325058400.0,178592000.0,28213000.0,374300.0,1506100.0,286100.0,1904100.0,,0.0,28580000.0,5581700.0,1851900.0,,15880400.0,4325900.0,9581200.0,2627100.0,17921900.0,9402800.0,19662300.0,505776000.0,3155700.0,3941500.0,,29343600.0,,,57072400.0,5733000.0,2381000.0,2964300.0,21120900.0,2865070000.0,0.0,0.0
2018-08-28,215771200.0,27184000.0,24340000.0,481600.0,1828500.0,180100.0,1882100.0,,0.0,27330000.0,8175300.0,1506300.0,,13170300.0,6037500.0,8476800.0,2138000.0,15910700.0,6602000.0,19151500.0,475384000.0,5229400.0,5405200.0,,20277000.0,,,46943500.0,10683500.0,685100.0,3041400.0,29949000.0,2687770000.0,0.0,0.0
2018-08-29,143223200.0,20091200.0,18125000.0,374300.0,1040400.0,152900.0,1793600.0,,0.0,36926000.0,7403700.0,1420400.0,,13157900.0,4648700.0,12410900.0,3168200.0,18494100.0,6088400.0,20818000.0,420108000.0,2403200.0,4520400.0,,29175600.0,,,61485500.0,12278200.0,52600.0,4622800.0,23588400.0,2805520000.0,0.0,0.0
2018-08-30,103607300.0,16195200.0,26529000.0,430100.0,828400.0,132400.0,1272000.0,,0.0,30104000.0,8481700.0,2780900.0,,14199600.0,4821900.0,9716500.0,3038400.0,24216500.0,8810000.0,22798700.0,346608000.0,2119100.0,4549700.0,,29315500.0,,,61229500.0,7826200.0,300.0,5071500.0,21176100.0,2810450000.0,0.0,0.0
2018-08-31,65206400.0,12932800.0,27623000.0,397700.0,1938300.0,325200.0,1881300.0,,0.0,42308000.0,9569300.0,2132200.0,,12240500.0,6139500.0,19834100.0,3649700.0,18065200.0,11293600.0,23222700.0,306592000.0,4248800.0,6674900.0,,28653200.0,,,66140800.0,8782900.0,10600.0,3541100.0,18974100.0,2887220000.0,0.0,0.0
2018-09-04,192541300.0,32416000.0,36663000.0,575000.0,1732300.0,290500.0,1858400.0,,0.0,41458000.0,16029000.0,3419500.0,,17923500.0,4406800.0,11138500.0,3296300.0,29809000.0,5576000.0,22634600.0,391720000.0,4576300.0,5800700.0,,29063500.0,,,57594400.0,8174900.0,100.0,4398800.0,24842100.0,3087420000.0,0.0,0.0
2018-09-05,257349000.0,28960000.0,37194000.0,573400.0,3478200.0,239000.0,2126000.0,,0.0,53988000.0,13369200.0,1332300.0,,15166100.0,6174800.0,10554900.0,2749200.0,31226700.0,8785200.0,32872400.0,393156000.0,4392100.0,7651900.0,,42623300.0,,,72452400.0,7262400.0,2100.0,3610400.0,28423800.0,3248780000.0,0.0,0.0
2018-09-06,143942900.0,20846400.0,62509000.0,559300.0,1684800.0,255900.0,1853200.0,,0.0,46854000.0,13137500.0,1656700.0,,16647700.0,6562000.0,11439400.0,3133800.0,41514800.0,7316000.0,23477600.0,322796000.0,4808300.0,7541100.0,,46091400.0,,,65909900.0,10424900.0,3800.0,3974000.0,18452400.0,3144240000.0,0.0,0.0
2018-09-07,123348700.0,17785600.0,104703000.0,528100.0,1996900.0,278400.0,2722400.0,,0.0,32658000.0,12374700.0,4405000.0,,17248000.0,6375200.0,10208100.0,2868300.0,24300600.0,9011200.0,22498600.0,295420000.0,3833800.0,11110900.0,,46629500.0,,,73524800.0,14256000.0,4300.0,2871000.0,20017200.0,2976580000.0,0.0,0.0
2018-09-10,162253800.0,18860800.0,60880000.0,546900.0,2142100.0,274300.0,2817300.0,,0.0,27670000.0,6997900.0,3110800.0,,11067100.0,4892200.0,8568900.0,3080100.0,20197700.0,8078000.0,20727900.0,220140000.0,3289700.0,6783000.0,,26132000.0,,,50210900.0,6824900.0,125100.0,2600100.0,24997800.0,2751100000.0,0.0,0.0
2018-09-11,159902500.0,13390400.0,60755000.0,615400.0,1871400.0,316200.0,2185700.0,,0.0,29254000.0,17897800.0,3360500.0,,14078400.0,7856800.0,9278300.0,2946400.0,20457100.0,22019600.0,24301800.0,243112000.0,2807300.0,5210300.0,,30116500.0,,,50530500.0,12509700.0,179800.0,3520300.0,19390500.0,2904500000.0,0.0,0.0
2018-09-12,197889600.0,13806400.0,53077000.0,667600.0,1628500.0,321300.0,1912000.0,,0.0,35716000.0,14041900.0,1398800.0,,21572300.0,6767700.0,13216400.0,2613300.0,24078100.0,19446000.0,18891100.0,419092000.0,3651400.0,5925200.0,,36204000.0,,,59810800.0,10303700.0,483000.0,3761600.0,17700000.0,3341280000.0,0.0,0.0
2018-09-13,304147100.0,13252800.0,43757000.0,374400.0,1043100.0,215000.0,2078200.0,,0.0,40068000.0,10375800.0,1281600.0,,14570500.0,6456100.0,8294800.0,3663600.0,25453800.0,27317600.0,26055600.0,305536000.0,3808100.0,5328400.0,,31133200.0,,,51034200.0,9624500.0,0.0,2445000.0,22958700.0,3274090000.0,0.0,0.0
2018-09-14,217762800.0,16104000.0,28095000.0,550300.0,1027400.0,248200.0,3875300.0,,0.0,24176000.0,12945000.0,3749900.0,,15734900.0,4534800.0,7612900.0,3939800.0,21770400.0,13534000.0,19122300.0,386936000.0,2698300.0,5004100.0,,31224100.0,,,55079900.0,5295400.0,600.0,3375300.0,18958200.0,3179410000.0,0.0,0.0
2018-09-17,180410600.0,10811200.0,36739000.0,889800.0,1753600.0,152400.0,2884600.0,,0.0,34096000.0,13279900.0,3808400.0,,20023200.0,5295500.0,8527300.0,5360000.0,21005300.0,7770400.0,20736500.0,205528000.0,3092600.0,7098800.0,,33071200.0,,,68244000.0,6210300.0,264600.0,3389100.0,15989400.0,2967980000.0,0.0,0.0
2018-09-18,176673200.0,11715200.0,50511000.0,569600.0,1438500.0,272000.0,2000200.0,,0.0,32314000.0,19882300.0,4972900.0,,13018000.0,4581200.0,9847400.0,3722800.0,22465200.0,11886000.0,22170900.0,299520000.0,4081200.0,6022800.0,,31877300.0,,,61930400.0,8814200.0,7200.0,4486600.0,20279400.0,3091190000.0,0.0,0.0
2018-09-19,124287000.0,13598400.0,31160000.0,722800.0,1714400.0,241800.0,1581400.0,,0.0,25962000.0,14471100.0,5515900.0,,17593500.0,5049900.0,7119000.0,2822000.0,19629000.0,7680000.0,21728400.0,224860000.0,2844900.0,6157600.0,,31843400.0,,,49080600.0,6393200.0,280800.0,4876400.0,17025300.0,3302460000.0,0.0,0.0
2018-09-20,123116500.0,11924800.0,39986000.0,610500.0,1928100.0,1741800.0,1910100.0,,0.0,29244000.0,15360100.0,2973500.0,,16918700.0,5019300.0,9736700.0,3218700.0,18936000.0,12196800.0,23714500.0,430584000.0,3375900.0,10053000.0,,33295800.0,,,100360600.0,4728000.0,47900.0,3276000.0,16656900.0,3406520000.0,0.0,0.0
2018-09-21,129792900.0,29049600.0,135321000.0,1313500.0,1263000.0,513800.0,3717800.0,,0.0,91222000.0,10966700.0,1024100.0,,32539000.0,13283400.0,19240300.0,8805500.0,45994800.0,24854000.0,71229700.0,435128000.0,6989500.0,17402500.0,,38605400.0,,,105479700.0,6668600.0,74300.0,9448800.0,28590300.0,5652470000.0,0.0,0.0
2018-09-24,118332600.0,11385600.0,45326000.0,621200.0,1319700.0,338100.0,1530400.0,,0.0,31150000.0,10229400.0,2389800.0,,15786700.0,6708000.0,10778900.0,4375300.0,19222800.0,12515200.0,27334500.0,293912000.0,3387400.0,6389400.0,,34945600.0,,,53409600.0,8229100.0,400.0,2797500.0,16011000.0,3392030000.0,0.0,0.0
2018-09-25,118570200.0,8300800.0,47037000.0,665900.0,817900.0,313400.0,1889700.0,,0.0,33152000.0,13240400.0,2878300.0,,13758500.0,7982800.0,7919100.0,5282900.0,27622800.0,7122000.0,22668000.0,280388000.0,3538700.0,5657200.0,,25277500.0,,,44370000.0,6678200.0,47300.0,3803800.0,18579600.0,3330880000.0,0.0,0.0
2018-09-26,79347300.0,19771200.0,33428000.0,434400.0,3422000.0,419200.0,2008500.0,,0.0,37650000.0,19504800.0,2502900.0,,17787200.0,7133300.0,10162600.0,3092600.0,25252200.0,9972000.0,19352000.0,268548000.0,4053500.0,6581000.0,,36210600.0,,,79739700.0,4564300.0,2300.0,4466200.0,17755800.0,3417540000.0,0.0,0.0
2018-09-27,87934400.0,13326400.0,29572000.0,352500.0,14885400.0,287300.0,1421400.0,,0.0,36274000.0,7996600.0,6342800.0,,14471900.0,6450500.0,10826900.0,2390700.0,27266900.0,10240800.0,19091300.0,214428000.0,3841500.0,6277600.0,,33113300.0,,,59249500.0,6711700.0,9000.0,3433400.0,16090200.0,3101360000.0,0.0,0.0
2018-09-28,165453500.0,7616000.0,26739000.0,372900.0,5019300.0,225100.0,1602800.0,,0.0,35612000.0,17085200.0,3931000.0,,22740300.0,6638500.0,9071900.0,3390200.0,34265600.0,10028800.0,21647800.0,709396000.0,5945300.0,5125800.0,,28076800.0,,,70091400.0,7727700.0,65400.0,8265600.0,18918900.0,3461680000.0,0.0,0.0
2018-10-01,94742900.0,17945600.0,27709000.0,376700.0,2166400.0,198000.0,1673100.0,,0.0,33164000.0,22566000.0,6408000.0,,27893100.0,4871800.0,9364700.0,3118200.0,26407700.0,9179200.0,18883100.0,622060000.0,5064700.0,4899900.0,,27371300.0,,,62078900.0,5029800.0,8200.0,4817700.0,14982900.0,3375890000.0,0.0,0.0
2018-10-02,145276500.0,11736000.0,24888000.0,461700.0,2467100.0,277500.0,1647600.0,,0.0,40180000.0,13577600.0,2915000.0,,28440300.0,6439100.0,7462700.0,3071200.0,36031000.0,18540000.0,20787200.0,383964000.0,6702200.0,7390900.0,,25618600.0,,,47258200.0,5440300.0,359600.0,12196700.0,23263800.0,3432620000.0,0.0,0.0
2018-10-03,190137200.0,9564800.0,19607000.0,336900.0,3602800.0,347500.0,2322300.0,,0.0,26246000.0,17930600.0,6612700.0,,26027200.0,5411800.0,10542300.0,3830300.0,23109500.0,10944800.0,16648000.0,320552000.0,6107500.0,7958700.0,,29128700.0,,,64694600.0,5631100.0,800.0,6891400.0,18982200.0,3625510000.0,0.0,0.0
2018-10-04,95831200.0,9716800.0,25660000.0,452400.0,6092500.0,402800.0,2862800.0,,0.0,46576000.0,24935100.0,6427500.0,,29463000.0,4738700.0,9582300.0,3230400.0,25739600.0,12355600.0,34821700.0,391220000.0,4930300.0,7029900.0,,80557300.0,,,111545900.0,7885000.0,62800.0,4223100.0,18135900.0,3510370000.0,0.0,0.0
2018-10-05,88008500.0,16382400.0,33860000.0,466800.0,3517100.0,234200.0,7379000.0,,0.0,31852000.0,25063300.0,5676600.0,,31240100.0,4309300.0,8734100.0,2822500.0,25744000.0,11593600.0,29068900.0,426636000.0,3438100.0,5454600.0,,83325600.0,,,105951700.0,7921400.0,41300.0,4186200.0,20080200.0,3340820000.0,0.0,0.0
2018-10-08,103789500.0,19054400.0,33397000.0,664000.0,1236600.0,172800.0,3863500.0,,0.0,46190000.0,12869500.0,1947800.0,,21330700.0,5174100.0,9808100.0,2560500.0,24046000.0,9505600.0,29640600.0,408612000.0,3994100.0,7192300.0,,66864500.0,,,87742200.0,7761800.0,2000.0,3751900.0,17287800.0,3381820000.0,0.0,0.0
2018-10-09,105461800.0,18518400.0,24675000.0,499800.0,1333200.0,429200.0,2502800.0,,0.0,33690000.0,19488500.0,3066300.0,,20620400.0,4475300.0,10824500.0,4157900.0,18844400.0,9882400.0,26198600.0,273500000.0,4105600.0,6268100.0,,49097900.0,,,74339000.0,5678700.0,3300.0,5025700.0,34796700.0,3531690000.0,0.0,0.0
2018-10-10,147682900.0,25828800.0,56327000.0,1078200.0,2480800.0,1216200.0,3021400.0,,0.0,58980000.0,25204700.0,3001900.0,,46921800.0,7265600.0,13917000.0,4190500.0,30610000.0,13518000.0,61376300.0,684940000.0,5796200.0,9295800.0,,114471100.0,,,214731000.0,12853500.0,391300.0,4841900.0,27008400.0,4554260000.0,0.0,0.0
2018-10-11,147013800.0,35393600.0,37424000.0,820600.0,4402100.0,1822900.0,3650900.0,,0.0,67696000.0,37665300.0,5821500.0,,68877400.0,11603200.0,17677900.0,5430700.0,35338900.0,11712000.0,63904300.0,725436000.0,5755100.0,12560300.0,,143084500.0,,,274840500.0,10209000.0,15900.0,5257700.0,29779500.0,4914090000.0,0.0,0.0
2018-10-12,111059400.0,23270400.0,32589000.0,701800.0,3325600.0,1103500.0,3130500.0,,0.0,49370000.0,31877600.0,2647900.0,,53492600.0,6998000.0,12420100.0,3446100.0,25293500.0,10703200.0,47742100.0,608236000.0,4543000.0,9878700.0,,102078400.0,,,183186500.0,7578600.0,284400.0,5217800.0,25661700.0,4024010000.0,0.0,0.0
2018-10-15,70523500.0,20819200.0,30099000.0,789000.0,3139400.0,469200.0,2441900.0,,0.0,30074000.0,16658500.0,1860000.0,,32747600.0,6398700.0,11608500.0,4265900.0,15433500.0,10748400.0,32068100.0,449760000.0,3805700.0,9691500.0,,64885300.0,,,102263700.0,8209000.0,6200.0,6142600.0,24916500.0,3327160000.0,0.0,0.0
2018-10-16,92529000.0,19937600.0,30355000.0,411800.0,1515900.0,539900.0,2541800.0,,0.0,38378000.0,18955700.0,2703900.0,,35569100.0,9592800.0,10442500.0,4094700.0,19180100.0,10570800.0,31610200.0,408712000.0,4061600.0,9462600.0,,71979700.0,,,118255800.0,10748100.0,10100.0,6074400.0,33725100.0,3460260000.0,0.0,0.0
2018-10-17,89466900.0,18924800.0,20262000.0,522000.0,1090900.0,1205400.0,2129300.0,,0.0,35652000.0,18739400.0,3336200.0,,24140100.0,8261100.0,11055800.0,3608400.0,17592000.0,11788000.0,26548200.0,329668000.0,4495900.0,10375300.0,,66987600.0,,,110626000.0,8173600.0,19000.0,5479700.0,28618200.0,3347090000.0,0.0,0.0
2018-10-18,79623700.0,12726400.0,37442000.0,514600.0,950100.0,592800.0,2624600.0,,0.0,46152000.0,28653800.0,2587700.0,,31042700.0,7583900.0,12716900.0,3378600.0,21675100.0,14151600.0,32506200.0,524020000.0,4093700.0,9869500.0,,82486200.0,,,134557500.0,9555600.0,400.0,5397400.0,34195200.0,3639300000.0,0.0,0.0
2018-10-19,130799900.0,14619200.0,32231000.0,453700.0,1596800.0,362700.0,2099800.0,,0.0,41286000.0,20606400.0,5531900.0,,34214200.0,5924800.0,13989200.0,3510000.0,19761300.0,11280800.0,32785500.0,613608000.0,5109000.0,30276400.0,,82923700.0,,,139901600.0,11266200.0,2600.0,3817300.0,26852100.0,3593940000.0,0.0,0.0
2018-10-22,114158900.0,13025600.0,25619000.0,735900.0,1011200.0,504100.0,2007300.0,,0.0,27116000.0,15049900.0,1690100.0,,28218300.0,4864300.0,14283600.0,5703500.0,15424700.0,9051600.0,26545600.0,368844000.0,5477700.0,14124100.0,,52909300.0,,,82415800.0,8165700.0,4900.0,8097200.0,21368700.0,3331270000.0,0.0,0.0
2018-10-23,101763000.0,15312000.0,35990000.0,622600.0,1632200.0,927100.0,2656700.0,,0.0,37686000.0,20873200.0,4420100.0,,37228100.0,8282700.0,17483900.0,12918300.0,19095000.0,16343600.0,43770400.0,626436000.0,4484100.0,16269500.0,,77567000.0,,,146352700.0,12350000.0,1300.0,8845700.0,28217400.0,4373710000.0,0.0,0.0
2018-10-24,134489100.0,15937600.0,37810000.0,733000.0,2049900.0,821300.0,3100200.0,,0.0,49286000.0,23827800.0,4881200.0,,40412400.0,8279200.0,21626000.0,7866400.0,27744600.0,17677200.0,63897800.0,884288000.0,8222900.0,26703500.0,,102997400.0,,,177806700.0,13312400.0,2600.0,3283500.0,31094100.0,4738670000.0,0.0,0.0
2018-10-25,189173700.0,12913600.0,35193000.0,473900.0,1609400.0,1777600.0,2218900.0,,0.0,72956000.0,29513700.0,3559900.0,,32311300.0,9720700.0,14220200.0,4646400.0,22105700.0,14974800.0,61646800.0,951720000.0,6712900.0,14647000.0,,83481100.0,,,138061500.0,9927300.0,700.0,4280200.0,32211300.0,4663930000.0,0.0,0.0
2018-10-26,119689000.0,20344000.0,53324000.0,653900.0,3173800.0,812700.0,3995400.0,,0.0,106438000.0,27424100.0,4220800.0,,36986100.0,11371400.0,21458000.0,4741600.0,31303300.0,15212000.0,55523100.0,664784000.0,5872800.0,14335900.0,,130970900.0,,,201574600.0,11973200.0,5300.0,4335900.0,44776800.0,4804330000.0,0.0,0.0
2018-10-29,94479600.0,15252800.0,28636000.0,447200.0,1740300.0,942300.0,3801400.0,,0.0,81290000.0,23379400.0,3766900.0,,33031300.0,6783000.0,20932200.0,3485200.0,31336800.0,13245600.0,55162000.0,758016000.0,5706000.0,12878900.0,,111871900.0,,,160749100.0,8269300.0,1000.0,4170900.0,38118300.0,4701260000.0,0.0,0.0
2018-10-30,99049400.0,14643200.0,29697000.0,547600.0,1824400.0,600400.0,2410500.0,,0.0,59768000.0,24105300.0,5746600.0,,29017200.0,9646200.0,20895400.0,5582900.0,50528300.0,13726400.0,65350900.0,807192000.0,4900400.0,13844000.0,,92584000.0,,,157116000.0,12106400.0,8900.0,3713900.0,38125500.0,5125600000.0,0.0,0.0
2018-10-31,110463700.0,18435200.0,28146000.0,694600.0,2807500.0,661700.0,2674600.0,,0.0,70916000.0,23047900.0,3956700.0,,36785400.0,9968900.0,25309400.0,5424700.0,60101300.0,12624800.0,51062400.0,745772000.0,6449500.0,13362400.0,,73828600.0,,,128296300.0,12610900.0,1000.0,5737500.0,37064700.0,5133380000.0,0.0,0.0
2018-11-01,136896500.0,21539200.0,36830000.0,715800.0,3204600.0,542300.0,2095000.0,,0.0,40132000.0,33115700.0,4834300.0,,28496400.0,6913500.0,16494500.0,3701200.0,25640800.0,12301200.0,33384200.0,566528000.0,5736700.0,9732400.0,,52706800.0,,,99495000.0,14348600.0,100.0,4285800.0,23205300.0,4730250000.0,0.0,0.0
2018-11-02,123788000.0,49444800.0,40241000.0,528500.0,2345600.0,697400.0,2167200.0,,0.0,43438000.0,19675800.0,5250900.0,,26671600.0,7673200.0,17584900.0,4190900.0,24708700.0,13493200.0,37680200.0,452960000.0,6705700.0,11336000.0,,75966800.0,,,122634100.0,9736200.0,1200.0,14068000.0,21909600.0,4261230000.0,0.0,0.0
2018-11-05,108016700.0,15259200.0,27609000.0,590000.0,5464500.0,419300.0,2513900.0,,0.0,45358000.0,12299600.0,2446700.0,,16940900.0,5601400.0,16543500.0,4747300.0,15971200.0,10170400.0,27922100.0,379332000.0,5270400.0,12270100.0,,39573500.0,,,65622500.0,8591900.0,13800.0,6764400.0,22850400.0,3650910000.0,0.0,0.0
2018-11-06,144995700.0,14411200.0,29464000.0,834400.0,6481800.0,467700.0,2101300.0,,0.0,28660000.0,14675500.0,2456700.0,,15572900.0,5798900.0,14373400.0,4864700.0,16667100.0,8070400.0,24340200.0,299012000.0,3913400.0,8857800.0,,34410400.0,,,60085900.0,8578100.0,4100.0,4607300.0,19106100.0,3543800000.0,0.0,0.0
2018-11-07,121115800.0,12200000.0,29004000.0,2267600.0,3330600.0,595200.0,2603600.0,,0.0,43388000.0,26155500.0,3297600.0,,22127800.0,7173600.0,12239700.0,4363900.0,21877400.0,19954800.0,37901700.0,483812000.0,4219600.0,9019800.0,,51169600.0,,,102752100.0,6568700.0,69300.0,4831900.0,26017800.0,3929080000.0,0.0,0.0
2018-11-08,92387600.0,8379200.0,29796000.0,1079600.0,2177200.0,516700.0,2140600.0,,0.0,33694000.0,20677500.0,2188900.0,,14987700.0,5497100.0,9762800.0,3318600.0,24145800.0,56547600.0,25644100.0,511352000.0,2925100.0,6614400.0,,40296500.0,,,65584900.0,7953700.0,279700.0,3636200.0,17884200.0,3673550000.0,0.0,0.0
2018-11-09,85900700.0,12452800.0,33611000.0,1057800.0,3692600.0,293500.0,2256700.0,,0.0,34860000.0,20869300.0,2772700.0,,20654400.0,5343100.0,12398100.0,3237000.0,17326900.0,21364000.0,32039200.0,413240000.0,5026300.0,10713500.0,,50602700.0,,,98812600.0,5975400.0,15300.0,4188700.0,25351200.0,4029030000.0,0.0,0.0
2018-11-12,95948200.0,13356800.0,50306000.0,809200.0,1590200.0,338600.0,2301400.0,,0.0,34002000.0,22319600.0,3704900.0,,21886800.0,7013600.0,13918300.0,3080800.0,18542100.0,20043600.0,33621800.0,617116000.0,4781900.0,12522100.0,,62578400.0,,,99673600.0,11666700.0,3200.0,3833400.0,26829300.0,3701570000.0,0.0,0.0
2018-11-13,76126000.0,11617600.0,26697000.0,889100.0,1902600.0,272400.0,1548100.0,,0.0,25750000.0,22907600.0,3265000.0,,18468500.0,7432300.0,13872900.0,2358100.0,15141700.0,11031600.0,35374600.0,644712000.0,3609900.0,13438700.0,,64128100.0,,,98176600.0,15057100.0,500.0,2708800.0,23870100.0,4112820000.0,0.0,0.0
2018-11-14,106344300.0,14102400.0,25411000.0,689700.0,2853500.0,327300.0,1896500.0,,0.0,34666000.0,44747700.0,4626400.0,,24549100.0,6433100.0,12106800.0,3407500.0,22068400.0,15397200.0,39495100.0,526580000.0,4423800.0,11623000.0,,75270700.0,,,125335900.0,10404900.0,63900.0,3392100.0,31445700.0,4449060000.0,0.0,0.0
2018-11-15,97715500.0,20539200.0,36694000.0,767600.0,2261800.0,271900.0,2722300.0,,0.0,41584000.0,32332600.0,2621300.0,,24482000.0,6657900.0,12080100.0,3351100.0,30320300.0,11351600.0,38505200.0,840708000.0,4045700.0,12506000.0,,73254300.0,,,135101400.0,10840400.0,1200.0,3855800.0,48247800.0,4204960000.0,0.0,0.0
2018-11-16,112376600.0,11457600.0,36005000.0,777800.0,1454600.0,455300.0,2822400.0,,0.0,35366000.0,64912800.0,7226700.0,,29323500.0,8494300.0,13405800.0,3759500.0,37250600.0,8809200.0,33502100.0,1963520000.0,4484300.0,13013500.0,,65390700.0,,,126668000.0,16382400.0,300.0,5241900.0,42705600.0,3996970000.0,0.0,0.0
2018-11-19,93578200.0,14345600.0,35326000.0,628700.0,3091600.0,386100.0,1949500.0,,0.0,45684000.0,36567300.0,3447800.0,,21540900.0,8714600.0,13575800.0,3745900.0,44362700.0,16319600.0,44773900.0,1697820000.0,4673900.0,9458300.0,,67280500.0,,,103061700.0,15191700.0,119400.0,6656300.0,27643200.0,3806940000.0,0.0,0.0
2018-11-20,109869400.0,15972800.0,32123000.0,1397200.0,2483800.0,353100.0,3704800.0,,0.0,54458000.0,21901900.0,3658600.0,,25907000.0,8937700.0,16255300.0,3708300.0,41939500.0,18521200.0,64052500.0,1692032000.0,5087800.0,12074000.0,,102652800.0,,,136021300.0,11673500.0,7600.0,10882000.0,37861800.0,4370820000.0,0.0,0.0
2018-11-21,81585600.0,11225600.0,19926000.0,534300.0,1192000.0,281700.0,2036500.0,,0.0,29698000.0,16560400.0,1897000.0,,17902300.0,10275400.0,13559200.0,3410600.0,25469700.0,14052800.0,28130600.0,1025496000.0,3245000.0,8911800.0,,42965800.0,,,75563700.0,7013100.0,8800.0,5246200.0,28052700.0,3237400000.0,0.0,0.0
2018-11-23,54611300.0,3763200.0,8066000.0,222200.0,916200.0,312900.0,1007500.0,,0.0,14178000.0,9708100.0,531200.0,,11134800.0,3404900.0,4792500.0,1747700.0,11886100.0,7131600.0,13823100.0,411968000.0,1444700.0,4399600.0,,23503700.0,,,42807900.0,2320500.0,900.0,1640200.0,14670000.0,1651680000.0,0.0,0.0
2018-11-26,83211000.0,8056000.0,28714000.0,381500.0,1617200.0,379700.0,2205600.0,,0.0,31558000.0,19807100.0,2345600.0,,15346400.0,7590900.0,9341900.0,3843300.0,24263600.0,17565600.0,32336200.0,814832000.0,2972500.0,8171400.0,,42012600.0,,,79981400.0,7077300.0,15700.0,4428100.0,30103800.0,3523520000.0,0.0,0.0
2018-11-27,119230100.0,6796800.0,30406000.0,445700.0,1281200.0,256200.0,2369800.0,,0.0,33048000.0,14370700.0,2334400.0,,14461800.0,5962100.0,9180700.0,2194200.0,20750300.0,13311600.0,29124500.0,738060000.0,2884700.0,9023400.0,,36608100.0,,,75502400.0,6870200.0,11300.0,2747300.0,27126900.0,3494380000.0,0.0,0.0
2018-11-28,134425300.0,10998400.0,31080000.0,939600.0,3128900.0,420900.0,2765600.0,,0.0,46042000.0,23513100.0,3582500.0,,26125900.0,8411400.0,11368700.0,3279500.0,29847500.0,12556000.0,46788500.0,804524000.0,3989400.0,8093700.0,,70141000.0,,,127629600.0,8380200.0,2000.0,4785700.0,30212400.0,3984540000.0,0.0,0.0
2018-11-29,79853700.0,9257600.0,17920000.0,1014900.0,1494500.0,508900.0,1478700.0,,0.0,31004000.0,17927900.0,4313000.0,,15134500.0,6900000.0,11564300.0,4617100.0,24238700.0,10710400.0,28123200.0,549172000.0,2878700.0,6126900.0,,44885700.0,,,82346400.0,7056600.0,4300.0,4539300.0,18723900.0,3599200000.0,0.0,0.0
2018-11-30,82370700.0,12088000.0,40083000.0,1232900.0,1599900.0,441800.0,2764000.0,,0.0,59668000.0,15081000.0,3069700.0,,20304700.0,12517600.0,25538200.0,6635700.0,25732600.0,11423600.0,33665600.0,729564000.0,8051100.0,16291800.0,,36722800.0,,,98204200.0,8734400.0,2100.0,6242700.0,31992000.0,4668310000.0,0.0,0.0
2018-12-03,139607400.0,14281600.0,35241000.0,1568000.0,1762700.0,442500.0,2481500.0,,0.0,57532000.0,27052900.0,6008500.0,,23379800.0,8827200.0,14877200.0,4401700.0,24819200.0,13891600.0,34732800.0,890804000.0,6112600.0,13934700.0,,50771700.0,,,103176300.0,7457600.0,19700.0,5523900.0,27246300.0,4221580000.0,0.0,0.0
2018-12-04,127392900.0,12905600.0,36455000.0,948600.0,1705500.0,469300.0,3418600.0,,0.0,45630000.0,32066500.0,7748800.0,,41077900.0,9803500.0,19059900.0,4436200.0,30307400.0,22089200.0,45197000.0,812112000.0,7018200.0,11123600.0,,70594700.0,,,177986000.0,13321200.0,1100.0,4473400.0,31278900.0,4515710000.0,0.0,0.0
2018-12-06,103434700.0,20971200.0,57859000.0,854000.0,2069900.0,448100.0,4029800.0,,0.0,47436000.0,27661900.0,9429900.0,,37581200.0,11572500.0,17674900.0,4878000.0,28218100.0,18468800.0,49107400.0,692308000.0,5191700.0,14199200.0,,71715500.0,,,204185400.0,12075700.0,50500.0,9417400.0,31101600.0,5180430000.0,0.0,0.0
2018-12-07,105764500.0,13280000.0,78396000.0,650300.0,1872900.0,411100.0,2881900.0,,0.0,42682000.0,28901200.0,7319100.0,,28525100.0,9444500.0,15565700.0,3088000.0,21195500.0,14752400.0,45044900.0,681676000.0,4615500.0,7996800.0,,80432200.0,,,161018900.0,10802700.0,62800.0,5018600.0,25489500.0,4242240000.0,0.0,0.0
2018-12-10,77984500.0,11220800.0,43344000.0,735600.0,2430600.0,429700.0,2650000.0,,0.0,33652000.0,23434700.0,9045700.0,,30776600.0,6848100.0,12331100.0,3084900.0,26422200.0,15217200.0,40801500.0,629472000.0,4150600.0,9307600.0,,73960800.0,,,151445900.0,12439100.0,27000.0,4263700.0,21830700.0,4162880000.0,0.0,0.0
2018-12-11,88027400.0,11216000.0,57730000.0,1018600.0,1504200.0,551700.0,2466800.0,,0.0,33852000.0,19243900.0,5290100.0,,29229300.0,9857400.0,18083600.0,2889100.0,20300300.0,15389200.0,42381900.0,671912000.0,5545100.0,8743800.0,,59058300.0,,,121504400.0,8635800.0,52300.0,5070900.0,19357500.0,3963440000.0,0.0,0.0
2018-12-12,100340700.0,8468800.0,68703000.0,1034200.0,2346300.0,252700.0,2891400.0,,0.0,28960000.0,17571500.0,3727200.0,,27894800.0,8869200.0,12316900.0,3024600.0,23696900.0,12226800.0,36183000.0,654136000.0,4889700.0,9644000.0,,53780000.0,,,97976700.0,8405400.0,51100.0,7325900.0,28917600.0,4029300000.0,0.0,0.0
2018-12-13,88108300.0,7195200.0,54355000.0,576300.0,2154100.0,268900.0,2170200.0,,0.0,24986000.0,15859200.0,4116000.0,,23205400.0,6008300.0,13766200.0,2737500.0,18148600.0,16995600.0,31333400.0,471384000.0,6181200.0,18541300.0,,46378500.0,,,96662700.0,5825900.0,20200.0,5780200.0,24126900.0,3978340000.0,0.0,0.0
2018-12-14,84713600.0,10068800.0,42727000.0,763500.0,3962100.0,327200.0,8822300.0,,0.0,36358000.0,16397600.0,3530000.0,,24037200.0,58140200.0,13835900.0,4450000.0,21785800.0,14458400.0,47043100.0,471820000.0,7404200.0,12657300.0,,56547400.0,,,116961100.0,5969600.0,45700.0,4239300.0,34480800.0,4064370000.0,0.0,0.0
2018-12-17,115437900.0,20771200.0,56238000.0,622000.0,2348000.0,194700.0,4739400.0,,0.0,49932000.0,24124900.0,7627000.0,,36468500.0,36933100.0,18482700.0,4566700.0,24334000.0,12942800.0,56957300.0,662868000.0,6015300.0,12427600.0,,74834100.0,,,165492300.0,10733100.0,2200.0,6226800.0,27005400.0,4661420000.0,0.0,0.0
2018-12-18,101512900.0,17600000.0,51849000.0,735100.0,1492300.0,246000.0,3308500.0,,0.0,43640000.0,25284300.0,4461400.0,,42277200.0,24640100.0,14765700.0,4269000.0,24709100.0,12918800.0,49319200.0,564372000.0,5846200.0,12250600.0,,63642100.0,,,134515100.0,7100400.0,42700.0,5057200.0,28820100.0,4519190000.0,0.0,0.0
2018-12-19,120644500.0,15465600.0,59728000.0,846500.0,1874000.0,249000.0,3369600.0,,0.0,58264000.0,32062700.0,7710900.0,,47676600.0,21232100.0,17903800.0,3883800.0,57404900.0,12641600.0,68198200.0,745364000.0,6915400.0,10825600.0,,81856500.0,,,214992800.0,11786400.0,10700.0,4556000.0,36694500.0,5152830000.0,0.0,0.0
2018-12-20,119394500.0,20411200.0,75365000.0,1195500.0,2696900.0,269500.0,4250900.0,,0.0,53674000.0,68796100.0,9245200.0,,57908100.0,16609600.0,21130000.0,5775300.0,40297900.0,13216800.0,70334200.0,749588000.0,8468300.0,14439200.0,,99002100.0,,,252053400.0,12540400.0,6800.0,7677400.0,49121400.0,5619780000.0,0.0,0.0
2018-12-21,132246000.0,23038400.0,102138000.0,2091200.0,3648100.0,323100.0,5080200.0,,0.0,104656000.0,56295000.0,4918800.0,,59404800.0,19732900.0,32477700.0,8536900.0,56901500.0,23479600.0,111242100.0,863740000.0,13263600.0,24030000.0,,141129400.0,,,255345600.0,16981000.0,212100.0,7803500.0,44764500.0,7657890000.0,0.0,0.0
2018-12-24,62933100.0,7148800.0,28494000.0,645000.0,998400.0,150200.0,2031700.0,,0.0,36360000.0,18853600.0,6373000.0,,28575700.0,7531900.0,10733700.0,2400900.0,22066000.0,7995600.0,43935200.0,463840000.0,3354000.0,7396300.0,,56163300.0,,,147311600.0,6288500.0,100.0,2728400.0,18330900.0,2613670000.0,0.0,0.0
2018-12-26,108811800.0,11830400.0,36741000.0,625700.0,1516000.0,231200.0,3268800.0,,0.0,46318000.0,25010300.0,5477700.0,,40182700.0,9253000.0,14342600.0,4065500.0,39723400.0,14954000.0,51634800.0,695100000.0,4537000.0,8630900.0,,98982100.0,,,218485400.0,10063400.0,2300.0,6044000.0,30084900.0,4249740000.0,0.0,0.0
2018-12-27,111373000.0,12408000.0,37507000.0,811900.0,2415500.0,518700.0,2705900.0,,0.0,45996000.0,31806100.0,4602100.0,,39527900.0,9918700.0,16966500.0,3934500.0,31202500.0,9873200.0,49498500.0,637044000.0,5175900.0,11360100.0,,85824300.0,,,186267300.0,8688600.0,2800.0,3088500.0,29644500.0,4139010000.0,0.0,0.0
2018-12-28,109214400.0,12035200.0,28702000.0,579100.0,1470000.0,604200.0,2037800.0,,0.0,34398000.0,30106400.0,4543100.0,,35994400.0,6537200.0,13218200.0,2896800.0,22627600.0,11212000.0,38196300.0,628728000.0,5410300.0,9611800.0,,77856600.0,,,153100200.0,7369000.0,8600.0,2659600.0,29622000.0,3728440000.0,0.0,0.0
2018-12-31,84732200.0,11876800.0,26590000.0,675700.0,1095200.0,275200.0,1729400.0,,0.0,33110000.0,14153600.0,7227500.0,,29173400.0,7409900.0,10576300.0,2482600.0,24625300.0,9046000.0,33173800.0,465140000.0,5019100.0,7239500.0,,53015300.0,,,144299400.0,4600600.0,21400.0,2697800.0,21017400.0,3461920000.0,0.0,0.0
2019-01-02,87148700.0,10433600.0,30346000.0,1108500.0,1714700.0,408800.0,2143100.0,,0.0,31868000.0,26977400.0,18668600.0,,27295100.0,7631700.0,11603700.0,2571500.0,28146200.0,15003200.0,35329300.0,508752000.0,4835400.0,9843900.0,,58576700.0,,,126925200.0,5273100.0,2300.0,3952300.0,24458100.0,3733160000.0,0.0,0.0
2019-01-03,117277600.0,12809600.0,68580000.0,964200.0,1372100.0,340400.0,2877700.0,,0.0,41960000.0,32776600.0,10616700.0,,29294600.0,8654500.0,14714400.0,3728200.0,22717900.0,23053200.0,42579100.0,705552000.0,5975900.0,9820200.0,,74820200.0,,,144140700.0,15998000.0,1800.0,2940800.0,24831900.0,3858830000.0,0.0,0.0
2019-01-04,111878600.0,18960000.0,54248000.0,865900.0,1979500.0,297800.0,2761600.0,,0.0,46022000.0,38754000.0,6616700.0,,35355300.0,8831700.0,13013700.0,3194300.0,29002100.0,16141200.0,44060600.0,585620000.0,6293900.0,10565700.0,,74709300.0,,,142628800.0,14178200.0,16000.0,3017400.0,24087300.0,4234140000.0,0.0,0.0
2019-01-07,107157000.0,21132800.0,53433000.0,768500.0,1713500.0,374000.0,2226600.0,,0.0,47446000.0,38127600.0,5459200.0,,30477900.0,8404700.0,13135500.0,3283000.0,20089300.0,13304400.0,35656100.0,709160000.0,5220300.0,9012500.0,,52059300.0,,,103139100.0,6850800.0,18400.0,5250900.0,23369100.0,4133120000.0,0.0,0.0
2019-01-08,121271000.0,12222400.0,36795000.0,769600.0,2244600.0,248900.0,2366500.0,,0.0,35414000.0,30795000.0,6879500.0,,27320900.0,9351600.0,15420700.0,2941400.0,26263800.0,24118800.0,31514400.0,786016000.0,6407700.0,9551300.0,,49388700.0,,,102512600.0,11462600.0,221400.0,3681700.0,21602700.0,4120060000.0,0.0,0.0
2019-01-09,163944100.0,9145600.0,52971000.0,692400.0,1653300.0,361200.0,1862900.0,,0.0,26998000.0,40909400.0,3248700.0,,25764600.0,7403500.0,18032500.0,2680700.0,22205900.0,24953600.0,32280800.0,617260000.0,8521300.0,15015600.0,,46491700.0,,,95006600.0,11770300.0,25400.0,3416900.0,18816900.0,4088740000.0,0.0,0.0
2019-01-10,115629400.0,6532800.0,29594000.0,529200.0,1655100.0,644700.0,2340700.0,,0.0,26598000.0,50520000.0,14413000.0,,22896800.0,6224400.0,15976600.0,2498500.0,16125000.0,25655600.0,30067600.0,523156000.0,7905000.0,11102300.0,,38943400.0,,,96823900.0,7894600.0,39900.0,4586800.0,28188900.0,3721300000.0,0.0,0.0
2019-01-11,85110800.0,6496000.0,20158000.0,497800.0,1077000.0,489800.0,1861100.0,,0.0,30864000.0,19793300.0,3825700.0,,22428400.0,5300400.0,11088600.0,2348900.0,12908000.0,15882000.0,28314200.0,874764000.0,5939000.0,7166600.0,,30176600.0,,,73858100.0,7232700.0,35000.0,3299300.0,16183800.0,3447460000.0,0.0,0.0
2019-01-14,71350200.0,6755200.0,25498000.0,454100.0,1288000.0,329000.0,1523100.0,,0.0,28490000.0,20137700.0,3090100.0,,29185000.0,7374400.0,11514300.0,1886200.0,20520300.0,12310400.0,28437100.0,730168000.0,5804600.0,7952000.0,,30710200.0,,,70908200.0,6146200.0,27100.0,4236800.0,21255300.0,3689370000.0,0.0,0.0
2019-01-15,62785800.0,11307200.0,39247000.0,376400.0,3202800.0,357600.0,1681900.0,,0.0,37518000.0,24799000.0,4148000.0,,25678900.0,5194400.0,11342900.0,3860200.0,24069000.0,9076800.0,31587600.0,617012000.0,4508000.0,7834500.0,,40874200.0,,,85208300.0,10165800.0,16300.0,3058600.0,21174600.0,3601180000.0,0.0,0.0
2019-01-16,70849300.0,8432000.0,24484000.0,311700.0,1506700.0,289500.0,1455000.0,,0.0,38280000.0,26508100.0,4820800.0,,20827300.0,6264200.0,16907800.0,3375600.0,18025700.0,13502000.0,29853900.0,470104000.0,4953500.0,7964500.0,,33812200.0,,,77636700.0,8727400.0,21600.0,3899200.0,16230000.0,3882180000.0,0.0,0.0
2019-01-17,85018400.0,10988800.0,35154000.0,485200.0,4290300.0,526500.0,1517100.0,,0.0,24896000.0,24574400.0,5328100.0,,19273400.0,7632000.0,12044600.0,3061000.0,15787900.0,10259200.0,28393000.0,493436000.0,4612200.0,8044500.0,,39329000.0,,,96118400.0,21916900.0,400.0,3331700.0,16843500.0,3802410000.0,0.0,0.0
2019-01-18,88131000.0,23451200.0,34634000.0,398600.0,2003000.0,499100.0,2115400.0,,0.0,44892000.0,36236400.0,6617500.0,,28306700.0,10593000.0,12760700.0,3498000.0,31029600.0,15935200.0,37427600.0,651336000.0,5142700.0,9100300.0,,57183200.0,,,127900300.0,12905900.0,326000.0,3435600.0,18361800.0,4009010000.0,0.0,0.0
2019-01-22,78513700.0,13180800.0,37156000.0,470800.0,2042000.0,295300.0,3310800.0,,0.0,39632000.0,25504200.0,5814400.0,,27741100.0,10568100.0,11700400.0,3190300.0,22378700.0,11304000.0,32371300.0,661552000.0,5298200.0,13518500.0,,56711700.0,,,115531200.0,13381700.0,426900.0,3867000.0,24189600.0,3923950000.0,0.0,0.0
2019-01-23,77811300.0,7195200.0,31771000.0,428700.0,1830400.0,228100.0,2220200.0,,0.0,25194000.0,18529400.0,3507300.0,,20621300.0,9267800.0,12058300.0,2530700.0,20098400.0,11882000.0,25874300.0,591020000.0,5197400.0,22869000.0,,38106100.0,,,86030300.0,13918600.0,400.0,4387800.0,25037400.0,3358770000.0,0.0,0.0
2019-01-24,97433400.0,6510400.0,35999000.0,567100.0,1263300.0,360500.0,1994400.0,,0.0,29114000.0,17875500.0,6030700.0,,16976300.0,9917000.0,10272000.0,3214200.0,20955500.0,12034400.0,23164800.0,708972000.0,4478000.0,12146400.0,,32417800.0,,,59204100.0,14094100.0,395600.0,3841900.0,22829100.0,3449230000.0,0.0,0.0
2019-01-25,110239500.0,11948800.0,30333000.0,319600.0,1422400.0,411700.0,2252300.0,,0.0,23260000.0,16775200.0,2763300.0,,22266900.0,7585100.0,12066500.0,4405600.0,22237200.0,7392800.0,31225600.0,1154572000.0,5074800.0,10618000.0,,36515900.0,,,96883400.0,16763700.0,101100.0,3375700.0,21654600.0,3821000000.0,0.0,0.0
2019-01-28,135164100.0,18585600.0,31320000.0,290300.0,1479100.0,277000.0,1999400.0,,0.0,29334000.0,14694100.0,3116100.0,,22784700.0,6927700.0,9966900.0,4138700.0,15508500.0,7463600.0,29476700.0,2511528000.0,4055900.0,9765600.0,,33491200.0,,,85613700.0,14086500.0,103800.0,3821300.0,17627400.0,3630820000.0,0.0,0.0
2019-01-29,131202500.0,16270400.0,27870000.0,250300.0,1887100.0,491400.0,1636500.0,,0.0,19704000.0,18717000.0,2836700.0,,12084800.0,6669300.0,11998600.0,3666700.0,17632100.0,6033200.0,31490500.0,1153932000.0,4301500.0,9769800.0,,30784200.0,,,66136300.0,10100800.0,2400.0,2159800.0,15760200.0,3518070000.0,0.0,0.0
2019-01-30,211421200.0,13344000.0,28727000.0,394200.0,3685400.0,315900.0,1589800.0,,0.0,29452000.0,25993500.0,5788300.0,,25516900.0,7299300.0,12952500.0,9489900.0,44613200.0,8001200.0,49471900.0,974228000.0,5023800.0,7750200.0,,41346500.0,,,92473700.0,9281600.0,4900.0,2272500.0,35547900.0,3883270000.0,0.0,0.0
2019-01-31,182575600.0,9824000.0,21063000.0,354700.0,1482800.0,605200.0,4341100.0,,0.0,40232000.0,27070400.0,10206500.0,,27252900.0,17298100.0,32181500.0,10440100.0,77233600.0,10923200.0,55636400.0,842852000.0,6183400.0,16044400.0,,37258400.0,,,104012100.0,7633400.0,7200.0,3321200.0,44169000.0,4953800000.0,0.0,0.0
2019-02-01,105356200.0,13652800.0,22878000.0,367300.0,1032100.0,2769500.0,3453700.0,,0.0,33116000.0,24749900.0,9191900.0,,17057900.0,9575200.0,19130100.0,6529200.0,30806500.0,12053200.0,35535700.0,625048000.0,5010500.0,12720800.0,,32143700.0,,,85782500.0,6438300.0,700.0,3218000.0,37775700.0,3782490000.0,0.0,0.0
2019-02-04,70843800.0,8028800.0,20761000.0,487200.0,3870100.0,937900.0,1630300.0,,0.0,78408000.0,15968400.0,7283500.0,,21301700.0,7759000.0,15105700.0,4533800.0,20036000.0,17848000.0,31315100.0,528592000.0,3665000.0,11887500.0,,26718800.0,,,60744800.0,7283800.0,92000.0,3418400.0,21805800.0,3369450000.0,0.0,0.0
2019-02-05,122226000.0,10568000.0,22619000.0,279400.0,3465300.0,864200.0,2074500.0,,0.0,82296000.0,33188300.0,3331100.0,,18295900.0,6449800.0,12651900.0,4495900.0,22557000.0,20201200.0,27325400.0,542424000.0,4593400.0,9772300.0,,28156400.0,,,79552800.0,7314000.0,594400.0,2689400.0,18299700.0,3597620000.0,0.0,0.0
2019-02-06,78684300.0,8476800.0,27064000.0,310900.0,2613500.0,787500.0,1618800.0,,0.0,48256000.0,25936800.0,3489800.0,,13720600.0,5066100.0,8689100.0,3965200.0,13281200.0,10785200.0,20609800.0,702464000.0,4209400.0,8693900.0,,27970000.0,,,58347800.0,8795200.0,6300.0,2268100.0,12794700.0,3486590000.0,0.0,0.0
2019-02-07,86723900.0,6404800.0,28646000.0,375300.0,1846800.0,751300.0,2526600.0,,0.0,38298000.0,27119400.0,6937400.0,,22850800.0,6085300.0,10047800.0,4176300.0,17517600.0,6510800.0,29760700.0,637120000.0,4227700.0,8732500.0,,42036200.0,,,95482000.0,7916200.0,8800.0,2210100.0,21030300.0,4114040000.0,0.0,0.0
2019-02-08,78129300.0,11323200.0,23903000.0,350400.0,2553600.0,583900.0,2013700.0,,0.0,21766000.0,16728100.0,2602700.0,,13463000.0,4436700.0,9813300.0,4051600.0,12561400.0,6142800.0,21461100.0,461604000.0,3868300.0,7483200.0,,29020700.0,,,75788900.0,7147200.0,1800.0,3836100.0,18507600.0,3649510000.0,0.0,0.0
2019-02-11,60578700.0,11636800.0,18012000.0,425600.0,3485000.0,803300.0,2376600.0,,0.0,18498000.0,10051800.0,2637200.0,,16374800.0,4962200.0,9369300.0,3216400.0,12811200.0,6066800.0,18914100.0,495180000.0,4851100.0,8494100.0,,21434100.0,,,68021400.0,8860700.0,4000.0,2210800.0,16628400.0,3395330000.0,0.0,0.0
2019-02-12,67595400.0,21617600.0,19809000.0,402500.0,2228400.0,766400.0,2091200.0,,0.0,35036000.0,20174000.0,3305300.0,,20779900.0,6262300.0,10983300.0,4692800.0,16292300.0,8856400.0,25056600.0,591060000.0,6765300.0,11238800.0,,29722100.0,,,72270200.0,8831200.0,51100.0,3827600.0,17643900.0,3843020000.0,0.0,0.0
2019-02-13,57544200.0,15635200.0,19190000.0,310600.0,1421800.0,609300.0,1703000.0,,0.0,28042000.0,25088400.0,3772100.0,,15534500.0,7902200.0,12748800.0,5283000.0,14205100.0,6897200.0,18394900.0,605372000.0,5528000.0,11587200.0,,26094100.0,,,65277200.0,7155600.0,15100.0,3822500.0,16375500.0,3684910000.0,0.0,0.0
2019-02-14,64441200.0,25380800.0,16015000.0,305200.0,1231500.0,780000.0,1411100.0,,0.0,21106000.0,19406700.0,10568700.0,,18251000.0,3910400.0,58905400.0,4428800.0,12755200.0,11826800.0,21784700.0,827264000.0,6359200.0,7930100.0,,30326800.0,,,83234400.0,7782800.0,600700.0,2292600.0,21602400.0,3845390000.0,0.0,0.0
2019-02-15,78644100.0,65441600.0,17352000.0,419400.0,1367900.0,603300.0,2635500.0,,0.0,27826000.0,24052000.0,6879000.0,,27240200.0,6665000.0,35701600.0,4648600.0,15504400.0,10452800.0,26606900.0,1516748000.0,8889500.0,12069100.0,,32521700.0,,,97088700.0,6257600.0,7400.0,3044200.0,28443000.0,3648680000.0,0.0,0.0
2019-02-19,57517900.0,30577600.0,15152000.0,424200.0,3007300.0,645300.0,1938100.0,,0.0,21980000.0,11317700.0,8557400.0,,15856900.0,5935500.0,25511300.0,4765400.0,14345400.0,13681200.0,18038500.0,551892000.0,5596100.0,10098200.0,,19487700.0,,,59120800.0,8105700.0,3100.0,3671800.0,62091900.0,3535270000.0,0.0,0.0
2019-02-20,57091600.0,18057600.0,16150000.0,384400.0,1866400.0,495900.0,1785600.0,,0.0,24090000.0,9925700.0,4751100.0,,18317400.0,6089800.0,27464000.0,3707400.0,11770700.0,10944800.0,21607700.0,540988000.0,6038900.0,8947400.0,,32593000.0,,,76610800.0,7178600.0,92700.0,3886400.0,52895400.0,3904830000.0,0.0,0.0
2019-02-21,49608200.0,11035200.0,13254000.0,323600.0,1329900.0,749800.0,1615300.0,,0.0,33272000.0,15479800.0,4140200.0,,17497000.0,6665500.0,23121200.0,4391000.0,15607800.0,11424400.0,29063200.0,448548000.0,4825900.0,7444800.0,,25207400.0,,,64214700.0,4607300.0,2700.0,2699600.0,19239600.0,3598260000.0,0.0,0.0
2019-02-22,52650700.0,11942400.0,27225000.0,452000.0,1300900.0,531200.0,1542500.0,,0.0,29436000.0,12330300.0,3351000.0,,20411800.0,5223900.0,24728400.0,3073500.0,15858500.0,10240000.0,27763200.0,401740000.0,4865400.0,7925400.0,,27735400.0,,,78114600.0,5117800.0,3000.0,2100600.0,24260700.0,3429350000.0,0.0,0.0
2019-02-25,63221000.0,13988800.0,19245000.0,1428800.0,2255100.0,565100.0,1794000.0,,0.0,26208000.0,13698200.0,2849600.0,,17957100.0,6846600.0,23774400.0,3090800.0,18737100.0,9720000.0,23750600.0,656020000.0,3755900.0,7436100.0,,32608800.0,,,69030700.0,5101500.0,100.0,2567300.0,27705000.0,3860260000.0,0.0,0.0
2019-02-26,48470100.0,10476800.0,27211000.0,1686500.0,1460900.0,869400.0,1884100.0,,0.0,35026000.0,16049300.0,2647700.0,,21497300.0,5106900.0,20463200.0,2219100.0,13784100.0,7140400.0,21536700.0,488464000.0,4074600.0,7115300.0,,21939700.0,,,56844100.0,5587300.0,3300.0,4181600.0,25464300.0,3676200000.0,0.0,0.0
2019-02-27,62649300.0,11049600.0,29146000.0,2666400.0,1595800.0,321200.0,1482700.0,,0.0,22092000.0,14818900.0,2530600.0,,18194900.0,4378100.0,17827500.0,2261700.0,12697500.0,20493600.0,21487100.0,500256000.0,4175100.0,6013600.0,,25162000.0,,,56921600.0,8194900.0,74000.0,3589200.0,23706900.0,3771790000.0,0.0,0.0
2019-02-28,39384900.0,10566400.0,31460000.0,787000.0,2053200.0,478800.0,2055600.0,,0.0,27422000.0,21340600.0,4949900.0,,18155300.0,10133200.0,22533900.0,3297900.0,11114200.0,41896400.0,29083900.0,324944000.0,5586300.0,10575400.0,,25085500.0,,,69268300.0,5705100.0,0.0,4580200.0,34127700.0,4445780000.0,0.0,0.0
2019-03-01,48084000.0,13406400.0,19035000.0,992000.0,1399100.0,430200.0,2178200.0,,0.0,34086000.0,26455300.0,9003000.0,,19247100.0,5641600.0,16291600.0,2691000.0,11097800.0,15401200.0,23501200.0,357188000.0,3629100.0,7733200.0,,31431200.0,,,78880500.0,5299200.0,23600.0,3233900.0,31057500.0,3994950000.0,0.0,0.0
2019-03-04,48147700.0,12598400.0,17382000.0,875400.0,1797800.0,256300.0,2444700.0,,0.0,35490000.0,16034400.0,3506600.0,,23301800.0,8377700.0,15973800.0,4899800.0,18894700.0,14343200.0,26608000.0,409992000.0,4383100.0,6895300.0,,38063500.0,,,106494600.0,7081100.0,1400.0,7132300.0,23051400.0,3949730000.0,0.0,0.0
2019-03-05,35462600.0,17403200.0,21699000.0,670800.0,1595200.0,346600.0,2160200.0,,0.0,40094000.0,14510100.0,2112200.0,,16798200.0,6568900.0,13062300.0,3362500.0,28187900.0,20497600.0,19538300.0,362924000.0,3785400.0,6274600.0,,22319900.0,,,59114600.0,7192400.0,488600.0,5089800.0,18357900.0,3631380000.0,0.0,0.0
2019-03-06,60479400.0,14339200.0,19973000.0,507700.0,1566900.0,404200.0,1985300.0,,0.0,23602000.0,16806400.0,2401600.0,,29604600.0,6236900.0,14232100.0,2083900.0,21531700.0,19013600.0,17687000.0,403524000.0,4770700.0,4622300.0,,27194600.0,,,75039800.0,4433400.0,9300.0,4467900.0,14089800.0,3800180000.0,0.0,0.0
2019-03-07,52186300.0,8814400.0,25411000.0,571900.0,1468100.0,365200.0,3279100.0,,0.0,30086000.0,28101100.0,4822900.0,,26822500.0,6100400.0,12084000.0,3268100.0,18306500.0,21567600.0,25339000.0,450104000.0,4858300.0,8408600.0,,39407400.0,,,94885100.0,4231300.0,52200.0,3579100.0,18379800.0,3932150000.0,0.0,0.0
2019-03-08,49967700.0,8889600.0,22167000.0,1057200.0,1692200.0,152900.0,6782700.0,,0.0,23694000.0,21043400.0,5212000.0,,20466800.0,7046700.0,15579100.0,2757200.0,13184800.0,11852800.0,22818400.0,422416000.0,5003300.0,5144500.0,,39303200.0,,,85795800.0,5066200.0,11600.0,3973000.0,16977000.0,3424300000.0,0.0,0.0
2019-03-11,54420200.0,9100800.0,27161000.0,656200.0,1688200.0,363100.0,3748400.0,,0.0,30032000.0,17922400.0,4654100.0,,20854500.0,6150400.0,22126900.0,2071500.0,18884000.0,16770800.0,26491600.0,859728000.0,4821600.0,7544400.0,,30518400.0,,,65098900.0,6005400.0,140100.0,3277400.0,16035900.0,3764850000.0,0.0,0.0
2019-03-12,56410600.0,11440000.0,23324000.0,490400.0,1371000.0,214700.0,2647100.0,,0.0,42220000.0,20180500.0,4942800.0,,18966800.0,5552900.0,19348500.0,2191800.0,12155300.0,21994400.0,26132700.0,579576000.0,4356400.0,7597500.0,,33953500.0,,,79667500.0,5580200.0,65800.0,4597900.0,15211500.0,3432340000.0,0.0,0.0
2019-03-13,56705800.0,18328000.0,32089000.0,493100.0,1291400.0,256600.0,2421200.0,,0.0,25888000.0,24524800.0,1715000.0,,24109100.0,6446900.0,16222500.0,2612100.0,11973300.0,15572000.0,35513800.0,768900000.0,5968600.0,9883300.0,,42426100.0,,,80639200.0,6086400.0,513800.0,5225600.0,16446900.0,3782250000.0,0.0,0.0
2019-03-14,42818600.0,8155200.0,43094000.0,601800.0,3728900.0,406900.0,2300300.0,,0.0,27302000.0,12342500.0,2514700.0,,14217500.0,8493600.0,18504100.0,2375300.0,18037400.0,16541600.0,30763400.0,519384000.0,8986600.0,8590200.0,,23751500.0,,,67518400.0,4935000.0,10200.0,2368000.0,14777400.0,3505670000.0,0.0,0.0
2019-03-15,46519900.0,16424000.0,144066000.0,1486400.0,2506700.0,391300.0,5075400.0,,0.0,51886000.0,21775300.0,7846600.0,,22025900.0,11922500.0,47254500.0,6010500.0,37135400.0,25053200.0,54681100.0,661484000.0,18194200.0,30802700.0,,38192000.0,,,81309000.0,8871300.0,800.0,3760700.0,43800000.0,5969780000.0,0.0,0.0
2019-03-18,34731800.0,16673600.0,56746000.0,882700.0,1873700.0,146800.0,1735400.0,,0.0,24442000.0,10498900.0,4166200.0,,24510200.0,7369600.0,24006400.0,3669200.0,37524200.0,12222800.0,31207600.0,486992000.0,9476000.0,8442800.0,,32935100.0,,,62199800.0,6290900.0,8100.0,2922700.0,17310300.0,3620770000.0,0.0,0.0
2019-03-19,156052200.0,14472000.0,51556000.0,1127200.0,1203600.0,181800.0,1852300.0,,0.0,29788000.0,14067200.0,2138000.0,,18633100.0,5882500.0,14987000.0,4102800.0,25611500.0,26398800.0,37588700.0,854972000.0,6751700.0,7334100.0,,36893300.0,,,90268100.0,8033600.0,133700.0,2720900.0,16243200.0,3650740000.0,0.0,0.0
2019-03-20,151292100.0,9475200.0,41263000.0,684000.0,944800.0,292600.0,1499500.0,,0.0,41508000.0,31184400.0,8061700.0,,29463200.0,5475700.0,13376100.0,3522400.0,20211500.0,36526400.0,28113300.0,719148000.0,5733500.0,7513800.0,,50105000.0,,,84609200.0,5394000.0,127200.0,4261900.0,18969300.0,3779160000.0,0.0,0.0
2019-03-21,129610300.0,26641600.0,27379000.0,680100.0,1217900.0,179000.0,1617000.0,,0.0,28150000.0,16400700.0,4633500.0,,31845000.0,5765100.0,20043000.0,2830200.0,16223000.0,46838800.0,29854400.0,824312000.0,4305600.0,8221000.0,,42428500.0,,,79550400.0,6509600.0,3800.0,2994500.0,19653000.0,3612620000.0,0.0,0.0
2019-03-22,115323300.0,18156800.0,23307000.0,785200.0,1634300.0,184300.0,1873600.0,,0.0,34422000.0,27030400.0,4721900.0,,40663000.0,6528800.0,19055900.0,3319600.0,16389200.0,33364000.0,33624500.0,747644000.0,6668100.0,11035900.0,,70794500.0,,,122659300.0,6759100.0,198000.0,3882300.0,20124300.0,4253730000.0,0.0,0.0
2019-03-25,78438200.0,9987200.0,23878000.0,315900.0,1786400.0,202400.0,1357100.0,,0.0,27576000.0,23592100.0,7828800.0,,26454700.0,4500300.0,11668200.0,2651600.0,12631200.0,25551600.0,27067100.0,525212000.0,4275400.0,6955500.0,,46336500.0,,,85575200.0,4901800.0,1800.0,4295800.0,16222200.0,3406110000.0,0.0,0.0
2019-03-26,75754100.0,15344000.0,28009000.0,597800.0,1097900.0,274100.0,1193000.0,,0.0,30752000.0,18762700.0,7483700.0,,21308600.0,4758600.0,11434900.0,2609600.0,15437900.0,33153600.0,26097700.0,703508000.0,4583000.0,6909400.0,,33248100.0,,,68125900.0,5573500.0,238100.0,3703400.0,14837700.0,3288570000.0,0.0,0.0
2019-03-27,88585300.0,12572800.0,21862000.0,413200.0,1188200.0,113500.0,1351200.0,,0.0,29428000.0,16706700.0,3555900.0,,23477100.0,6764900.0,11543600.0,1684800.0,10620300.0,14867600.0,22733400.0,474372000.0,5318500.0,6037100.0,,37096700.0,,,72224700.0,7660300.0,141400.0,5556500.0,25413600.0,3422400000.0,0.0,0.0
2019-03-28,64667500.0,10120000.0,33030000.0,298100.0,1120400.0,173100.0,1396700.0,,0.0,22402000.0,19706700.0,3769600.0,,19473300.0,4602100.0,11121100.0,1977100.0,10443000.0,18092800.0,18334800.0,480264000.0,3694700.0,6793700.0,,30368200.0,,,56238500.0,6632700.0,800.0,4626300.0,24162900.0,3185460000.0,0.0,0.0
2019-03-29,53502800.0,10720000.0,24493000.0,530400.0,1296900.0,187100.0,1968000.0,,0.0,30890000.0,22358900.0,2748900.0,,28298900.0,7168400.0,16045600.0,2952000.0,13455500.0,19606000.0,25399800.0,456896000.0,5758800.0,7535400.0,,35205500.0,,,82186800.0,6116300.0,122000.0,4165800.0,22319700.0,3752520000.0,0.0,0.0
2019-04-01,63000300.0,12713600.0,27040000.0,359400.0,1756300.0,222800.0,1610200.0,,0.0,27706000.0,21353900.0,9430400.0,,20075200.0,5885200.0,11522700.0,3195100.0,10381500.0,21350400.0,22789100.0,483824000.0,5025700.0,6626500.0,,30969500.0,,,77617900.0,6834200.0,92600.0,2725300.0,25517400.0,3560090000.0,0.0,0.0
2019-04-02,53358800.0,10329600.0,22857000.0,422600.0,1345300.0,205400.0,1574300.0,,0.0,18288000.0,15129300.0,7318600.0,,18253500.0,5517800.0,8495000.0,1797700.0,23946500.0,29949200.0,18142300.0,440920000.0,3242600.0,6088800.0,,22645200.0,,,40070400.0,5580200.0,31700.0,2903700.0,18822000.0,3267210000.0,0.0,0.0
2019-04-03,197650500.0,12329600.0,22266000.0,281100.0,3047700.0,336900.0,1663600.0,,0.0,22180000.0,13746500.0,5207300.0,,19554700.0,5947000.0,12854500.0,2512300.0,27391100.0,19906000.0,22860700.0,783504000.0,4534400.0,5226500.0,,31633500.0,,,68243200.0,6821100.0,71100.0,3727000.0,17062500.0,3570000000.0,0.0,0.0
2019-04-04,82191100.0,15372800.0,15228000.0,430300.0,1827600.0,264400.0,1319700.0,,0.0,21022000.0,14435700.0,2293700.0,,15909500.0,5844600.0,7814900.0,2324900.0,17847700.0,13793600.0,20112800.0,457376000.0,3022500.0,4786100.0,,28530800.0,,,48997500.0,7610300.0,361600.0,3376600.0,12078900.0,3038740000.0,0.0,0.0
2019-04-05,65662700.0,14032000.0,18875000.0,697200.0,2268100.0,229900.0,1616200.0,,0.0,20012000.0,14227000.0,1749900.0,,21379000.0,4759700.0,7677600.0,2438400.0,9594100.0,12772000.0,15826200.0,481744000.0,3971500.0,4281800.0,,25674700.0,,,58621700.0,4430600.0,261200.0,3946000.0,13968000.0,3155970000.0,0.0,0.0
2019-04-08,58002500.0,9419200.0,13899000.0,791400.0,1769200.0,226400.0,1244200.0,,0.0,21750000.0,11472100.0,3591500.0,,14202400.0,4329600.0,9421300.0,2290100.0,7297400.0,12831200.0,15116200.0,424192000.0,3140100.0,8468600.0,,22697500.0,,,53566300.0,6830300.0,1300.0,3864600.0,16267200.0,3056460000.0,0.0,0.0
2019-04-09,75539800.0,7081600.0,11621000.0,571100.0,1141200.0,189500.0,1450200.0,,0.0,19668000.0,19118700.0,3210600.0,,18534200.0,5210300.0,8641800.0,2279500.0,19751000.0,24926400.0,17612000.0,439972000.0,3864400.0,5820300.0,,25631900.0,,,66142300.0,5049900.0,200.0,4313100.0,13102500.0,3032480000.0,0.0,0.0
2019-04-10,64368100.0,10196800.0,14992000.0,524000.0,2112100.0,165400.0,1556600.0,,0.0,15510000.0,16767000.0,2059800.0,,18938800.0,4194100.0,8059900.0,2406800.0,11701500.0,22565600.0,16477200.0,444772000.0,2681100.0,5394300.0,,24563000.0,,,52601500.0,4040200.0,3100.0,3990200.0,12273300.0,3092230000.0,0.0,0.0
2019-04-11,44801200.0,8812800.0,16669000.0,368200.0,2379700.0,167200.0,2719800.0,,0.0,16998000.0,20976100.0,1547500.0,,12218700.0,4485200.0,7352400.0,1740400.0,8071000.0,32227600.0,14209100.0,374600000.0,3399700.0,5078400.0,,20654100.0,,,55093100.0,5172200.0,700.0,3489700.0,16820700.0,2970650000.0,0.0,0.0
2019-04-12,41048800.0,7438400.0,30087000.0,465800.0,1389100.0,130800.0,2187600.0,,0.0,24312000.0,17442800.0,6032100.0,,14120300.0,5756800.0,10690000.0,3238800.0,12329800.0,24633200.0,19745100.0,471708000.0,3501100.0,6707900.0,,24989100.0,,,69727800.0,6555700.0,4600.0,3590200.0,15486000.0,3726050000.0,0.0,0.0
2019-04-15,40812500.0,8699200.0,16216000.0,366400.0,1563500.0,160700.0,1859700.0,,0.0,23796000.0,13940000.0,2410700.0,,10964000.0,5380900.0,10261300.0,1973500.0,10834800.0,12122800.0,15792600.0,440092000.0,4419800.0,5639200.0,,21073000.0,,,49596700.0,5274400.0,700.0,2842700.0,15335700.0,3114530000.0,0.0,0.0
2019-04-16,47340100.0,9566400.0,21116000.0,384400.0,1152900.0,126800.0,1360500.0,,0.0,22622000.0,11543800.0,5003600.0,,16782900.0,10745700.0,10804600.0,1559200.0,11215200.0,16876400.0,14071800.0,394964000.0,5263700.0,8136100.0,,27195700.0,,,52153200.0,6639100.0,100.0,3230800.0,14485200.0,3403120000.0,0.0,0.0
2019-04-17,48240800.0,8483200.0,18138000.0,441400.0,1399000.0,180600.0,1363000.0,,0.0,30366000.0,11818600.0,2348800.0,,17108500.0,9543700.0,11849300.0,1875000.0,9973700.0,15851200.0,19300900.0,351004000.0,7318200.0,6778100.0,,29651600.0,,,58268300.0,15795700.0,7100.0,3477200.0,11187600.0,3648100000.0,0.0,0.0
2019-04-18,39880900.0,12316800.0,26548000.0,398800.0,1381600.0,164100.0,1365000.0,,0.0,24750000.0,15295500.0,4893200.0,,23276300.0,10485300.0,12167000.0,2918400.0,11655600.0,16864800.0,27991000.0,380988000.0,6331200.0,7248900.0,,28580900.0,,,68708500.0,16569800.0,0.0,3179200.0,11183400.0,3507100000.0,0.0,0.0
2019-04-22,36477300.0,8248000.0,13504000.0,310600.0,831800.0,180700.0,1300000.0,,0.0,19084000.0,24591400.0,3630000.0,,15596800.0,4666500.0,9834700.0,1738400.0,13389900.0,10366400.0,15648700.0,279936000.0,3707000.0,9057200.0,,17936000.0,,,40160100.0,10872000.0,286100.0,3166900.0,15238200.0,3010130000.0,0.0,0.0
2019-04-23,41777500.0,17656000.0,19777000.0,483700.0,1118500.0,494800.0,1524600.0,,0.0,31868000.0,15094100.0,2462100.0,,23396100.0,5790500.0,25327800.0,2192900.0,19954800.0,18608400.0,24025500.0,346856000.0,4464100.0,15979800.0,,33665600.0,,,52246600.0,11437500.0,360300.0,2535000.0,15152400.0,3674480000.0,0.0,0.0
2019-04-24,51784700.0,12545600.0,23335000.0,297400.0,1671800.0,350400.0,1156400.0,,0.0,23396000.0,11938800.0,3266700.0,,18053100.0,5676300.0,15997300.0,3070100.0,37289900.0,14675200.0,31257000.0,318204000.0,3517200.0,10094800.0,,24977100.0,,,50392900.0,10776800.0,54600.0,2735200.0,14093400.0,3468480000.0,0.0,0.0
2019-04-25,57329700.0,11262400.0,26732000.0,322200.0,2986300.0,1534200.0,1278200.0,,0.0,31344000.0,14369000.0,1457600.0,,19365100.0,5218100.0,11444400.0,2040800.0,54148800.0,18462400.0,38033900.0,499296000.0,4433700.0,6085300.0,,29517500.0,,,57770900.0,10149800.0,300700.0,3315700.0,11883300.0,3440010000.0,0.0,0.0
2019-04-26,48827900.0,10072000.0,16404000.0,488400.0,1227300.0,995600.0,1842900.0,,0.0,27228000.0,11937200.0,2156100.0,,16999100.0,4613600.0,10154300.0,2302100.0,22075000.0,21652400.0,23654900.0,868988000.0,3033800.0,7747400.0,,26359500.0,,,50916400.0,12745000.0,500.0,3630800.0,24323100.0,3264390000.0,0.0,0.0
2019-04-29,44532700.0,11384000.0,13404000.0,664300.0,2297600.0,509400.0,1429700.0,,0.0,72368000.0,7601200.0,2715000.0,,13698900.0,4275200.0,9731500.0,3456100.0,19641300.0,17014000.0,16324200.0,391920000.0,2793400.0,4787600.0,,21716200.0,,,57197700.0,9272100.0,326000.0,2567200.0,19139100.0,3150390000.0,0.0,0.0
2019-04-30,73165900.0,20316800.0,18953000.0,669300.0,2311200.0,462500.0,1427600.0,,0.0,133178000.0,11168100.0,3621900.0,,24127500.0,6003700.0,17912900.0,6162300.0,23494700.0,18260800.0,24166500.0,362920000.0,4963600.0,8251300.0,,31495300.0,,,81111700.0,11863900.0,700.0,6184100.0,18400800.0,3939760000.0,0.0,0.0
2019-05-01,136066900.0,13654400.0,18158000.0,756600.0,3147600.0,973400.0,1350400.0,,0.0,74340000.0,24574300.0,6870700.0,,17734300.0,6656300.0,10551200.0,4059600.0,15996600.0,14546000.0,26821700.0,354280000.0,3810800.0,6733800.0,,34797100.0,,,71671900.0,7319000.0,24200.0,3825500.0,16011600.0,3669330000.0,0.0,0.0
2019-05-02,100514800.0,22776000.0,20428000.0,430200.0,3847200.0,475900.0,1237600.0,,0.0,45098000.0,24936600.0,3126200.0,,22715700.0,8835600.0,8724600.0,2418000.0,13209500.0,19378800.0,27350200.0,394684000.0,2875900.0,6270300.0,,44110100.0,,,65030200.0,10717200.0,700.0,4376300.0,15021000.0,3802290000.0,0.0,0.0
2019-05-03,55503100.0,93257600.0,19214000.0,734100.0,2294800.0,385000.0,905900.0,,0.0,41588000.0,18522700.0,2625200.0,,20178800.0,5281600.0,7076900.0,2915200.0,14575400.0,39610800.0,24911100.0,336824000.0,2854900.0,4793400.0,,30386200.0,,,56543700.0,5479900.0,800.0,5232500.0,15950700.0,3357180000.0,0.0,0.0
2019-05-06,70344100.0,37404800.0,14371000.0,523600.0,1823800.0,405000.0,1194900.0,,0.0,31774000.0,18893700.0,3370100.0,,21262100.0,5818900.0,8657800.0,2371300.0,13994900.0,11751600.0,24239800.0,422176000.0,2883900.0,4890400.0,,38371800.0,,,107198100.0,10756400.0,53000.0,5325500.0,13841100.0,3203260000.0,0.0,0.0
2019-05-07,75868800.0,26312000.0,21734000.0,854200.0,2230500.0,313800.0,1775200.0,,0.0,36604000.0,30266300.0,3965800.0,,25434500.0,6606700.0,12487500.0,3072500.0,16253000.0,14836400.0,36017700.0,555220000.0,3558900.0,6021700.0,,58818100.0,,,144729900.0,10225200.0,2200.0,5209900.0,13726800.0,3793060000.0,0.0,0.0
2019-05-08,65967500.0,21316800.0,15099000.0,795000.0,2880300.0,501400.0,1611900.0,,0.0,25520000.0,27527500.0,4226600.0,,16113700.0,4667300.0,9281400.0,2040900.0,12505700.0,13036000.0,28419000.0,419168000.0,3844700.0,5392600.0,,37165300.0,,,91568300.0,8112600.0,200.0,10494100.0,17646000.0,3543110000.0,0.0,0.0
2019-05-09,73150900.0,17584000.0,22282000.0,812000.0,2816000.0,442000.0,1919300.0,,0.0,29556000.0,30890400.0,4224100.0,,25259900.0,5604200.0,11450500.0,1923600.0,12967000.0,11111600.0,27235800.0,660248000.0,3127200.0,6901700.0,,55351700.0,,,103471100.0,11229400.0,2000.0,5930200.0,18720300.0,3659050000.0,0.0,0.0
2019-05-10,82930100.0,18456000.0,21025000.0,1814900.0,2738800.0,291500.0,2036500.0,,0.0,31650000.0,33782400.0,2855400.0,,26544700.0,4771600.0,9653800.0,2668800.0,12578500.0,14350400.0,30915100.0,569500000.0,3720400.0,5815800.0,,58526400.0,,,112429300.0,8313900.0,19700.0,4873900.0,26228100.0,3566780000.0,0.0,0.0
2019-05-13,99017900.0,27542400.0,37864000.0,740200.0,2882300.0,732600.0,1962800.0,,0.0,45626000.0,34801600.0,5653400.0,,26936500.0,5560000.0,11911500.0,2809400.0,16833300.0,13098400.0,33944900.0,656912000.0,4297200.0,7575500.0,,67185800.0,,,127290500.0,11046000.0,300.0,5866300.0,22084500.0,3900270000.0,0.0,0.0
2019-05-14,82980400.0,23739200.0,34277000.0,1036300.0,1351700.0,707300.0,1635100.0,,0.0,40392000.0,18128500.0,2573200.0,,15519200.0,7179400.0,16844200.0,2787700.0,17628100.0,12142400.0,25266300.0,524880000.0,5150300.0,7004000.0,,43360600.0,,,77003200.0,7107800.0,4400.0,5193500.0,19061100.0,3354860000.0,0.0,0.0
2019-05-15,55689900.0,14097600.0,18166000.0,488800.0,1148900.0,521100.0,1194800.0,,0.0,59302000.0,19543700.0,5512300.0,,18410600.0,6429400.0,11422500.0,1899000.0,16746900.0,11801600.0,24722700.0,502320000.0,3751900.0,5535600.0,,40944500.0,,,73956400.0,5347700.0,900.0,3506800.0,20220900.0,3140900000.0,0.0,0.0
2019-05-16,67330100.0,12608000.0,34233000.0,669100.0,1431500.0,572600.0,1800600.0,,0.0,35308000.0,29384100.0,3898400.0,,13772100.0,6857200.0,17771300.0,2520500.0,12953100.0,10678400.0,30112200.0,781088000.0,4812900.0,9284200.0,,39281200.0,,,76749600.0,9214700.0,52100.0,3576600.0,51366000.0,3338470000.0,0.0,0.0
2019-05-17,65385400.0,20955200.0,39094000.0,999200.0,1377200.0,223500.0,1672000.0,,0.0,25362000.0,27089400.0,2128400.0,,21534000.0,6915300.0,11257000.0,2239600.0,10485400.0,7600000.0,25770500.0,1022068000.0,4011700.0,6370200.0,,44702300.0,,,100353000.0,11271000.0,100.0,5581100.0,37113900.0,3316040000.0,0.0,0.0
2019-05-20,69757400.0,12723200.0,65162000.0,1038000.0,1675100.0,306800.0,1600500.0,,0.0,30602000.0,15780000.0,2439600.0,,18689800.0,4771100.0,13850500.0,2217400.0,10352000.0,8453600.0,23706900.0,572064000.0,3965600.0,6565300.0,,38608300.0,,,62877600.0,13979700.0,5000.0,4867300.0,21582300.0,3293750000.0,0.0,0.0
2019-05-21,46079200.0,18158400.0,25060000.0,486400.0,2880800.0,376100.0,1504200.0,,0.0,20562000.0,15004300.0,2675300.0,,11659100.0,4859000.0,10587400.0,2264600.0,7502800.0,7090000.0,15293300.0,361848000.0,4080800.0,5226400.0,,31613800.0,,,46847100.0,11806400.0,5700.0,8589500.0,20667300.0,3223050000.0,0.0,0.0
2019-05-22,40035300.0,13576000.0,31809000.0,300100.0,2238000.0,292800.0,1242300.0,,0.0,18826000.0,14976200.0,3561900.0,,13922600.0,5456800.0,16050400.0,1760300.0,9213800.0,10860800.0,15396500.0,325868000.0,3588000.0,4889700.0,,24332600.0,,,49482500.0,12217600.0,7300.0,3870800.0,22022700.0,3194000000.0,0.0,0.0
2019-05-23,67809200.0,18601600.0,46607000.0,587700.0,1861800.0,468200.0,1822800.0,,0.0,25214000.0,18333400.0,6184500.0,,26379400.0,6951800.0,12199400.0,3560400.0,12768800.0,9119600.0,23603800.0,591844000.0,3901400.0,6175600.0,,45351300.0,,,98733800.0,14708800.0,25100.0,4289000.0,19363800.0,3899320000.0,0.0,0.0
2019-05-24,39835800.0,14000000.0,27963000.0,455200.0,1810400.0,363500.0,1340200.0,,0.0,18554000.0,17611600.0,2422800.0,,16093100.0,5473300.0,6887600.0,2105800.0,8807700.0,5647200.0,14123400.0,357584000.0,2702700.0,4372100.0,,25903300.0,,,55268100.0,10540700.0,755200.0,3022300.0,13449600.0,2889230000.0,0.0,0.0
2019-05-28,146949600.0,9075200.0,61965000.0,715800.0,1687000.0,313300.0,3164100.0,,0.0,20948000.0,20544600.0,7039000.0,,14042200.0,11919600.0,18614000.0,3675100.0,14843300.0,12062000.0,23128400.0,428356000.0,8806000.0,7615500.0,,24763800.0,,,70029400.0,12484600.0,2406800.0,5944700.0,30815100.0,4146980000.0,0.0,0.0
2019-05-29,99969600.0,9968000.0,28132000.0,536100.0,2720000.0,430300.0,2594900.0,,0.0,36230000.0,25441900.0,5251800.0,,22622300.0,23247400.0,12534600.0,2925100.0,12797700.0,11370400.0,22763100.0,559800000.0,5502700.0,7137300.0,,42178800.0,,,104972900.0,13043000.0,54800.0,5216100.0,19560600.0,3701110000.0,0.0,0.0
2019-05-30,65289100.0,6553600.0,17310000.0,926600.0,1448200.0,274400.0,2030300.0,,0.0,18088000.0,20311900.0,3461100.0,,17739100.0,7360600.0,9087200.0,2685000.0,8581500.0,6036400.0,16829600.0,394300000.0,2710300.0,4729200.0,,30354800.0,,,62523800.0,7351600.0,342700.0,6915600.0,15058800.0,3276030000.0,0.0,0.0
2019-05-31,68667800.0,11075200.0,22192000.0,1030700.0,1802600.0,283600.0,4058100.0,,0.0,31582000.0,34947400.0,6020600.0,,25411300.0,7811000.0,11368600.0,3669100.0,15226500.0,10493200.0,26646800.0,389720000.0,4191200.0,10282300.0,,45446200.0,,,86862800.0,9302700.0,1500.0,7731200.0,17782500.0,3982670000.0,0.0,0.0
2019-06-03,147532200.0,17025600.0,28911000.0,1522200.0,1557300.0,240800.0,2512500.0,,0.0,96890000.0,58940600.0,23830900.0,,26554500.0,8434600.0,14167200.0,3211800.0,56059600.0,10272800.0,37983600.0,478644000.0,3588700.0,8532900.0,,75842300.0,,,96428000.0,9618300.0,39700.0,3868100.0,19844100.0,3952360000.0,0.0,0.0
2019-06-04,107549500.0,13361600.0,36805000.0,553700.0,3255300.0,180200.0,1761500.0,,0.0,60512000.0,34113300.0,5503200.0,,21217600.0,6648900.0,12010600.0,3829900.0,46044300.0,11589600.0,29382600.0,641836000.0,4242400.0,6906400.0,,47797800.0,,,77231900.0,6985600.0,11900.0,5738800.0,17894700.0,3814130000.0,0.0,0.0
2019-06-05,79481500.0,23833600.0,23651000.0,432000.0,1618200.0,419000.0,1825500.0,,0.0,46988000.0,28368700.0,7712300.0,,18184100.0,6860600.0,15837600.0,4294600.0,19758300.0,15756400.0,24926100.0,511616000.0,5084200.0,6481700.0,,34412700.0,,,71169700.0,8219800.0,400.0,3995100.0,20708700.0,3570760000.0,0.0,0.0
2019-06-06,131267800.0,17744000.0,32687000.0,302000.0,1808500.0,160100.0,1487800.0,,0.0,29020000.0,23538600.0,2392400.0,,20772500.0,9115800.0,15190400.0,4657600.0,12446400.0,10396000.0,21459000.0,408140000.0,5528000.0,6681600.0,,29913200.0,,,69430400.0,6234000.0,3000.0,2783900.0,24191100.0,3445140000.0,0.0,0.0
2019-06-07,86841100.0,33387200.0,25963000.0,362100.0,1311800.0,180400.0,2270200.0,,0.0,43828000.0,29934000.0,2805900.0,,17107500.0,6533900.0,15293600.0,4345000.0,16917300.0,27032000.0,33885600.0,348856000.0,6332700.0,8063400.0,,45888300.0,,,74272200.0,4456900.0,35200.0,4268600.0,20428200.0,3244380000.0,0.0,0.0
2019-06-10,97668800.0,17913600.0,23280000.0,868500.0,1314300.0,167500.0,1839500.0,,0.0,28510000.0,17482200.0,6071200.0,,18912300.0,4994700.0,9737400.0,4647500.0,14767900.0,12132400.0,26477100.0,402780000.0,2957900.0,4767000.0,,41385300.0,,,60799100.0,8351800.0,28600.0,2852300.0,18977100.0,3209890000.0,0.0,0.0
2019-06-11,82834900.0,13516800.0,37105000.0,941100.0,863700.0,241800.0,1613500.0,,0.0,33508000.0,34293700.0,2735800.0,,15373000.0,8230500.0,9915600.0,2991400.0,15266600.0,15561200.0,23913700.0,383872000.0,3553600.0,8074400.0,,41260300.0,,,58641300.0,6100600.0,1000.0,2895400.0,20241900.0,3551000000.0,0.0,0.0
2019-06-12,56298700.0,10867200.0,27057000.0,832800.0,1801200.0,174500.0,1071700.0,77796800.0,0.0,23670000.0,18195500.0,2062800.0,,11957600.0,9216500.0,11088100.0,2874000.0,17699800.0,7969600.0,17092500.0,358892000.0,3302800.0,7687800.0,,27758100.0,,,47096300.0,6163200.0,10700.0,3577100.0,13905300.0,3039870000.0,0.0,0.0
2019-06-13,63556000.0,19939200.0,37735000.0,724500.0,2148300.0,300800.0,1228500.0,43695600.0,0.0,20814000.0,19438500.0,1684700.0,,14839400.0,7500800.0,10353600.0,2277800.0,12253600.0,23114000.0,17200800.0,308080000.0,2851400.0,8611400.0,,23715800.0,,,48945200.0,6646800.0,20600.0,3474800.0,16455000.0,3100640000.0,0.0,0.0
2019-06-14,70373000.0,15139200.0,100797000.0,1084200.0,1175400.0,287300.0,1287800.0,25056800.0,0.0,24582000.0,8842000.0,3880700.0,,16154800.0,6548100.0,8694300.0,2715800.0,16773700.0,15026800.0,17821700.0,394428000.0,3291800.0,6438100.0,,22844100.0,,,52324700.0,11281500.0,3270100.0,2875100.0,13577700.0,2992810000.0,0.0,0.0
2019-06-17,70865700.0,14436800.0,35785000.0,946000.0,1150000.0,291300.0,1191900.0,12990000.0,0.0,19770000.0,10554000.0,3038800.0,,12509300.0,5562800.0,12322400.0,2694400.0,29459900.0,15735600.0,14517800.0,276040000.0,2725800.0,6020000.0,,20379500.0,,,39205700.0,6500700.0,0.0,6941800.0,12441000.0,2828400000.0,0.0,0.0
2019-06-18,86444500.0,10976000.0,54920000.0,1613600.0,1147900.0,344100.0,2763200.0,26450400.0,0.0,34526000.0,22540400.0,4564900.0,,22100800.0,7122700.0,9221100.0,2470900.0,37571400.0,8952400.0,25934500.0,581920000.0,4378200.0,7731200.0,,48177300.0,,,85434800.0,12303200.0,700.0,4431900.0,14733600.0,3441540000.0,0.0,0.0
2019-06-19,63233900.0,10126400.0,28920000.0,2352300.0,1335600.0,399800.0,1628400.0,13276400.0,0.0,26714000.0,28212600.0,4541500.0,,15625000.0,6393400.0,9414100.0,2328400.0,21417100.0,7495600.0,23744400.0,331644000.0,4349900.0,7028000.0,,31672900.0,,,78674400.0,10217600.0,500.0,3856000.0,11773800.0,3300220000.0,0.0,0.0
2019-06-20,72418200.0,11283200.0,57291000.0,1014800.0,2716800.0,498200.0,1745100.0,13718400.0,0.0,24018000.0,48362000.0,4575000.0,,17595700.0,7335800.0,10656600.0,2162200.0,14635700.0,8869600.0,33042600.0,350168000.0,3847500.0,7044200.0,,40922000.0,,,116570000.0,10400000.0,1200.0,3043400.0,15004500.0,3943060000.0,0.0,0.0
2019-06-21,81861300.0,23640000.0,45399000.0,1666800.0,3536700.0,188800.0,2964000.0,10630000.0,0.0,50774000.0,22467800.0,4305200.0,,19854400.0,11272200.0,21264400.0,4267400.0,22751200.0,14230800.0,36727900.0,434428000.0,7696300.0,13799400.0,,39980400.0,,,83309500.0,12766200.0,8700.0,11378100.0,39535800.0,5003540000.0,0.0,0.0
2019-06-24,55724800.0,13912000.0,20506000.0,747100.0,1876400.0,213700.0,1586100.0,9792000.0,0.0,24236000.0,13764100.0,3046300.0,,24002600.0,5894700.0,10780000.0,2486800.0,15509000.0,7172000.0,20628800.0,282948000.0,3685800.0,5518100.0,,19375200.0,,,47582700.0,6571000.0,11100.0,4640000.0,18098400.0,3136960000.0,0.0,0.0
2019-06-25,53680900.0,9195200.0,24436000.0,1889900.0,1501200.0,290400.0,1182400.0,9920800.0,0.0,31644000.0,26173600.0,5251000.0,,17462200.0,7517000.0,11519900.0,3020900.0,16750300.0,6846000.0,33327400.0,311868000.0,4176300.0,6805600.0,,33921100.0,,,82028700.0,6790500.0,112200.0,5542400.0,18315000.0,3579430000.0,0.0,0.0
2019-06-26,65064200.0,22993600.0,24774000.0,1307000.0,1806700.0,999800.0,1334400.0,6502000.0,0.0,34698000.0,19554600.0,6675000.0,,15726900.0,7674100.0,12405100.0,2576000.0,12808600.0,8552000.0,23657700.0,584072000.0,6024100.0,7170300.0,,22595700.0,,,51584900.0,9133300.0,301500.0,9892000.0,12485100.0,3511350000.0,0.0,0.0
2019-06-27,55623300.0,18392000.0,21813000.0,897300.0,1620300.0,180700.0,1122900.0,3658000.0,0.0,24078000.0,12995100.0,2538400.0,,22278400.0,5233500.0,12374900.0,2253500.0,11159000.0,10621200.0,16557500.0,445440000.0,4750900.0,5613300.0,,19709200.0,,,40355200.0,11375200.0,776500.0,9463400.0,16443900.0,3162500000.0,0.0,0.0
2019-06-28,50090900.0,13022400.0,49265000.0,9759600.0,2012600.0,160700.0,1952500.0,5897200.0,0.0,33672000.0,14690800.0,4341500.0,,35089900.0,12792400.0,16339900.0,3658200.0,16378900.0,11620000.0,30043000.0,397668000.0,6318500.0,12152000.0,,21179200.0,,,59350900.0,7040000.0,9600.0,8405600.0,19520100.0,5422650000.0,0.0,0.0
2019-07-01,60275900.0,10636800.0,44832000.0,1060000.0,1316400.0,944400.0,1955800.0,10683600.0,0.0,29196000.0,26036100.0,8183600.0,,22850500.0,5872300.0,14976400.0,2689500.0,14181800.0,9617200.0,22613500.0,709756000.0,3544800.0,6775900.0,,31025600.0,,,78705600.0,11046800.0,1800.0,4171100.0,16544100.0,3524860000.0,0.0,0.0
2019-07-02,37721700.0,9121600.0,19011000.0,1181500.0,1291500.0,370800.0,1201300.0,6942400.0,0.0,20630000.0,20683200.0,3117100.0,,19024600.0,4501200.0,8569200.0,3120000.0,9050000.0,6654800.0,15237800.0,400228000.0,3233300.0,6578200.0,,18035800.0,,,61504500.0,4445600.0,46700.0,4029900.0,12188700.0,3224490000.0,0.0,0.0
2019-07-03,23462000.0,13291200.0,49411000.0,757900.0,746800.0,149200.0,986500.0,6256400.0,0.0,20154000.0,16237900.0,2607000.0,,9115100.0,3436300.0,7253700.0,2306000.0,10246100.0,10984800.0,13629300.0,246636000.0,2859200.0,6223300.0,,15792100.0,,,40898900.0,3125000.0,125200.0,6179900.0,9621900.0,1963570000.0,0.0,0.0
2019-07-05,34011900.0,9145600.0,24565000.0,468500.0,1248900.0,416300.0,1081500.0,3219600.0,0.0,29794000.0,17591400.0,3664100.0,,14156700.0,4652400.0,8916300.0,1876200.0,11164100.0,4376400.0,18141100.0,396552000.0,3356000.0,8694800.0,,21415600.0,,,51677300.0,3149300.0,95700.0,3071800.0,10738200.0,2434680000.0,0.0,0.0
2019-07-08,49689400.0,9840000.0,34291000.0,578500.0,1042600.0,284100.0,1236000.0,18268800.0,0.0,29888000.0,16679400.0,3254100.0,,9735700.0,4078100.0,9495100.0,1818000.0,9723900.0,8491600.0,16779700.0,329788000.0,5854500.0,5317800.0,,17598800.0,,,45841800.0,6772300.0,1561300.0,4829400.0,14147100.0,2922360000.0,0.0,0.0
2019-07-09,61419800.0,8409600.0,26131000.0,797500.0,1236900.0,168400.0,1400300.0,7130800.0,0.0,29472000.0,19189100.0,2061800.0,,12381600.0,4217400.0,10584900.0,1618800.0,14698600.0,9057200.0,19953100.0,342860000.0,8233200.0,7537700.0,,19193500.0,,,41101300.0,6577000.0,600.0,3373000.0,16270200.0,3033330000.0,0.0,0.0
2019-07-10,60388400.0,7417600.0,30134000.0,854400.0,1095600.0,579700.0,1257000.0,10877200.0,0.0,30710000.0,24497000.0,4343700.0,,17325400.0,4874400.0,7620900.0,1842300.0,20571700.0,9147200.0,24204400.0,452076000.0,6141500.0,5600700.0,,28374500.0,,,58448500.0,7945000.0,2800.0,3610700.0,13737000.0,3157800000.0,0.0,0.0
2019-07-11,63081800.0,8574400.0,20712000.0,1148200.0,1203000.0,482200.0,1985600.0,9407200.0,0.0,26004000.0,19191200.0,4769800.0,,14260800.0,5817400.0,10376500.0,1922800.0,13678500.0,6596800.0,22327900.0,682560000.0,3944200.0,4625300.0,,23736100.0,,,50826100.0,6126600.0,107400.0,5320800.0,11689800.0,3155710000.0,0.0,0.0
2019-07-12,51509700.0,7307200.0,21971000.0,924400.0,6724200.0,365300.0,2046400.0,7353200.0,0.0,21878000.0,21291200.0,4141900.0,,16678000.0,17780100.0,7347400.0,1960100.0,15366300.0,6425600.0,18936800.0,506392000.0,4481200.0,7058600.0,,20211900.0,,,40326000.0,4695800.0,109800.0,2316000.0,11229900.0,2984140000.0,0.0,0.0
2019-07-15,65565200.0,10251200.0,30334000.0,665700.0,10726100.0,597400.0,1568000.0,5300400.0,0.0,21164000.0,10735200.0,1753200.0,,12194300.0,10038200.0,5876100.0,2408500.0,16030300.0,5494400.0,16651500.0,289840000.0,3077900.0,6240700.0,,15606100.0,,,33900000.0,5784300.0,10100.0,2719200.0,10038000.0,2876100000.0,0.0,0.0
2019-07-16,66912700.0,10238400.0,14617000.0,444400.0,5246800.0,228300.0,1379200.0,6329200.0,0.0,25352000.0,20147200.0,2766100.0,,15152700.0,10214500.0,7132500.0,2380400.0,12132700.0,8581600.0,22726100.0,341444000.0,4019700.0,7644300.0,,20190900.0,,,36650100.0,6529500.0,100.0,4410100.0,10464600.0,3297030000.0,0.0,0.0
2019-07-17,42557900.0,9553600.0,15453000.0,617200.0,2128400.0,248300.0,1716600.0,4148000.0,0.0,19538000.0,9361300.0,2624400.0,,14155100.0,8862100.0,8264200.0,1698400.0,12083700.0,6763600.0,20211000.0,348204000.0,4105100.0,7861700.0,,16765100.0,,,36036300.0,5514600.0,155000.0,3056700.0,8065500.0,3185650000.0,0.0,0.0
2019-07-18,58473900.0,11798400.0,19357000.0,464700.0,2946200.0,146800.0,1696100.0,11119600.0,0.0,25450000.0,17236600.0,2386700.0,,15705500.0,6203100.0,11911800.0,2259800.0,11937900.0,8066800.0,30381800.0,442192000.0,3698600.0,5828700.0,,28877000.0,,,51392600.0,11257600.0,2091500.0,2598000.0,9670800.0,3369820000.0,0.0,0.0
2019-07-19,44617700.0,16536000.0,22047000.0,548900.0,1987900.0,300400.0,1607600.0,54676000.0,0.0,23184000.0,14771000.0,1728100.0,,17182600.0,8340200.0,10355500.0,2860500.0,12098300.0,15479600.0,48992400.0,344896000.0,5022000.0,6547000.0,,29387900.0,,,58678600.0,11438800.0,4600.0,2978900.0,11388900.0,3285890000.0,0.0,0.0
2019-07-22,37777300.0,10755200.0,33905000.0,333200.0,3147500.0,189500.0,1459100.0,21430800.0,0.0,28914000.0,12852800.0,1629800.0,,14474600.0,12624800.0,12090700.0,2580000.0,13589000.0,7544000.0,25074900.0,315940000.0,4411700.0,4018800.0,,18954900.0,,,43638100.0,10035800.0,200.0,2981300.0,13550700.0,3016200000.0,0.0,0.0
2019-07-23,38532500.0,20486400.0,19692000.0,339400.0,2577500.0,278300.0,1117800.0,10119200.0,0.0,20648000.0,14051800.0,2329800.0,,15493200.0,5803600.0,33417900.0,2503600.0,14583700.0,10115200.0,18034600.0,428176000.0,4145800.0,8194600.0,,23786700.0,,,44564500.0,6565800.0,100.0,2451400.0,17262600.0,3333810000.0,0.0,0.0
2019-07-24,41952300.0,12096000.0,19006000.0,709000.0,2531400.0,763200.0,1257100.0,5002800.0,0.0,27192000.0,12713700.0,2268500.0,,23823100.0,6838600.0,15633400.0,2971600.0,32532500.0,7115200.0,20738300.0,366236000.0,4669700.0,9635900.0,,20422900.0,,,47213200.0,7130400.0,1500.0,1959100.0,12531900.0,3433220000.0,0.0,0.0
2019-07-25,36705600.0,20220800.0,15741000.0,461800.0,7091500.0,885000.0,1600200.0,13081600.0,0.0,54762000.0,14272500.0,3172000.0,,17902500.0,8897800.0,19135000.0,3789000.0,39889900.0,5409600.0,18356900.0,392700000.0,3335200.0,7809400.0,,23434700.0,,,55394100.0,6593900.0,162800.0,2949900.0,11554500.0,3657050000.0,0.0,0.0
2019-07-26,43502800.0,10840000.0,14996000.0,570000.0,4494700.0,349300.0,1447700.0,8212000.0,0.0,121216000.0,8512700.0,3004100.0,,14260300.0,4894600.0,11451900.0,5029300.0,24434000.0,6836400.0,19037600.0,274160000.0,4580800.0,5559600.0,,20431200.0,,,45084100.0,4399000.0,50700.0,1956000.0,14187000.0,3260170000.0,0.0,0.0
2019-07-29,45922000.0,10744000.0,12068000.0,395800.0,2641900.0,480900.0,1257400.0,13271200.0,0.0,41382000.0,14731800.0,2505600.0,,13192200.0,7832000.0,12283900.0,4278600.0,16530800.0,8768000.0,16605900.0,248160000.0,4533400.0,7768700.0,,20451700.0,,,38126500.0,4138600.0,20200.0,3175100.0,11239800.0,3224490000.0,0.0,0.0
2019-07-30,72198900.0,10286400.0,11164000.0,544500.0,1645600.0,673500.0,978200.0,12508800.0,0.0,28616000.0,13794100.0,2514800.0,,1200.0,5509600.0,8127100.0,2808500.0,11903600.0,8402400.0,16846500.0,197772000.0,3367900.0,18788800.0,,18705000.0,,,45849000.0,4938500.0,34900.0,2870400.0,9105600.0,3632770000.0,0.0,0.0
2019-07-31,119190000.0,10998400.0,20819000.0,602400.0,2239100.0,491300.0,1886900.0,9904000.0,0.0,39960000.0,23449700.0,6669300.0,,40445900.0,8559200.0,16865500.0,4048800.0,14593500.0,10842000.0,38598800.0,359416000.0,5757600.0,12641800.0,,41627500.0,,,104245200.0,7592300.0,40400.0,5401600.0,18633900.0,4626330000.0,0.0,0.0
2019-08-01,80878900.0,18860800.0,21911000.0,529100.0,2674800.0,409400.0,2634300.0,8952800.0,0.0,35426000.0,28839000.0,16938700.0,,38070200.0,7870700.0,19527200.0,3231800.0,17777000.0,11528800.0,40557500.0,421212000.0,6199400.0,11308600.0,,63251600.0,,,142646600.0,9662800.0,226400.0,3266500.0,22365000.0,4793810000.0,0.0,0.0
2019-08-02,60410900.0,47862400.0,20080000.0,553600.0,2714800.0,344800.0,1969200.0,7204000.0,0.0,34910000.0,23559600.0,8503000.0,,30148300.0,6574900.0,13102300.0,3517800.0,15297000.0,11732000.0,30791600.0,428348000.0,5573300.0,12266100.0,,55214000.0,,,116749700.0,9317000.0,62600.0,4687400.0,16970100.0,3882810000.0,0.0,0.0
2019-08-05,74333200.0,24062400.0,27765000.0,756600.0,2963000.0,155100.0,3329800.0,8785600.0,0.0,47840000.0,47727900.0,7626200.0,,39221500.0,9480000.0,19986500.0,3685600.0,23086700.0,21550400.0,42749600.0,589156000.0,6192800.0,12974800.0,,75040000.0,,,178745400.0,6668400.0,600.0,5243000.0,22710000.0,4542850000.0,0.0,0.0
2019-08-06,60578400.0,15177600.0,22199000.0,839000.0,3475300.0,239500.0,2383000.0,5429600.0,0.0,36014000.0,28695000.0,6462400.0,,24283300.0,7880600.0,19903100.0,2970300.0,18035700.0,26248000.0,32696700.0,361272000.0,6258600.0,9490600.0,,41897200.0,,,120711700.0,8667700.0,21000.0,5022400.0,21049200.0,4156640000.0,0.0,0.0
2019-08-07,58577500.0,12240000.0,22244000.0,1066800.0,2972300.0,255900.0,3037500.0,3961600.0,0.0,30686000.0,38028500.0,9665300.0,,23952100.0,6771700.0,17937000.0,3767200.0,15833200.0,21968400.0,33414500.0,372560000.0,6149000.0,9507600.0,,49990600.0,,,140572300.0,5484700.0,57600.0,6233800.0,21835500.0,4512720000.0,0.0,0.0
2019-08-08,167278800.0,15187200.0,29163000.0,1110900.0,1504400.0,316200.0,2046700.0,6769200.0,0.0,30116000.0,27074700.0,5178800.0,,19415600.0,5260500.0,10799000.0,3724300.0,14828900.0,48989200.0,27496500.0,309300000.0,3702100.0,7416600.0,,38418100.0,,,87713900.0,7795900.0,5800.0,4783200.0,13123200.0,4118530000.0,0.0,0.0
2019-08-09,132483900.0,19556800.0,30735000.0,4054500.0,2544300.0,552300.0,1284300.0,12248800.0,0.0,20418000.0,19090800.0,2869000.0,,19313200.0,4677300.0,9260900.0,3784000.0,11058800.0,21017600.0,23466700.0,341816000.0,2929500.0,6939500.0,,33608900.0,,,93730000.0,3480500.0,19600.0,3182400.0,12580500.0,3356850000.0,0.0,0.0
2019-08-12,106936000.0,10800000.0,20040000.0,1118800.0,1925500.0,119100.0,1638600.0,7582400.0,0.0,22064000.0,17466700.0,4739900.0,,15963000.0,6852100.0,6588600.0,2338200.0,10930900.0,21128000.0,20484300.0,279200000.0,2920800.0,4996200.0,,24642900.0,,,65527600.0,3463500.0,19600.0,1880900.0,17605200.0,3328570000.0,0.0,0.0
2019-08-13,102009700.0,12918400.0,22340000.0,743100.0,1766900.0,183200.0,1724600.0,12098400.0,0.0,28434000.0,30078600.0,5888000.0,,21912600.0,5013200.0,8581200.0,2913300.0,13577000.0,13660800.0,25154600.0,351956000.0,4088200.0,6722000.0,,40241900.0,,,94299800.0,7697800.0,10800.0,4371500.0,20025900.0,3857190000.0,0.0,0.0
2019-08-14,127521500.0,18227200.0,27108000.0,829000.0,2211500.0,248500.0,2122100.0,11291600.0,0.0,35430000.0,29745300.0,8124300.0,,28235800.0,7736200.0,17088900.0,3233700.0,18903700.0,10458000.0,32527300.0,419880000.0,6232700.0,10148300.0,,51000500.0,,,135622100.0,9621800.0,1900.0,8127100.0,27938400.0,4325150000.0,0.0,0.0
2019-08-15,71674400.0,17867200.0,20010000.0,730800.0,2444600.0,552400.0,1623200.0,6052400.0,0.0,28506000.0,27296500.0,5240200.0,,24202400.0,7251200.0,12393200.0,2774100.0,12925900.0,12225200.0,28074400.0,477200000.0,3701800.0,7758000.0,,36685000.0,,,99556600.0,7690100.0,13800.0,5829700.0,59438700.0,4041720000.0,0.0,0.0
2019-08-16,70469800.0,12310400.0,17458000.0,711300.0,2297300.0,240600.0,1230800.0,6071200.0,0.0,24916000.0,15780200.0,4957800.0,,22783400.0,5858900.0,14288700.0,2475900.0,12654600.0,7024400.0,24449100.0,1007960000.0,3405000.0,8302400.0,,32781400.0,,,83018300.0,4845700.0,1400.0,5835000.0,32895600.0,3524080000.0,0.0,0.0
2019-08-19,67596900.0,10606400.0,17489000.0,767800.0,3029000.0,196100.0,1313400.0,11130800.0,0.0,24450000.0,13603000.0,3691400.0,,17023400.0,4958000.0,10936200.0,2721100.0,9691200.0,9808400.0,24355700.0,815112000.0,3101200.0,5867100.0,,22494100.0,,,53571800.0,3797600.0,10100.0,5318100.0,21534300.0,3221050000.0,0.0,0.0
2019-08-20,47924000.0,8824000.0,17920000.0,974100.0,3732600.0,245200.0,1390600.0,5755200.0,0.0,20206000.0,16126800.0,3161800.0,,13324100.0,7302000.0,8176700.0,2333800.0,10083400.0,8324800.0,21170800.0,463188000.0,3160300.0,6744300.0,,19902900.0,,,51596400.0,7540300.0,9300.0,7207500.0,18336900.0,3067710000.0,0.0,0.0
2019-08-21,41441500.0,11792000.0,19381000.0,792500.0,2658800.0,384800.0,1682300.0,7135600.0,0.0,14152000.0,18334300.0,4921700.0,,13446100.0,6912800.0,10886500.0,2053200.0,8398200.0,6936000.0,14970300.0,427244000.0,2936900.0,4037400.0,,20418500.0,,,49524700.0,3914600.0,100.0,6583200.0,24469200.0,3016540000.0,0.0,0.0
2019-08-22,47667900.0,10518400.0,12294000.0,668900.0,3483600.0,198700.0,2345500.0,7056000.0,0.0,17352000.0,20677200.0,5860400.0,,12979100.0,7213500.0,7467900.0,2550600.0,10821400.0,9530400.0,18697000.0,303488000.0,2484200.0,4558400.0,,24243700.0,,,51666400.0,3145600.0,7200.0,4263000.0,17986200.0,2893660000.0,0.0,0.0
2019-08-23,83681100.0,12499200.0,25742000.0,892600.0,2641800.0,223600.0,1984300.0,12164000.0,0.0,36254000.0,30340300.0,8192600.0,,36974600.0,15714000.0,14160400.0,3662300.0,17323400.0,10338000.0,38508600.0,568056000.0,4239500.0,7336800.0,,55372400.0,,,149161500.0,7526900.0,6400.0,5871000.0,18710100.0,3942520000.0,0.0,0.0
2019-08-26,50612500.0,6868800.0,14249000.0,402800.0,1322800.0,282500.0,1426400.0,5849600.0,0.0,21166000.0,14187800.0,7581600.0,,19167100.0,8889500.0,9226900.0,2553100.0,8773600.0,6731600.0,20312600.0,318208000.0,3954100.0,5661500.0,,27598900.0,,,72423800.0,5519000.0,121800.0,3064000.0,17807100.0,2859790000.0,0.0,0.0
2019-08-27,53229200.0,8329600.0,14298000.0,548100.0,1451800.0,315400.0,5169000.0,7286400.0,0.0,23460000.0,14722700.0,3266900.0,,24546200.0,20183800.0,13537000.0,2070000.0,14399600.0,9067200.0,23102100.0,290968000.0,7187800.0,6996300.0,,28012800.0,,,66668900.0,4192800.0,900.0,4009600.0,17201100.0,3537490000.0,0.0,0.0
2019-08-28,55835900.0,7942400.0,17202000.0,479900.0,1772600.0,185100.0,5162100.0,7677200.0,0.0,16810000.0,13576000.0,2505400.0,,20115500.0,9878800.0,10046400.0,2146100.0,9386100.0,12791600.0,17393300.0,255612000.0,3972600.0,4600300.0,,21792400.0,,,59696700.0,3586000.0,2200.0,2858900.0,16113000.0,3102480000.0,0.0,0.0
2019-08-29,44422800.0,7424000.0,16429000.0,401100.0,1260600.0,173900.0,2613100.0,7148000.0,0.0,19636000.0,16271400.0,4232400.0,,18786300.0,6749900.0,9262800.0,2729800.0,10128700.0,8193200.0,20168700.0,357976000.0,3045200.0,5011500.0,,25358900.0,,,57899400.0,5171600.0,800.0,4064700.0,15811500.0,3177150000.0,0.0,0.0
2019-08-30,40307000.0,8720000.0,16720000.0,465700.0,1487800.0,95600.0,1801000.0,7629200.0,0.0,18064000.0,14413600.0,3651100.0,,18727100.0,7371100.0,8746700.0,2733700.0,10774500.0,8854000.0,23940100.0,290616000.0,3742800.0,6007100.0,,26319800.0,,,62901200.0,5382200.0,1200.0,3064800.0,17115900.0,3009910000.0,0.0,0.0
2019-09-03,38029300.0,7134400.0,22210000.0,649600.0,1264600.0,242200.0,1842900.0,7310800.0,0.0,25908000.0,20561500.0,11754000.0,,20688000.0,5710200.0,12991400.0,3183100.0,9779400.0,10151600.0,18869300.0,296140000.0,2989800.0,4959300.0,,27964200.0,,,69101400.0,4748000.0,124900.0,4526500.0,17828100.0,3427830000.0,0.0,0.0
2019-09-04,46614600.0,9504000.0,19865000.0,345100.0,1159800.0,221800.0,1375700.0,9572400.0,0.0,21312000.0,13526700.0,3447000.0,,13107500.0,4807200.0,10718100.0,2252200.0,11308000.0,7442400.0,17995900.0,227728000.0,3201700.0,5586900.0,,21592100.0,,,46887300.0,4460900.0,600.0,3647800.0,17348700.0,3167900000.0,0.0,0.0
2019-09-05,57861200.0,11806400.0,20938000.0,437600.0,2247900.0,221400.0,1865300.0,15674400.0,0.0,26394000.0,23399100.0,4597800.0,,25666700.0,4754100.0,13677000.0,2752100.0,13876700.0,8098400.0,26101800.0,695676000.0,4994600.0,7491900.0,,33932600.0,,,83258100.0,7698300.0,300.0,3816200.0,17479200.0,3902600000.0,0.0,0.0
2019-09-06,51673000.0,8937600.0,13748000.0,330600.0,3553800.0,203600.0,3018100.0,34689200.0,0.0,18972000.0,25162700.0,3111000.0,,14645900.0,6758300.0,9093500.0,1976500.0,15226800.0,11816400.0,20824500.0,376976000.0,3051600.0,5306900.0,,19487800.0,,,49584300.0,4325300.0,206200.0,4901800.0,13039200.0,3209340000.0,0.0,0.0
2019-09-09,54413200.0,11528000.0,21686000.0,633500.0,2223000.0,393600.0,3397200.0,34392800.0,0.0,31854000.0,17484200.0,4818700.0,,25780100.0,7684700.0,10814900.0,2569600.0,14722400.0,15587600.0,25773900.0,417524000.0,4062100.0,7662400.0,,24407600.0,,,51260300.0,4677000.0,383500.0,5314100.0,17921100.0,4031120000.0,0.0,0.0
2019-09-10,48604800.0,11260800.0,20850000.0,485500.0,2243900.0,229900.0,2725000.0,18690000.0,0.0,27922000.0,14055800.0,4797200.0,,29576200.0,8239500.0,12038200.0,6407600.0,15455900.0,9302000.0,28903400.0,352812000.0,4175000.0,9582200.0,,23744700.0,,,57947100.0,5001600.0,300.0,6054100.0,14572200.0,4393040000.0,0.0,0.0
2019-09-11,50631700.0,14344000.0,19260000.0,462900.0,3874400.0,205200.0,4754700.0,12456000.0,0.0,23522000.0,13999200.0,4737000.0,,42970500.0,6203600.0,9740400.0,3393300.0,11761700.0,15507600.0,24726100.0,361512000.0,5005100.0,7565500.0,,25063600.0,,,68821100.0,4016800.0,10200.0,9105700.0,15852300.0,3934370000.0,0.0,0.0
2019-09-12,53618300.0,16024000.0,33109000.0,436600.0,3148800.0,405300.0,2942600.0,11694000.0,0.0,31644000.0,23246400.0,8612500.0,,38648300.0,5250000.0,12357900.0,3439100.0,11419800.0,8039200.0,27010000.0,327840000.0,4146900.0,6194300.0,,28689900.0,,,72908700.0,6577900.0,4300.0,3636600.0,13422900.0,3796990000.0,0.0,0.0
2019-09-13,47758800.0,9712000.0,62557000.0,473300.0,2003600.0,253900.0,2306300.0,16665200.0,0.0,23676000.0,34407300.0,24187700.0,,31042800.0,5369800.0,11486100.0,3791800.0,11441100.0,18217600.0,23363100.0,324592000.0,4008200.0,6777400.0,,27669800.0,,,62104800.0,6231100.0,59600.0,3741800.0,16915800.0,3557010000.0,0.0,0.0
2019-09-16,52248500.0,5441600.0,22176000.0,403400.0,2310000.0,179200.0,1508900.0,11218000.0,0.0,28218000.0,23020800.0,5388300.0,,23242600.0,5101700.0,11172000.0,3437700.0,8444800.0,12893200.0,16731400.0,231832000.0,2953600.0,9626700.0,,20319000.0,,,58191200.0,3716300.0,392900.0,4657500.0,18270900.0,4285860000.0,0.0,0.0
2019-09-17,35011700.0,9928000.0,21912000.0,374500.0,1387600.0,144100.0,1758900.0,11242000.0,0.0,20806000.0,14626400.0,8211700.0,,22986700.0,4976400.0,11347400.0,3667900.0,9671100.0,17394000.0,17814200.0,223048000.0,4013300.0,6377100.0,,20953400.0,,,41475500.0,6110900.0,4000.0,7206700.0,13813500.0,3673250000.0,0.0,0.0
2019-09-18,47027500.0,11350400.0,16510000.0,402600.0,1287400.0,63700.0,1666000.0,7996800.0,0.0,17440000.0,15913800.0,5170400.0,,19735700.0,4373600.0,9700400.0,2534800.0,9681900.0,11057600.0,23982100.0,258152000.0,2647800.0,5684200.0,,29781300.0,,,73375800.0,4044800.0,29500.0,6021000.0,11868000.0,3458800000.0,0.0,0.0
2019-09-19,41603000.0,9766400.0,19421000.0,800800.0,2214700.0,99600.0,3004700.0,6736000.0,0.0,16554000.0,13327000.0,7131900.0,,21531600.0,4730100.0,7560300.0,2552000.0,10392700.0,6546400.0,35772100.0,245476000.0,2804500.0,4525800.0,,26039400.0,,,76560500.0,6422700.0,24800.0,4201100.0,10141800.0,3265660000.0,0.0,0.0
2019-09-20,79957400.0,12432000.0,35524000.0,1008700.0,1665500.0,218900.0,3409500.0,13430000.0,0.0,37692000.0,23298400.0,9915000.0,,22707200.0,12053100.0,19211500.0,5979300.0,19934200.0,16608400.0,39167300.0,350244000.0,6671100.0,15362000.0,,29086100.0,,,89565000.0,7249200.0,333100.0,9024200.0,33997200.0,6103440000.0,0.0,0.0
2019-09-23,44366800.0,9427200.0,14850000.0,609700.0,1335400.0,114300.0,2025400.0,3303600.0,0.0,20798000.0,15456800.0,13163900.0,,14944600.0,5183700.0,6485300.0,2812100.0,13327600.0,8596000.0,17139300.0,249712000.0,3346500.0,6060400.0,,22485900.0,,,43476800.0,4347000.0,57400.0,4127200.0,15487500.0,3187250000.0,0.0,0.0
2019-09-24,72963000.0,9715200.0,20292000.0,867800.0,1807300.0,143300.0,2483200.0,10422800.0,0.0,35804000.0,21934200.0,10459100.0,,27576700.0,7102600.0,10093000.0,3049800.0,18546600.0,9319200.0,29773200.0,317268000.0,4798500.0,7633200.0,,40820700.0,,,94869400.0,7592200.0,26100.0,4222900.0,21819300.0,3872800000.0,0.0,0.0
2019-09-25,58234800.0,7057600.0,55588000.0,409900.0,2456900.0,126300.0,1827800.0,9853600.0,0.0,26798000.0,15142100.0,8430900.0,,21917500.0,4522900.0,10248400.0,2414500.0,18068300.0,13096800.0,21382000.0,308432000.0,3579500.0,5812600.0,,34704900.0,,,71854000.0,6719500.0,2900.0,3781200.0,13840800.0,3331200000.0,0.0,0.0
2019-09-26,40745400.0,6046400.0,27477000.0,652200.0,2512300.0,166300.0,1877300.0,11540400.0,0.0,23166000.0,13873100.0,4233000.0,,20641600.0,7545800.0,10031200.0,3053100.0,16083300.0,10350000.0,17456600.0,234564000.0,4309600.0,6984800.0,,26826000.0,,,56179700.0,15832500.0,106400.0,3351900.0,11960700.0,3084910000.0,0.0,0.0
2019-09-27,54091100.0,6675200.0,28660000.0,385200.0,1153800.0,108800.0,1538100.0,17797600.0,0.0,34122000.0,13419200.0,4545500.0,,20181900.0,6006500.0,7939900.0,2333200.0,14656200.0,8147200.0,22477700.0,362056000.0,3559400.0,5589800.0,,40773500.0,,,84746600.0,9610400.0,8700.0,3232400.0,10304100.0,3246480000.0,0.0,0.0
2019-09-30,37295600.0,11920000.0,19826000.0,851700.0,1595800.0,146000.0,2151500.0,16083200.0,0.0,24470000.0,21827700.0,2797900.0,,16905400.0,6552100.0,9808700.0,2488000.0,10740000.0,5889600.0,17280900.0,186184000.0,3705200.0,5206900.0,,26307700.0,,,51662400.0,8396900.0,1100.0,4049400.0,10204200.0,3249130000.0,0.0,0.0
2019-10-01,37081800.0,11572800.0,19429000.0,1024600.0,2580200.0,257900.0,2648900.0,11340800.0,0.0,24504000.0,27665700.0,8555100.0,,34093500.0,7673000.0,14261500.0,4811900.0,17073000.0,13756800.0,21466600.0,366008000.0,3638900.0,5415700.0,,32367600.0,,,88242400.0,11575200.0,2300.0,2711000.0,11187900.0,3560750000.0,0.0,0.0
2019-10-02,43640700.0,9427200.0,19543000.0,1200200.0,1985500.0,348400.0,2480600.0,6244000.0,0.0,33030000.0,33789500.0,3908600.0,,24894600.0,12051800.0,14343600.0,4171400.0,16151700.0,19282400.0,30521700.0,293372000.0,5728600.0,6755100.0,,48544300.0,,,122539500.0,5785200.0,1300.0,5042500.0,17833500.0,3914180000.0,0.0,0.0
2019-10-03,56325200.0,14772800.0,17096000.0,705000.0,1578900.0,252900.0,3590200.0,20289200.0,0.0,28368000.0,30387800.0,6128300.0,,25362800.0,6997600.0,13817500.0,3499900.0,16086300.0,14798800.0,24132900.0,450588000.0,8829700.0,5171000.0,,39392500.0,,,85278800.0,6091600.0,50800.0,3152900.0,15619500.0,3515130000.0,0.0,0.0
2019-10-04,34446700.0,5284800.0,25884000.0,440200.0,1434200.0,208700.0,4513300.0,8615600.0,0.0,24282000.0,17588600.0,4707600.0,,18640400.0,7233300.0,9295400.0,2220300.0,10430200.0,10869200.0,22897700.0,265524000.0,5278700.0,4377900.0,,31887600.0,,,65091200.0,5704200.0,107500.0,2798200.0,13881000.0,3005600000.0,0.0,0.0
2019-10-07,39337200.0,5688000.0,18658000.0,573800.0,1503000.0,205400.0,1988700.0,14457200.0,0.0,17040000.0,14542500.0,3193100.0,,15762800.0,5427200.0,5964900.0,3057000.0,9178300.0,15874000.0,15303700.0,480984000.0,4273300.0,4749700.0,,21216000.0,,,59610500.0,11059000.0,20600.0,4198200.0,14085000.0,2959050000.0,0.0,0.0
2019-10-08,44265700.0,7096000.0,22757000.0,485800.0,1421400.0,429600.0,2201100.0,11040000.0,0.0,20086000.0,15471500.0,4304900.0,,18110600.0,7870400.0,13301900.0,2555900.0,9466900.0,10919600.0,25550500.0,444436000.0,4074900.0,5545300.0,,32379300.0,,,95708100.0,13089700.0,1100.0,4395500.0,15375300.0,3370700000.0,0.0,0.0
2019-10-09,35661500.0,7406400.0,16329000.0,536400.0,1606500.0,120700.0,2235500.0,8786400.0,0.0,15948000.0,11351300.0,3336800.0,,10929500.0,7787700.0,7135000.0,1745900.0,7556900.0,5319200.0,19749900.0,292412000.0,3065300.0,3775600.0,,20147400.0,,,62359400.0,11033100.0,234200.0,3013700.0,11710200.0,2735350000.0,0.0,0.0
2019-10-10,40660100.0,11000000.0,17340000.0,952200.0,3459900.0,307000.0,1637500.0,9153200.0,0.0,12842000.0,11092800.0,3924400.0,,16349000.0,5119700.0,8942900.0,1853100.0,8605000.0,6198400.0,17654600.0,309124000.0,2191000.0,3943400.0,,25177700.0,,,55296300.0,9566500.0,12200.0,3639100.0,13024500.0,3234400000.0,0.0,0.0
2019-10-11,66256900.0,8913600.0,23697000.0,771100.0,1796500.0,116600.0,1855500.0,13326400.0,0.0,22330000.0,18661400.0,8685300.0,,29236300.0,7161400.0,8981700.0,3945700.0,14930500.0,9897200.0,25446000.0,446404000.0,2761400.0,6292200.0,,40976700.0,,,98720400.0,7499100.0,400.0,3626200.0,18383700.0,3581320000.0,0.0,0.0
2019-10-14,44473700.0,5142400.0,13312000.0,491100.0,1588300.0,83800.0,1297600.0,17781600.0,0.0,13296000.0,9842600.0,1932200.0,,10692600.0,5700000.0,7306300.0,3088000.0,7006000.0,5067600.0,13304300.0,200040000.0,2371500.0,7360200.0,,14975000.0,,,40394800.0,7974000.0,74600.0,2106400.0,13719900.0,2559270000.0,0.0,0.0
2019-10-15,41600700.0,7889600.0,21230000.0,397300.0,1533300.0,174000.0,1580700.0,7921200.0,0.0,27584000.0,26321500.0,6638500.0,,16801200.0,10008800.0,9564300.0,3766800.0,15039100.0,8269600.0,19695700.0,664124000.0,3369300.0,11113900.0,,23234200.0,,,46754500.0,9323200.0,128500.0,3470900.0,13550100.0,3345090000.0,0.0,0.0
2019-10-16,42804400.0,7131200.0,20046000.0,649100.0,1444200.0,206600.0,1811100.0,10356400.0,0.0,22986000.0,11813000.0,2755500.0,,13119100.0,12434200.0,10454800.0,2891400.0,10516900.0,7303600.0,20751600.0,428944000.0,2812000.0,7973100.0,,20457100.0,,,48928200.0,13615700.0,4700.0,2974300.0,11344800.0,3230320000.0,0.0,0.0
2019-10-17,36884400.0,6315200.0,13125000.0,397800.0,1705100.0,136800.0,1734600.0,11124000.0,0.0,20958000.0,14814300.0,3188700.0,,13175800.0,8434000.0,13190300.0,3340500.0,9603000.0,16672800.0,21460600.0,263436000.0,2322500.0,5956900.0,,19045200.0,,,45736600.0,12410200.0,263000.0,2899100.0,11732700.0,3103470000.0,0.0,0.0
2019-10-18,39681700.0,5736000.0,16981000.0,1065600.0,1422400.0,323700.0,1853900.0,14676400.0,0.0,31624000.0,21363700.0,2406400.0,,14490200.0,25868700.0,18122400.0,3518800.0,16874200.0,14039200.0,32273500.0,307440000.0,3630400.0,9016700.0,,27700800.0,,,64304000.0,9169200.0,100.0,4131700.0,16776900.0,3268970000.0,0.0,0.0
2019-10-21,52182800.0,7416000.0,13031000.0,535600.0,1591100.0,212000.0,1322900.0,9616800.0,0.0,18094000.0,10090400.0,1735300.0,,17450300.0,13823600.0,12778900.0,3684200.0,8122600.0,6616400.0,20078200.0,261868000.0,2829400.0,6731600.0,,15801200.0,,,39048600.0,6538900.0,1500.0,3258200.0,10230300.0,3271960000.0,0.0,0.0
2019-10-22,36185200.0,7550400.0,13046000.0,824500.0,2765700.0,312500.0,1955600.0,10782400.0,0.0,22862000.0,15464300.0,3334400.0,,12471800.0,7613700.0,9533400.0,10265400.0,19537600.0,7412800.0,27431000.0,328720000.0,3248100.0,14410500.0,,22392300.0,,,48594700.0,10697300.0,404000.0,2334500.0,7634100.0,3527540000.0,0.0,0.0
2019-10-23,26582200.0,5963200.0,20957000.0,578300.0,2692900.0,790700.0,1798700.0,14744400.0,0.0,21282000.0,9097500.0,3305600.0,,8728000.0,6693400.0,8556600.0,7943700.0,12300400.0,6023600.0,29844600.0,279916000.0,2323600.0,8249300.0,,14828400.0,,,34352200.0,7118800.0,660200.0,2594800.0,8520000.0,3413600000.0,0.0,0.0
2019-10-24,27808000.0,13000000.0,16896000.0,508700.0,2360600.0,389000.0,2056700.0,8187200.0,0.0,20224000.0,14832800.0,2645400.0,,9091400.0,12111600.0,11051400.0,4955600.0,11413500.0,6985200.0,37029300.0,232020000.0,2292500.0,6725600.0,,18998500.0,,,35453100.0,7006600.0,76200.0,2787000.0,8700900.0,3696510000.0,0.0,0.0
2019-10-25,45368800.0,11348800.0,20869000.0,364800.0,2102200.0,1396600.0,1686200.0,6113200.0,0.0,27104000.0,11593600.0,2381000.0,,10531500.0,6947300.0,9782400.0,4773700.0,8061200.0,7048400.0,25959700.0,423092000.0,2520000.0,6093300.0,,21507100.0,,,45205400.0,6303500.0,450600.0,3156500.0,7692900.0,3379060000.0,0.0,0.0
2019-10-28,51223600.0,10756800.0,12999000.0,507900.0,1887600.0,666200.0,1672600.0,11032800.0,0.0,65428000.0,10646500.0,5837600.0,,15392400.0,7876300.0,8866100.0,7711400.0,13657900.0,10943600.0,35280100.0,330792000.0,3212600.0,5459500.0,,18818700.0,,,42147000.0,7725500.0,54300.0,2671700.0,10213800.0,3524970000.0,0.0,0.0
2019-10-29,78700100.0,5745600.0,13272000.0,551800.0,2901400.0,1105000.0,1295300.0,6956800.0,0.0,52654000.0,10655700.0,2199500.0,,11978300.0,4506300.0,7999700.0,4454600.0,13574900.0,10702800.0,20589500.0,211236000.0,2550300.0,5659800.0,,18569700.0,,,44284900.0,5303900.0,0.0,4210100.0,14373300.0,3594430000.0,0.0,0.0
2019-10-30,78228800.0,7833600.0,17281000.0,656800.0,3842000.0,994800.0,1264300.0,8870400.0,0.0,29204000.0,24566400.0,5276700.0,,14451500.0,9627600.0,8620900.0,6332600.0,28734600.0,8822400.0,18496600.0,205960000.0,2653700.0,4734500.0,,21764300.0,,,49643900.0,5198100.0,200.0,4523800.0,8988600.0,3779660000.0,0.0,0.0
2019-10-31,67881600.0,23708800.0,27881000.0,980500.0,3676000.0,870600.0,2277400.0,4184000.0,0.0,31904000.0,24576400.0,5540700.0,,17344200.0,7686700.0,13982000.0,4961000.0,42286500.0,9746800.0,24605100.0,209732000.0,4492300.0,6399500.0,,26801800.0,,,69053800.0,5140800.0,1400.0,3552900.0,14643900.0,4149310000.0,0.0,0.0
2019-11-01,64238600.0,167657600.0,21234000.0,1085400.0,3787100.0,554100.0,1364500.0,5754800.0,0.0,28812000.0,23894100.0,8149400.0,,18421600.0,5541800.0,9889500.0,4192400.0,21711800.0,9535200.0,33128400.0,283640000.0,3054900.0,6010200.0,,22131900.0,,,71141500.0,5226600.0,100.0,3485700.0,11287800.0,3956290000.0,0.0,0.0
2019-11-04,83343800.0,41548800.0,34075000.0,689300.0,3976400.0,908200.0,1651600.0,5205200.0,0.0,30632000.0,14135800.0,4145200.0,,16182000.0,6140300.0,17515100.0,17662100.0,16371300.0,13237200.0,16912000.0,376716000.0,3202400.0,10351400.0,,19015900.0,,,60606900.0,7233400.0,100.0,4911800.0,13938000.0,4178040000.0,0.0,0.0
2019-11-05,84848600.0,29678400.0,38711000.0,835900.0,2602800.0,1544500.0,2204500.0,5828800.0,0.0,25148000.0,21946800.0,6853500.0,,13760200.0,6257300.0,19284000.0,10496000.0,9942000.0,18113600.0,18250200.0,300868000.0,4300800.0,9239600.0,,15048900.0,,,42933200.0,5287100.0,52100.0,5592900.0,12651300.0,4490590000.0,0.0,0.0
2019-11-06,51675100.0,20912000.0,18076000.0,714800.0,1414900.0,500700.0,1675000.0,4114400.0,0.0,24626000.0,8976900.0,4129800.0,,16025500.0,5450000.0,13288900.0,6473500.0,10973000.0,22165600.0,16575800.0,269012000.0,3645600.0,6756300.0,,19725500.0,,,46487100.0,4545100.0,10000.0,4139700.0,10843200.0,4465510000.0,0.0,0.0
2019-11-07,54350200.0,20841600.0,23981000.0,1368800.0,1235000.0,591900.0,2399400.0,6660000.0,0.0,45140000.0,15077600.0,5890100.0,,13448900.0,5873700.0,11725500.0,4820200.0,13473000.0,27598400.0,17786700.0,280340000.0,3338700.0,8909700.0,,17832400.0,,,54272300.0,7890900.0,0.0,5206900.0,13324200.0,4151990000.0,0.0,0.0
2019-11-08,39353900.0,12940800.0,17830000.0,4437400.0,1790300.0,442800.0,1501600.0,7909200.0,0.0,30392000.0,11692800.0,3037300.0,,11967400.0,5003000.0,7141800.0,3499400.0,10760800.0,26401200.0,16732700.0,189100000.0,2604000.0,4249900.0,,15258800.0,,,49032100.0,6558400.0,45600.0,3823000.0,11498100.0,3508160000.0,0.0,0.0
2019-11-11,43511100.0,10532800.0,9154000.0,1259100.0,728700.0,336800.0,1160900.0,5147600.0,0.0,17234000.0,4933600.0,1563000.0,,10508700.0,4371400.0,8198300.0,2746700.0,8631200.0,10777200.0,14362600.0,243436000.0,2227200.0,3850400.0,,10147600.0,,,35797300.0,4046500.0,0.0,3014700.0,13317000.0,3041120000.0,0.0,0.0
2019-11-12,58664500.0,14803200.0,16875000.0,754500.0,770900.0,180800.0,1540800.0,6963200.0,0.0,28852000.0,14690200.0,4446200.0,,14316900.0,5228700.0,12656900.0,2930600.0,17615500.0,14204800.0,18641600.0,283504000.0,3246500.0,4759600.0,,14778300.0,,,46484600.0,8625100.0,2231700.0,3348800.0,15189300.0,3495560000.0,0.0,0.0
2019-11-13,67648300.0,9459200.0,12625000.0,578600.0,902900.0,224800.0,1517900.0,11440000.0,0.0,20538000.0,15333600.0,2475200.0,,14514400.0,5885400.0,12257900.0,3405000.0,10860700.0,10131200.0,16919200.0,300188000.0,3166600.0,7262800.0,,15774600.0,,,53917700.0,5336200.0,1602300.0,3509000.0,23135400.0,3513720000.0,0.0,0.0
2019-11-14,65829500.0,18283200.0,17268000.0,641500.0,659700.0,409400.0,1336400.0,11283600.0,0.0,28948000.0,14965100.0,3189600.0,,13054000.0,4217500.0,8660300.0,3173900.0,9040500.0,10175600.0,19729800.0,518080000.0,2141900.0,5188300.0,,16945400.0,,,51219900.0,5308600.0,126100.0,10555700.0,67512600.0,3282090000.0,0.0,0.0
2019-11-15,62958500.0,13356800.0,18120000.0,724500.0,849900.0,209600.0,1706100.0,16017200.0,0.0,39286000.0,12996200.0,2104500.0,,13119200.0,10495100.0,8982400.0,2991300.0,11524300.0,10084400.0,23485700.0,1053628000.0,3648700.0,7108600.0,,18427900.0,,,62023600.0,5986400.0,27800.0,7102000.0,30413100.0,3359800000.0,0.0,0.0
2019-11-18,66102800.0,13446400.0,15850000.0,544000.0,1537200.0,312700.0,1241300.0,8957600.0,0.0,27984000.0,13135800.0,1893600.0,,10759500.0,9291800.0,13782000.0,3420300.0,16167200.0,11563200.0,21534000.0,574588000.0,3619700.0,7493700.0,,18365900.0,,,49228000.0,4774400.0,20700.0,6045000.0,19644000.0,3440140000.0,0.0,0.0
2019-11-19,94373000.0,9313600.0,31743000.0,560700.0,1132900.0,268700.0,1761400.0,6364800.0,0.0,21864000.0,20175500.0,8306500.0,,15203700.0,5192200.0,12679500.0,2910500.0,19056800.0,6848000.0,23935700.0,414564000.0,3019100.0,5989000.0,,16923300.0,,,67804700.0,4731100.0,5000.0,4163900.0,11146200.0,3613670000.0,0.0,0.0
2019-11-20,79767900.0,12046400.0,19927000.0,1290900.0,2311800.0,367900.0,1979500.0,9027600.0,0.0,28892000.0,22566100.0,3838000.0,,21314300.0,7594400.0,11970300.0,3131300.0,12355400.0,9939200.0,25696800.0,472588000.0,3047700.0,6480000.0,,36629000.0,,,79406200.0,5264800.0,100.0,4800800.0,15227700.0,4041010000.0,0.0,0.0
2019-11-21,88069400.0,13614400.0,19317000.0,906200.0,1283600.0,236900.0,1302500.0,3837600.0,0.0,25546000.0,17853800.0,3034700.0,,15388300.0,6424900.0,7856100.0,3509500.0,12131000.0,8351200.0,18576100.0,288388000.0,3391200.0,7094200.0,,17883600.0,,,54664700.0,6037000.0,27200.0,3049600.0,12908400.0,3744010000.0,0.0,0.0
2019-11-22,56931900.0,14625600.0,13216000.0,350600.0,1095000.0,322100.0,1277300.0,4113600.0,0.0,27776000.0,20394800.0,1879700.0,,13482400.0,9235800.0,9113300.0,2417700.0,9959800.0,5933200.0,15901800.0,224100000.0,3014900.0,4414900.0,,17189600.0,,,44850200.0,4172300.0,500.0,2878300.0,11529300.0,3235270000.0,0.0,0.0
2019-11-25,45769500.0,8892800.0,19636000.0,671300.0,1196600.0,192400.0,1613000.0,7372400.0,0.0,23590000.0,16885300.0,3573100.0,,24753000.0,6111900.0,10963500.0,3999600.0,15272300.0,6349600.0,22420900.0,506476000.0,3612400.0,5134300.0,,17752800.0,,,48647200.0,5021500.0,1650800.0,2721100.0,17644500.0,3514310000.0,0.0,0.0
2019-11-26,43603300.0,10724800.0,30793000.0,1591900.0,766100.0,390500.0,3359100.0,7987200.0,0.0,21910000.0,11469400.0,3579300.0,,15496700.0,10636500.0,13219800.0,3877200.0,11735500.0,10342000.0,24620100.0,385244000.0,4947400.0,8235200.0,,14780600.0,,,37569000.0,5672800.0,5000.0,3042500.0,18877500.0,4600450000.0,0.0,0.0
2019-11-27,33630100.0,8968000.0,20182000.0,1450400.0,1067500.0,229800.0,1906500.0,3946000.0,0.0,18808000.0,11814700.0,2351800.0,,13202500.0,5523000.0,9595200.0,4133000.0,12736600.0,6907600.0,15184400.0,215784000.0,2476100.0,3751400.0,,16963100.0,,,44444600.0,2786100.0,0.0,1759300.0,10302300.0,3035470000.0,0.0,0.0
2019-11-29,17609900.0,4235200.0,9229000.0,416100.0,606900.0,164800.0,981600.0,4977600.0,0.0,12802000.0,11519500.0,2882300.0,,9988200.0,3278900.0,7222300.0,2815500.0,7985200.0,4397600.0,11977300.0,141556000.0,2978400.0,2927300.0,,9854600.0,,,36592700.0,3391700.0,0.0,1477800.0,9471900.0,1743420000.0,0.0,0.0
2019-12-02,35710200.0,10172800.0,23158000.0,613600.0,1596200.0,554200.0,2705500.0,11700400.0,0.0,26538000.0,20966400.0,6826400.0,,17190900.0,4717100.0,13173800.0,3197500.0,11503400.0,8729200.0,27418400.0,372036000.0,3866300.0,6146200.0,,28007000.0,,,75767800.0,4475800.0,2611000.0,3318000.0,17012700.0,3285750000.0,0.0,0.0
2019-12-03,51556400.0,9993600.0,18736000.0,648100.0,1312400.0,396800.0,1921400.0,5583600.0,0.0,25270000.0,29757200.0,6561900.0,,14884400.0,5741400.0,14498300.0,3745300.0,11595300.0,10655600.0,24066000.0,465232000.0,5000000.0,6396200.0,,31104100.0,,,73941700.0,5468100.0,411600.0,2968000.0,19784400.0,3671580000.0,0.0,0.0
2019-12-04,44299400.0,8400000.0,14439000.0,823300.0,2752400.0,304600.0,1742000.0,6428000.0,0.0,35506000.0,12406800.0,2072200.0,,10833200.0,7257300.0,13624000.0,2217200.0,8456300.0,9964800.0,17574700.0,273424000.0,4228200.0,6857300.0,,15300100.0,,,49080000.0,3905200.0,151500.0,15051700.0,16669800.0,3702980000.0,0.0,0.0
2019-12-05,35574000.0,9948800.0,15494000.0,396800.0,1809600.0,381000.0,1941100.0,13449600.0,0.0,24408000.0,18158900.0,3062000.0,,11470700.0,5472900.0,14068100.0,2819600.0,9740400.0,11796400.0,17869100.0,184884000.0,3351800.0,7029200.0,,14962300.0,,,40709000.0,7624300.0,5000.0,7182300.0,13058400.0,3360480000.0,0.0,0.0
2019-12-06,31101400.0,10019200.0,16937000.0,609600.0,4164600.0,318600.0,1462000.0,32116000.0,0.0,32968000.0,16094700.0,2717400.0,,16486200.0,6640400.0,7843500.0,3095100.0,12270600.0,10467600.0,16403500.0,232236000.0,3216900.0,7150900.0,,16555300.0,,,48927000.0,5429100.0,2900.0,7784500.0,13022400.0,3483310000.0,0.0,0.0
2019-12-09,27928100.0,12065600.0,24694000.0,559900.0,4292700.0,367700.0,1960000.0,55174000.0,0.0,30842000.0,18034300.0,1928500.0,,13476700.0,4241000.0,13887200.0,2227500.0,11954800.0,10673600.0,16687400.0,211880000.0,3882900.0,7452800.0,,13984100.0,,,34838500.0,6541900.0,665100.0,7410700.0,14448000.0,3400470000.0,0.0,0.0
2019-12-10,33733600.0,12355200.0,14563000.0,407800.0,2086700.0,275900.0,1565900.0,23004400.0,0.0,17606000.0,15117100.0,1707000.0,,13704400.0,5310300.0,8993900.0,2470100.0,9475700.0,22737600.0,16476100.0,256388000.0,2940200.0,4740100.0,,21799800.0,,,52649800.0,4364800.0,20965500.0,7237800.0,12846900.0,3346310000.0,0.0,0.0
2019-12-11,31698300.0,14046400.0,20829000.0,338900.0,2351400.0,663700.0,1749800.0,37454000.0,0.0,20480000.0,14127500.0,2462600.0,,19612200.0,6631500.0,8879100.0,2490300.0,8036800.0,12988000.0,18856600.0,233796000.0,3339100.0,4823300.0,,18780800.0,,,53429100.0,11028000.0,8038900.0,3455300.0,10519200.0,3257650000.0,0.0,0.0
2019-12-12,86878000.0,14752000.0,38935000.0,416800.0,2077400.0,545600.0,2742700.0,22839200.0,0.0,29114000.0,18958100.0,5490400.0,,24857000.0,5012400.0,11233300.0,3024700.0,23734800.0,11462400.0,24612100.0,404348000.0,3502100.0,5897800.0,,32612000.0,,,96389600.0,15788700.0,6818900.0,3563300.0,12447000.0,4003200000.0,0.0,0.0
2019-12-13,79927800.0,14198400.0,70952000.0,348200.0,1794600.0,455600.0,5195600.0,25456800.0,0.0,33170000.0,18088100.0,4162000.0,,23279600.0,4257200.0,13072200.0,2077900.0,18798000.0,8766000.0,23845400.0,454704000.0,3557900.0,5471600.0,,32519400.0,,,81503900.0,9886900.0,1196200.0,3242500.0,16098900.0,3757650000.0,0.0,0.0
2019-12-16,58824900.0,18110400.0,37921000.0,700600.0,2200800.0,363400.0,2410000.0,20138400.0,0.0,28128000.0,17517400.0,3028500.0,,20115300.0,5353100.0,9538100.0,3650100.0,14911500.0,6704800.0,24144200.0,320976000.0,4701000.0,8281900.0,,21296600.0,,,82749700.0,5779400.0,372400.0,6451200.0,16052100.0,4070200000.0,0.0,0.0
2019-12-17,44852000.0,9508800.0,20248000.0,713300.0,3315200.0,453900.0,2474100.0,18969200.0,0.0,32948000.0,18650700.0,3471400.0,,12980000.0,10722400.0,9230000.0,3338200.0,10175700.0,7621200.0,25425600.0,321196000.0,5491800.0,8832200.0,,15996100.0,,,61097700.0,8407500.0,1448400.0,5751700.0,13727400.0,3842940000.0,0.0,0.0
2019-12-18,39083300.0,11006400.0,35155000.0,588400.0,2138200.0,674300.0,3309800.0,22613200.0,0.0,23330000.0,31575700.0,2249500.0,,15379300.0,7849200.0,15132100.0,4287700.0,23274400.0,10932800.0,24129200.0,343548000.0,5370500.0,8607600.0,,15443300.0,,,48133000.0,10021200.0,256800.0,5735300.0,15309000.0,4029950000.0,0.0,0.0
2019-12-19,45883000.0,15744000.0,31787000.0,417600.0,1692900.0,769100.0,2333600.0,12179200.0,0.0,28922000.0,29429300.0,1962500.0,,11919800.0,9414700.0,13385900.0,3345700.0,16514600.0,11299200.0,24958900.0,445360000.0,3641700.0,6629100.0,,17865900.0,,,85310500.0,7228700.0,295600.0,7397400.0,13392300.0,3784360000.0,0.0,0.0
2019-12-20,68104700.0,27388800.0,50540000.0,842800.0,3928200.0,261100.0,4866500.0,12478400.0,0.0,50090000.0,31918800.0,4660500.0,,25449500.0,14532800.0,23832800.0,6415500.0,27306900.0,29415600.0,53477500.0,603044000.0,10311300.0,16250500.0,,27672600.0,,,147142100.0,8043800.0,2357300.0,13691800.0,23863200.0,6457480000.0,0.0,0.0
2019-12-23,55886500.0,14483200.0,20254000.0,352800.0,3171300.0,377200.0,1309800.0,18352000.0,0.0,19936000.0,9720200.0,1809400.0,,13372100.0,6558700.0,9300800.0,2388900.0,13348900.0,9940800.0,17718200.0,355060000.0,2992900.0,6619500.0,,23774700.0,,,52990000.0,4022000.0,223900.0,4751000.0,13457400.0,3064530000.0,0.0,0.0
2019-12-24,44432200.0,4224000.0,7024000.0,300000.0,1062000.0,291600.0,543600.0,6033600.0,0.0,13468000.0,4854900.0,857600.0,,4334500.0,4238900.0,3359300.0,1152500.0,6046300.0,2640800.0,8989200.0,138864000.0,1220600.0,2022100.0,,7089000.0,,,20270000.0,2692200.0,275700.0,1177000.0,6682200.0,1296530000.0,0.0,0.0
2019-12-26,57562800.0,6315200.0,15848000.0,247100.0,1341000.0,159700.0,1101800.0,19116800.0,0.0,23662000.0,11382700.0,1285100.0,,9371200.0,3019300.0,6228500.0,1809600.0,9350700.0,6554000.0,14520600.0,182852000.0,2934700.0,4760400.0,,17067500.0,,,30911200.0,2490400.0,501700.0,3350000.0,12671400.0,2164540000.0,0.0,0.0
2019-12-27,36581300.0,8873600.0,14487000.0,418700.0,1561900.0,198200.0,1439100.0,14040000.0,0.0,23212000.0,11627100.0,1771100.0,,12261800.0,3432700.0,6895500.0,2263900.0,10284200.0,9060000.0,18412800.0,254644000.0,2554000.0,5192000.0,,18134100.0,,,42528800.0,2847800.0,809900.0,4282600.0,10632000.0,2429150000.0,0.0,0.0
2019-12-30,41149700.0,11328000.0,13104000.0,410600.0,1880200.0,247500.0,1238900.0,22824400.0,0.0,19994000.0,12524300.0,2035400.0,,14912700.0,2923300.0,6431700.0,2242400.0,10524300.0,6621200.0,16348400.0,258056000.0,3024700.0,3884300.0,,21815500.0,,,49729100.0,3519900.0,421200.0,3846800.0,8837400.0,3021720000.0,0.0,0.0
2019-12-31,31673200.0,8761600.0,12487000.0,540200.0,1492700.0,184400.0,1550700.0,13154000.0,0.0,19514000.0,8310800.0,2801600.0,,17362400.0,4435000.0,7982600.0,2278700.0,8953500.0,6683600.0,18369400.0,231004000.0,3229400.0,4798900.0,,18170900.0,,,57077300.0,2950200.0,1540500.0,3475900.0,14736000.0,2894760000.0,0.0,0.0
2020-01-02,80331100.0,9992000.0,20329000.0,849400.0,1417200.0,289900.0,2103600.0,17713200.0,0.0,27278000.0,15756600.0,4022300.0,,18297500.0,5777000.0,11867700.0,3554200.0,12077100.0,7132000.0,22622100.0,237536000.0,3784100.0,8130800.0,,30969400.0,,,59151200.0,8432600.0,1033800.0,3934900.0,20294700.0,3459930000.0,0.0,0.0
2020-01-03,73127400.0,12270400.0,22870000.0,2187900.0,1945600.0,237300.0,1926000.0,44662400.0,0.0,23408000.0,17342200.0,3839600.0,,19295600.0,5752400.0,11354500.0,2767600.0,11188400.0,6964400.0,21116200.0,205384000.0,4000100.0,7970500.0,,27518900.0,,,77709700.0,10546400.0,646300.0,3768200.0,16197600.0,3484700000.0,0.0,0.0
2020-01-06,47934900.0,8256000.0,20789000.0,1727000.0,3638900.0,218800.0,2655100.0,86901600.0,0.0,46768000.0,17936900.0,2714300.0,,17150900.0,7731300.0,14698300.0,4660400.0,17058900.0,8938400.0,20813700.0,262636000.0,4085100.0,6674400.0,,21655300.0,,,55653900.0,8897200.0,954000.0,4901400.0,19336500.0,3702460000.0,0.0,0.0
2020-01-07,58061400.0,8526400.0,18565000.0,766300.0,1974600.0,125200.0,1963400.0,50014000.0,0.0,34330000.0,9640300.0,2038800.0,,11817900.0,7382900.0,9973900.0,4047400.0,14912400.0,13471200.0,21634100.0,314856000.0,5718100.0,7583400.0,,22139300.0,,,40496400.0,7444300.0,1311300.0,4697800.0,20540700.0,3435910000.0,0.0,0.0
2020-01-08,53767000.0,10780800.0,31979000.0,911200.0,1207500.0,447700.0,2492800.0,30046400.0,0.0,35314000.0,16088100.0,5081100.0,,13832400.0,6605800.0,10676000.0,5284200.0,13475000.0,12107200.0,27746500.0,277108000.0,3681400.0,5385100.0,,26397300.0,,,68296000.0,5381500.0,1258800.0,5776900.0,17627400.0,3726840000.0,0.0,0.0
2020-01-09,76512800.0,7606400.0,42397000.0,549600.0,3278500.0,222900.0,3261200.0,26068800.0,0.0,33200000.0,16649500.0,3680600.0,,11895400.0,6112700.0,15398000.0,5971600.0,12642800.0,13226000.0,21385000.0,255112000.0,3954700.0,5944000.0,,23547000.0,,,48473300.0,5112700.0,3353900.0,3955900.0,16691100.0,3641230000.0,0.0,0.0
2020-01-10,44133700.0,7304000.0,40705000.0,574800.0,3162100.0,307400.0,2024200.0,32602800.0,0.0,26258000.0,16182900.0,2600000.0,,15353000.0,5042600.0,13040100.0,2336400.0,12119400.0,17872800.0,20725900.0,316296000.0,3099500.0,3927100.0,,21898500.0,,,53029300.0,4807700.0,3927900.0,4132500.0,18164400.0,3214580000.0,0.0,0.0
2020-01-13,34266800.0,9716800.0,22054000.0,426800.0,2014100.0,632900.0,1778600.0,28154800.0,0.0,30730000.0,17762400.0,2672600.0,,17271100.0,4593200.0,14302900.0,2784200.0,14463400.0,10839600.0,21626500.0,319840000.0,5127200.0,8409200.0,,22756900.0,,,47086800.0,6613700.0,1175900.0,5545700.0,18337800.0,3459390000.0,0.0,0.0
2020-01-14,38563200.0,10352000.0,28911000.0,1030500.0,1577600.0,519800.0,1459900.0,31146000.0,0.0,26076000.0,29157100.0,2376300.0,,18323000.0,7037500.0,16345300.0,2622700.0,13288900.0,11537600.0,23477400.0,359088000.0,4159700.0,7829700.0,,24418100.0,,,62832800.0,6715200.0,564700.0,3805800.0,19757400.0,3687620000.0,0.0,0.0
2020-01-15,40199900.0,9297600.0,22733000.0,389800.0,2249500.0,485200.0,1604000.0,31893200.0,0.0,21550000.0,24637900.0,2734800.0,,15437200.0,4960300.0,17735400.0,3369400.0,10036500.0,11788400.0,21417900.0,263104000.0,5002600.0,4843700.0,,25742100.0,,,72056600.0,10075100.0,1517700.0,4738600.0,22362600.0,3721490000.0,0.0,0.0
2020-01-16,58898900.0,10230400.0,21508000.0,522500.0,1954900.0,387900.0,1758600.0,24638000.0,0.0,26080000.0,22349200.0,2200500.0,,19976200.0,6476000.0,10234100.0,2726700.0,10015300.0,10457600.0,23865400.0,284192000.0,4977900.0,6233700.0,,18805000.0,,,54050300.0,11215700.0,684500.0,6538100.0,16108200.0,3540580000.0,0.0,0.0
2020-01-17,57722500.0,15939200.0,26896000.0,346700.0,2078900.0,261900.0,2506500.0,25023600.0,0.0,52424000.0,29626700.0,2627000.0,,18306400.0,9083600.0,14264300.0,3540400.0,15905900.0,17692400.0,34371700.0,253792000.0,6908700.0,11315200.0,,24325200.0,,,95846000.0,8125700.0,1550800.0,3208700.0,30135000.0,3726220000.0,0.0,0.0
2020-01-21,49095000.0,9916800.0,21967000.0,509100.0,2228500.0,358400.0,3585900.0,24346800.0,0.0,48930000.0,19724900.0,2355600.0,,17935100.0,9543900.0,11968900.0,4100500.0,14275800.0,9502000.0,29517200.0,217916000.0,4440000.0,8553100.0,,21146300.0,,,77742400.0,9873700.0,1932700.0,3703100.0,22061100.0,4104840000.0,0.0,0.0
2020-01-22,40772200.0,7236800.0,29264000.0,1681400.0,2829500.0,576000.0,2218900.0,17031200.0,0.0,28458000.0,17731800.0,1787600.0,,14916300.0,10305300.0,12869600.0,2757400.0,12212800.0,7959600.0,24138800.0,239240000.0,5366100.0,7396700.0,,20736400.0,,,48914900.0,8124500.0,1907400.0,2727500.0,14778300.0,3623780000.0,0.0,0.0
2020-01-23,40135400.0,13553600.0,30266000.0,748800.0,1971200.0,412800.0,1535900.0,16286800.0,0.0,26650000.0,28566200.0,1891300.0,,15954300.0,8671900.0,12858900.0,3378200.0,11195000.0,8954000.0,19680800.0,244516000.0,3915700.0,11096500.0,,26496100.0,,,51963000.0,9999200.0,2965800.0,3577200.0,12915300.0,3766710000.0,0.0,0.0
2020-01-24,80004900.0,25740800.0,55782000.0,1104800.0,1976700.0,415700.0,1986100.0,26320800.0,0.0,29786000.0,40838300.0,7932600.0,,20491400.0,9051900.0,8594300.0,3106300.0,11905800.0,9397600.0,24918100.0,373512000.0,2791500.0,9508600.0,,37436500.0,,,87578400.0,10402200.0,3502700.0,3768600.0,13150200.0,3708780000.0,0.0,0.0
2020-01-27,48878600.0,19211200.0,38843000.0,966500.0,2919000.0,491300.0,2265100.0,17703600.0,0.0,34132000.0,41372700.0,3824600.0,,18539000.0,7587100.0,14359900.0,3389300.0,13810700.0,8958000.0,32078100.0,470536000.0,3895300.0,9338400.0,,42264400.0,,,84062500.0,9675500.0,4482000.0,3040000.0,21055200.0,3831050000.0,0.0,0.0
2020-01-28,62343800.0,9859200.0,23166000.0,512700.0,1668700.0,2071900.0,1571700.0,12296000.0,0.0,29724000.0,32628300.0,1923600.0,,16690400.0,7336600.0,15240200.0,3855200.0,13413800.0,10858800.0,24899900.0,310976000.0,2908300.0,6200200.0,,26731900.0,,,63834000.0,8124400.0,2480500.0,2610400.0,15810600.0,3531570000.0,0.0,0.0
2020-01-29,112349900.0,7233600.0,23668000.0,446200.0,1650400.0,800100.0,1713700.0,13921600.0,0.0,21566000.0,17308200.0,2429500.0,,14944400.0,6288600.0,13163600.0,5734800.0,33181300.0,7397200.0,34754500.0,258848000.0,3263200.0,5271000.0,,28924500.0,,,53888900.0,7693400.0,2262300.0,5300400.0,11326500.0,3600250000.0,0.0,0.0
2020-01-30,70460200.0,11059200.0,21128000.0,332100.0,2823200.0,2520100.0,1232600.0,16651200.0,0.0,27110000.0,20103300.0,4405500.0,,21889700.0,6470600.0,20225600.0,3560700.0,48775500.0,9977200.0,51597500.0,290504000.0,4058500.0,5894400.0,,39568100.0,,,75491800.0,10295700.0,1207000.0,4797800.0,13744500.0,3790350000.0,0.0,0.0
2020-01-31,60322400.0,16012800.0,22123000.0,537700.0,3136200.0,1280100.0,1837000.0,16248800.0,0.0,43822000.0,35659700.0,9764500.0,,30439000.0,8651700.0,17685200.0,3920800.0,31359900.0,13465200.0,36142700.0,370420000.0,4753100.0,6612900.0,,52015800.0,,,113845600.0,13467200.0,2144000.0,5032700.0,23327400.0,4529700000.0,0.0,0.0
2020-02-03,46983500.0,9030400.0,21288000.0,511300.0,3442300.0,840400.0,2816800.0,14822000.0,0.0,71636000.0,25754700.0,5722100.0,,17373200.0,5765200.0,12333600.0,3539200.0,15495600.0,18078000.0,30107000.0,255564000.0,3977800.0,6052300.0,,25408600.0,,,69083000.0,9594300.0,1195100.0,3294300.0,13041300.0,3760460000.0,0.0,0.0
2020-02-04,46302100.0,7896000.0,22559000.0,717200.0,2964900.0,960400.0,1982300.0,18476000.0,0.0,95880000.0,25063800.0,2569600.0,,15994200.0,6541400.0,15417900.0,3367900.0,19628900.0,23144000.0,36433300.0,271544000.0,3494300.0,6512200.0,,30691200.0,,,62573200.0,12746600.0,1775000.0,3919600.0,15696600.0,3996900000.0,0.0,0.0
2020-02-05,42737100.0,10528000.0,24825000.0,614300.0,1994900.0,1197300.0,1731800.0,15994400.0,0.0,36376000.0,36687700.0,9027500.0,,17807000.0,5979900.0,11414900.0,2911400.0,12538200.0,11676800.0,39186300.0,208220000.0,3504900.0,6125400.0,,38534800.0,,,65951100.0,6594400.0,1138600.0,4304300.0,17048700.0,4121480000.0,0.0,0.0
2020-02-06,48670600.0,7438400.0,22683000.0,494700.0,1630200.0,553400.0,1917900.0,9037600.0,0.0,37822000.0,18329900.0,1697100.0,,14768900.0,6201200.0,9347000.0,2903300.0,10567500.0,17204000.0,27751400.0,218284000.0,3571400.0,9102700.0,,22467100.0,,,50359700.0,4236300.0,2820800.0,3945300.0,16058700.0,3887250000.0,0.0,0.0
2020-02-07,53107600.0,7526400.0,15883000.0,309500.0,5158100.0,666900.0,1903500.0,12222800.0,0.0,28360000.0,12865100.0,6177900.0,,18029600.0,5700300.0,8757800.0,2421600.0,12242500.0,9571600.0,33529100.0,189752000.0,3138500.0,5915100.0,,25884900.0,,,64139400.0,6808400.0,475700.0,4736800.0,11068800.0,3733920000.0,0.0,0.0
2020-02-10,60971700.0,12961600.0,19218000.0,648400.0,3569900.0,766700.0,2336300.0,15510000.0,0.0,38302000.0,14220000.0,1909100.0,,11428800.0,4835600.0,7984900.0,2318800.0,11856400.0,13089600.0,35844300.0,529608000.0,3775600.0,5216100.0,,21478900.0,,,42070000.0,4281200.0,738000.0,2971400.0,18434700.0,3462730000.0,0.0,0.0
2020-02-11,74719100.0,11355200.0,15527000.0,531900.0,5107500.0,907300.0,2047500.0,31912800.0,0.0,34852000.0,16821500.0,1657100.0,,15005600.0,3715300.0,7431200.0,2694500.0,25030800.0,8642400.0,53159900.0,638556000.0,3870500.0,6105700.0,,30198000.0,,,54864500.0,6523200.0,2963500.0,9173400.0,17390400.0,3762940000.0,0.0,0.0
2020-02-12,45994900.0,13379200.0,15310000.0,642500.0,3332200.0,598300.0,1384600.0,21793200.0,0.0,31042000.0,26688200.0,1473800.0,,12123000.0,5166800.0,9179100.0,2844900.0,13813700.0,6251600.0,47062900.0,374644000.0,4217400.0,6031700.0,,24471300.0,,,43992700.0,5962900.0,1178300.0,5164400.0,14206800.0,3930910000.0,0.0,0.0
2020-02-13,51640000.0,24499200.0,13857000.0,547700.0,1418600.0,242300.0,1438000.0,16498000.0,0.0,22914000.0,13297900.0,1868000.0,,12649300.0,5480200.0,8173200.0,2853400.0,15396600.0,7780400.0,35295800.0,528016000.0,5041400.0,7159000.0,,22773200.0,,,54501900.0,6460100.0,1863800.0,1847200.0,15999600.0,3500890000.0,0.0,0.0
2020-02-14,52365400.0,33832000.0,19137000.0,592100.0,1235800.0,278600.0,1113400.0,16810000.0,0.0,23198000.0,11398800.0,2043600.0,,16006200.0,5716300.0,9965500.0,1720400.0,10741700.0,10637200.0,23149500.0,1041924000.0,3555600.0,5889100.0,,23438500.0,,,64582200.0,6932400.0,2181800.0,3262100.0,24391800.0,3419700000.0,0.0,0.0
2020-02-18,70133200.0,13776000.0,26693000.0,446800.0,1805100.0,412700.0,1547100.0,17296800.0,0.0,25642000.0,26635300.0,8356600.0,,13412100.0,7230700.0,10075700.0,2712600.0,15609200.0,9546400.0,27792200.0,620164000.0,4938700.0,6767600.0,,24394500.0,,,57226200.0,10989000.0,3368500.0,4229100.0,34539600.0,3750400000.0,0.0,0.0
2020-02-19,58597300.0,11504000.0,20525000.0,549500.0,1358600.0,479200.0,1413600.0,21227600.0,0.0,22746000.0,18547500.0,1681800.0,,11084600.0,6115200.0,6265700.0,2229500.0,12135100.0,12889600.0,29997500.0,694332000.0,2978800.0,4734000.0,,22230500.0,,,48814700.0,7866300.0,1836400.0,3211100.0,21563400.0,3614200000.0,0.0,0.0
2020-02-20,74203400.0,11952000.0,25521000.0,886700.0,1563000.0,396500.0,1427500.0,24716400.0,0.0,25962000.0,31277000.0,3452900.0,,20383800.0,7464700.0,7597200.0,2869400.0,13109200.0,13300400.0,36862400.0,810052000.0,2805900.0,6094600.0,,42604000.0,,,74163400.0,7192900.0,2199000.0,3439100.0,15068700.0,4019180000.0,0.0,0.0
2020-02-21,88271100.0,15432000.0,24522000.0,469000.0,1921900.0,249200.0,2239000.0,18500000.0,0.0,42520000.0,23027000.0,5381000.0,,18729900.0,7776800.0,10842400.0,2791200.0,14092300.0,11893200.0,48572600.0,768180000.0,4271800.0,8723900.0,,66017200.0,,,113788200.0,6816600.0,2137000.0,4101600.0,18726300.0,3908780000.0,0.0,0.0
2020-02-24,86624100.0,16489600.0,36849000.0,945300.0,1968600.0,511200.0,2300400.0,18555200.0,0.0,49560000.0,57828300.0,6803600.0,,28239500.0,10588900.0,14415500.0,4218800.0,23080100.0,13244000.0,68311100.0,856916000.0,5027700.0,7533900.0,,84522600.0,,,161088400.0,9968800.0,2670200.0,3824400.0,19848000.0,4851160000.0,0.0,0.0
2020-02-25,88699400.0,20457600.0,31892000.0,765900.0,2428000.0,469700.0,2881800.0,21351600.0,0.0,51580000.0,68418000.0,10014300.0,,45047000.0,10529000.0,15915100.0,5053700.0,21433500.0,11369200.0,68073300.0,1055496000.0,7585800.0,8903200.0,,97743000.0,,,218913200.0,12670700.0,3332900.0,6927000.0,23292900.0,5596760000.0,0.0,0.0
2020-02-26,86378400.0,13156800.0,23074000.0,675400.0,2215000.0,271200.0,2236000.0,17702400.0,0.0,49776000.0,69233800.0,19649400.0,,39465000.0,10093800.0,15837800.0,4190800.0,16524500.0,14002000.0,56206100.0,747732000.0,6157200.0,6894200.0,,79537700.0,,,194773800.0,10969300.0,2051500.0,6505700.0,20019900.0,5484650000.0,0.0,0.0
2020-02-27,106416200.0,17584000.0,34837000.0,1039000.0,2399500.0,819600.0,3625300.0,19496400.0,0.0,62290000.0,72596300.0,8629700.0,,50530300.0,12566700.0,23754000.0,6406200.0,21682600.0,28506000.0,93174900.0,906416000.0,8605000.0,13298900.0,,121822600.0,,,284353500.0,11878900.0,3491200.0,7335100.0,28476900.0,7064710000.0,0.0,0.0
2020-02-28,100331800.0,19475200.0,44586000.0,1852300.0,5378200.0,858800.0,7091800.0,17792000.0,0.0,80198000.0,97472600.0,13437000.0,,72036400.0,19820300.0,40890600.0,11324000.0,32568900.0,28858400.0,97012700.0,1133252000.0,14164000.0,22784300.0,,148173700.0,,,384975800.0,13604500.0,2810000.0,12553900.0,52369200.0,8569570000.0,0.0,0.0
2020-03-02,102324700.0,14659200.0,31976000.0,1405300.0,3956300.0,1012500.0,7563800.0,16054800.0,0.0,55430000.0,72357700.0,19402100.0,,33569300.0,11508200.0,25698600.0,6154200.0,24949000.0,18188800.0,71030800.0,890744000.0,8504500.0,12399800.0,,112933900.0,,,238703600.0,13797700.0,1710000.0,8020800.0,51222600.0,6381330000.0,0.0,0.0
2020-03-03,141972300.0,11180800.0,29930000.0,940800.0,3224100.0,520200.0,5131400.0,16286000.0,0.0,56602000.0,58721000.0,11462300.0,,42941300.0,13662500.0,27099200.0,5115200.0,27984100.0,21168000.0,71677000.0,652792000.0,8728300.0,12510900.0,,131953500.0,,,300139100.0,14661800.0,3235500.0,5850400.0,33340800.0,6376510000.0,0.0,0.0
2020-03-04,93311800.0,11427200.0,23477000.0,760600.0,3021700.0,343300.0,4219300.0,9284000.0,0.0,47598000.0,52664700.0,7627100.0,,36195800.0,10560500.0,20526100.0,4260400.0,23062500.0,26119600.0,49814400.0,597408000.0,7635700.0,9459300.0,,73086200.0,,,176613400.0,9878200.0,3358000.0,5557900.0,24625200.0,5073020000.0,0.0,0.0
2020-03-05,98302700.0,8960000.0,24374000.0,817100.0,2274000.0,326000.0,6407700.0,12850000.0,0.0,54380000.0,62455700.0,5284200.0,,32729400.0,11339200.0,17948500.0,4107200.0,19333400.0,21821600.0,47817300.0,540328000.0,6579100.0,9363500.0,,78705500.0,,,186366800.0,10004200.0,3424900.0,4195700.0,25638300.0,5579290000.0,0.0,0.0
2020-03-06,124590900.0,15444800.0,30169000.0,814300.0,2790300.0,472000.0,6185500.0,20479600.0,0.0,64640000.0,69860600.0,11614800.0,,39688300.0,12239100.0,22353900.0,6360100.0,24559600.0,24575200.0,72821100.0,515412000.0,6754900.0,9817400.0,,89828400.0,,,228667200.0,12971200.0,3305500.0,3905500.0,29411100.0,6555240000.0,0.0,0.0
2020-03-09,80859800.0,18836800.0,43934000.0,1024400.0,3910200.0,375800.0,5203100.0,23266800.0,0.0,69252000.0,73609600.0,24791700.0,,56320000.0,13848600.0,27898300.0,7788500.0,29949000.0,21875600.0,70419300.0,614160000.0,8716300.0,13116500.0,,116424000.0,,,309417300.0,13781100.0,3629600.0,7633800.0,59243400.0,8441290000.0,0.0,0.0
2020-03-10,76228200.0,21753600.0,55071000.0,775800.0,3186100.0,655000.0,4245500.0,18279600.0,0.0,54872000.0,57598000.0,15072900.0,,54432700.0,12698100.0,27457400.0,5835200.0,24517800.0,33924000.0,65354400.0,580648000.0,8258600.0,11419100.0,,100599200.0,,,276444100.0,11698700.0,3061800.0,5197100.0,37797300.0,7642040000.0,0.0,0.0
2020-03-11,101601100.0,23360000.0,36030000.0,1165800.0,3079200.0,422100.0,3622700.0,21544800.0,0.0,54732000.0,60006600.0,13316100.0,,51354800.0,17763400.0,22653900.0,5625100.0,20373900.0,26050800.0,56371600.0,499964000.0,7465100.0,16456000.0,,89168800.0,,,255316300.0,14498000.0,2294000.0,9774300.0,31620000.0,7431200000.0,0.0,0.0
2020-03-12,107461500.0,33078400.0,64281000.0,1225900.0,3574200.0,794200.0,7307600.0,26546000.0,0.0,94326000.0,82926400.0,10671600.0,,70114300.0,21539200.0,31913100.0,9079300.0,43266300.0,30402000.0,93226400.0,816540000.0,12808300.0,20988000.0,,137820700.0,,,392220700.0,15942200.0,4272800.0,9958400.0,56323200.0,8850810000.0,0.0,0.0
2020-03-13,86689700.0,17172800.0,84714000.0,996800.0,3651400.0,927300.0,6100100.0,20060800.0,0.0,79400000.0,69164600.0,8697200.0,,57915100.0,20084200.0,33697200.0,8042600.0,35028600.0,30994400.0,92727400.0,634836000.0,12007700.0,17378700.0,,134882000.0,,,329566100.0,14948700.0,4997600.0,8778900.0,42962100.0,8299070000.0,0.0,0.0
2020-03-16,84545900.0,16475200.0,76935000.0,1015200.0,3334900.0,381300.0,5465500.0,27265200.0,0.0,96520000.0,43080100.0,6971700.0,,59095700.0,18877900.0,28682300.0,9341300.0,39120400.0,24300800.0,87905900.0,726972000.0,10733300.0,17367400.0,,92054400.0,,,297240000.0,16628200.0,5696100.0,6744100.0,36753900.0,7805450000.0,0.0,0.0
2020-03-17,92741900.0,23912000.0,70662000.0,993400.0,2726900.0,821000.0,7170600.0,22658800.0,0.0,83194000.0,68569400.0,5680300.0,,59344800.0,18911800.0,32106700.0,13708200.0,34255600.0,24225600.0,81059800.0,833632000.0,14242300.0,19451400.0,,121257100.0,,,262070500.0,13415700.0,2917700.0,5373900.0,52806000.0,8370250000.0,0.0,0.0
2020-03-18,106949300.0,31808000.0,98993000.0,935700.0,3597600.0,662500.0,6701800.0,25434000.0,0.0,93044000.0,54289800.0,13256300.0,,62296700.0,17521100.0,35408300.0,12627600.0,37553100.0,25868000.0,81593200.0,874268000.0,15250800.0,23139200.0,,114156300.0,,,327597100.0,15018500.0,5092500.0,8804100.0,77355900.0,8799300000.0,0.0,0.0
2020-03-19,88939000.0,14928000.0,74438000.0,1219000.0,2604700.0,889400.0,5429500.0,29770800.0,0.0,74064000.0,45706300.0,6702900.0,,62654700.0,18482300.0,41956900.0,12773400.0,39862300.0,25052400.0,85922700.0,765512000.0,9393500.0,16428100.0,,120896500.0,,,289322000.0,11182600.0,3926000.0,7457700.0,57100500.0,7956100000.0,0.0,0.0
2020-03-20,106859500.0,18297600.0,74044000.0,1270700.0,3532800.0,860500.0,6581200.0,57014400.0,0.0,82878000.0,55796500.0,9641600.0,,76203700.0,19785100.0,51513500.0,12000000.0,32568400.0,23166800.0,84866200.0,804636000.0,13093200.0,19922900.0,,118983900.0,,,347158800.0,14157700.0,3384100.0,11443200.0,55423500.0,9053950000.0,0.0,0.0
2020-03-23,101704700.0,15707200.0,46921000.0,840700.0,2347400.0,1157500.0,5646400.0,44508800.0,0.0,83672000.0,48862100.0,12234700.0,,63534700.0,20815200.0,44978500.0,10660400.0,29830800.0,22822800.0,78975200.0,643876000.0,13926800.0,17776800.0,,124639800.0,,,326025200.0,10508600.0,3538400.0,9830700.0,39366000.0,7411380000.0,0.0,0.0
2020-03-24,106794200.0,23580800.0,62970000.0,824400.0,3839200.0,1321900.0,7124200.0,32352000.0,0.0,72468000.0,51304000.0,5235500.0,,73386700.0,17604800.0,49096200.0,11678400.0,30440400.0,31009200.0,82516700.0,1101644000.0,11447000.0,14625500.0,,94881800.0,,,235494500.0,12216200.0,3403000.0,6688200.0,42705000.0,7563150000.0,0.0,0.0
2020-03-25,93760400.0,24233600.0,64442000.0,803500.0,5953800.0,1586500.0,5639600.0,22068800.0,0.0,90324000.0,45692600.0,5527600.0,,56043700.0,13986100.0,42511700.0,9708700.0,35184300.0,18863600.0,75638200.0,793432000.0,9485500.0,13789100.0,,88754900.0,,,299430300.0,9796600.0,1863700.0,6976600.0,53287500.0,8300010000.0,0.0,0.0
2020-03-26,73680200.0,18998400.0,60213000.0,745700.0,10254600.0,721100.0,5463100.0,23354800.0,0.0,76562000.0,41965200.0,3384400.0,,51657600.0,15066800.0,37821700.0,8259900.0,26556800.0,21820800.0,64568100.0,696108000.0,10376800.0,15796000.0,,79887600.0,,,257632800.0,10577500.0,2393600.0,7048600.0,58250700.0,7766990000.0,0.0,0.0
2020-03-27,74599200.0,14644800.0,39448000.0,824600.0,11271600.0,465100.0,4250400.0,15304400.0,0.0,62794000.0,66536800.0,5282300.0,,39931500.0,12133200.0,23297900.0,6441400.0,24879900.0,15991600.0,57042300.0,638828000.0,9852500.0,16073100.0,,58845000.0,,,224341200.0,12158500.0,2577800.0,6820300.0,36160500.0,6201670000.0,0.0,0.0
2020-03-30,68486600.0,16641600.0,52343000.0,1103100.0,5184000.0,687800.0,4396000.0,17798000.0,0.0,58736000.0,35016900.0,4649400.0,,41552100.0,21754000.0,23446000.0,5621700.0,22515200.0,14500800.0,63420300.0,602252000.0,6916800.0,14571600.0,,49356900.0,,,171369500.0,8428300.0,1332700.0,4086300.0,29212500.0,5751120000.0,0.0,0.0
2020-03-31,83483700.0,18113600.0,50191000.0,1286100.0,3925800.0,903200.0,5618600.0,19685600.0,0.0,65228000.0,31103400.0,6356500.0,,52948000.0,15746100.0,25373900.0,4519900.0,23676300.0,11517600.0,77927200.0,949960000.0,7091700.0,21691000.0,,62659300.0,,,194881100.0,9595700.0,1628800.0,5448300.0,26258400.0,6576210000.0,0.0,0.0
2020-04-01,92083100.0,13763200.0,41858000.0,690300.0,3614400.0,697300.0,3745800.0,12455600.0,0.0,51970000.0,36859100.0,9256400.0,,54224200.0,12606100.0,21936400.0,4668900.0,19507600.0,15263600.0,57969900.0,656912000.0,6873000.0,11095800.0,,53715400.0,,,189554600.0,8755200.0,2206300.0,4538300.0,28269600.0,5964000000.0,0.0,0.0
2020-04-02,79024100.0,10616000.0,45049000.0,508200.0,4377300.0,777700.0,3500600.0,12234800.0,0.0,56410000.0,31824800.0,4789400.0,,43774200.0,11594500.0,17621900.0,4803200.0,20886300.0,12352400.0,49630700.0,675764000.0,6181800.0,9168800.0,,56465300.0,,,177660400.0,6174700.0,1339200.0,6455400.0,29515500.0,6464190000.0,0.0,0.0
2020-04-03,79335000.0,13510400.0,28960000.0,557700.0,7212800.0,1133800.0,2650100.0,18223200.0,0.0,51374000.0,39986200.0,3441100.0,,42189200.0,10071200.0,14207100.0,5050400.0,25983300.0,11148400.0,41243300.0,663212000.0,5552000.0,7768700.0,,47487600.0,,,135561200.0,5486200.0,1483100.0,7313300.0,28625100.0,6096970000.0,0.0,0.0
2020-04-06,82294000.0,15972800.0,38868000.0,773100.0,5311300.0,849700.0,5272500.0,20032400.0,0.0,63320000.0,32347800.0,4697500.0,,48708100.0,14994400.0,22850000.0,8330900.0,28453600.0,19050800.0,67111700.0,727884000.0,8242200.0,16848400.0,,64763500.0,,,188061200.0,7370300.0,1415700.0,6454300.0,47768700.0,6403840000.0,0.0,0.0
2020-04-07,102098700.0,13625600.0,45892000.0,769700.0,6336800.0,1812900.0,4036500.0,29891200.0,0.0,61620000.0,35120800.0,9340600.0,,57546100.0,11567100.0,21279600.0,7848300.0,31411900.0,17198400.0,62769000.0,784520000.0,6253900.0,14438400.0,,69904500.0,,,201427200.0,6568700.0,1974700.0,4790600.0,41369700.0,7050410000.0,0.0,0.0
2020-04-08,64930800.0,12708800.0,27565000.0,565400.0,4222600.0,448400.0,3964400.0,17350000.0,0.0,40334000.0,46291400.0,3341000.0,,52822300.0,10758200.0,18937100.0,5665700.0,21664200.0,8792400.0,48318200.0,542444000.0,5241100.0,12564500.0,,45940400.0,,,153774500.0,6325900.0,1550600.0,2937600.0,27876600.0,5875710000.0,0.0,0.0
2020-04-09,80270100.0,22150400.0,34828000.0,443200.0,2990600.0,471200.0,6487600.0,15011600.0,0.0,54028000.0,88846900.0,4543600.0,,69528600.0,11125400.0,19165300.0,4901300.0,23534300.0,10236800.0,51385100.0,525564000.0,5502400.0,12747300.0,,68252600.0,,,189999200.0,12274000.0,2207500.0,3392700.0,32828700.0,7899550000.0,0.0,0.0
2020-04-13,64290100.0,14004800.0,25729000.0,326300.0,3369400.0,556100.0,3120400.0,11468000.0,0.0,38702000.0,40390500.0,2103100.0,,40198200.0,8153200.0,19586000.0,3182500.0,19355400.0,10826000.0,41905300.0,398408000.0,3785000.0,7926700.0,,42853900.0,,,114839100.0,9873200.0,2202400.0,2806900.0,24194100.0,5319530000.0,0.0,0.0
2020-04-14,85306800.0,11702400.0,23094000.0,418400.0,3538400.0,503800.0,4288300.0,25942800.0,0.0,63358000.0,37632800.0,2180100.0,,35089700.0,13838000.0,21801900.0,3863800.0,21011800.0,19346800.0,52874300.0,530948000.0,6278700.0,10474200.0,,63959600.0,,,134143400.0,11068800.0,2254300.0,4031900.0,34098900.0,5615730000.0,0.0,0.0
2020-04-15,83814000.0,7635200.0,25926000.0,463700.0,3202000.0,470000.0,2937300.0,16787600.0,0.0,42236000.0,34367500.0,3137400.0,,34809900.0,11962300.0,12893200.0,4961500.0,17423000.0,13964800.0,40940800.0,366148000.0,5773100.0,14192900.0,,47036000.0,,,121775000.0,9398100.0,1091500.0,5434600.0,22435200.0,5208000000.0,0.0,0.0
2020-04-16,103106500.0,12382400.0,26896000.0,627400.0,4255300.0,397900.0,3940000.0,20008400.0,0.0,57896000.0,25821900.0,1901600.0,,49501300.0,12181700.0,17606800.0,7120800.0,23593200.0,8409200.0,50479600.0,745620000.0,4564000.0,12020200.0,,64657400.0,,,131798300.0,18615900.0,1551100.0,5722500.0,31882200.0,5228810000.0,0.0,0.0
2020-04-17,76908800.0,11428800.0,34089000.0,544000.0,5461200.0,438900.0,3688000.0,16558800.0,0.0,51050000.0,38251800.0,2375000.0,,46250200.0,10920000.0,19844600.0,6467600.0,20974800.0,12698400.0,52765600.0,539120000.0,4866500.0,15899800.0,,62863200.0,,,146684800.0,11288500.0,2105700.0,4376100.0,30915300.0,5804810000.0,0.0,0.0
2020-04-20,72367300.0,9662400.0,23801000.0,1562400.0,3916900.0,671900.0,3156300.0,26119600.0,0.0,35292000.0,24676200.0,4230700.0,,36700500.0,12226200.0,18957900.0,3856500.0,16110700.0,11411200.0,36669600.0,449388000.0,3995400.0,10832000.0,,38249100.0,,,100109300.0,9901700.0,865800.0,5457200.0,24401700.0,5228630000.0,0.0,0.0
2020-04-21,123906400.0,11518400.0,29138000.0,849600.0,2398500.0,624500.0,3833000.0,27801200.0,0.0,49648000.0,42335600.0,3287700.0,,31608900.0,9951100.0,26863700.0,4758300.0,24850500.0,8428400.0,56203700.0,735160000.0,4359500.0,9465400.0,,72932800.0,,,126385700.0,13102500.0,2111300.0,4577500.0,27900600.0,5121010000.0,0.0,0.0
2020-04-22,63041600.0,9272000.0,35438000.0,341500.0,3947800.0,468900.0,2970600.0,14923600.0,0.0,46296000.0,15720900.0,3168700.0,,24333800.0,11515600.0,15811600.0,4243600.0,33242000.0,9753600.0,34620200.0,483356000.0,4084600.0,10259400.0,,40089100.0,,,92951600.0,8255500.0,1884500.0,2847300.0,19448100.0,5084920000.0,0.0,0.0
2020-04-23,69662700.0,6240000.0,21659000.0,502800.0,8223400.0,543000.0,2625200.0,12260000.0,0.0,34202000.0,23896700.0,2345900.0,,38571200.0,10665000.0,17668200.0,5050100.0,21426600.0,6597200.0,32790800.0,424160000.0,5527700.0,17277000.0,,43278500.0,,,104709700.0,7619900.0,981000.0,2386400.0,28839900.0,5773530000.0,0.0,0.0
2020-04-24,72761000.0,10068800.0,23373000.0,815900.0,5401400.0,436300.0,2019400.0,38883200.0,0.0,37402000.0,37915200.0,2373500.0,,27147500.0,8653400.0,15175000.0,3319600.0,28792000.0,10223600.0,34277600.0,352328000.0,4063100.0,12751100.0,,34231900.0,,,85063200.0,5701800.0,753700.0,1728400.0,17343600.0,5382810000.0,0.0,0.0
2020-04-27,62568100.0,10158400.0,16588000.0,611600.0,3187900.0,605500.0,2287300.0,17440800.0,0.0,44186000.0,20550700.0,2508100.0,,39021300.0,8924000.0,19175500.0,4048200.0,29197800.0,11694400.0,33194400.0,479388000.0,4009200.0,10635700.0,,36451700.0,,,77896600.0,5812300.0,1096800.0,3005900.0,17923800.0,5203930000.0,0.0,0.0
2020-04-28,80501800.0,10420800.0,18988000.0,658500.0,2568000.0,845000.0,2425900.0,18536400.0,0.0,80700000.0,23927600.0,2847600.0,,47292700.0,8558700.0,17246700.0,3805000.0,21731000.0,11458800.0,34392700.0,442904000.0,6674200.0,9958000.0,,46862800.0,,,105270000.0,8561100.0,1192000.0,3901500.0,20732100.0,5691160000.0,0.0,0.0
2020-04-29,110800900.0,17291200.0,28871000.0,747800.0,3028600.0,1438400.0,3667700.0,24445600.0,0.0,108358000.0,34838300.0,2600100.0,,50390500.0,9285200.0,15780000.0,3465200.0,45954500.0,11398800.0,51286600.0,379160000.0,6706800.0,8707900.0,,48716400.0,,,118745600.0,8565500.0,1242400.0,5214900.0,44612100.0,6645640000.0,0.0,0.0
2020-04-30,65543900.0,11910400.0,23379000.0,520300.0,2649100.0,701800.0,3794300.0,8867200.0,0.0,55842000.0,34636000.0,5371500.0,,43727500.0,14829600.0,20801100.0,7127200.0,46230100.0,14092400.0,53875900.0,375916000.0,6783000.0,10026400.0,,43359500.0,,,122901700.0,6337900.0,1567000.0,3620100.0,40497900.0,6544980000.0,0.0,0.0
2020-05-01,69562700.0,12187200.0,26836000.0,560900.0,3776100.0,953500.0,2525400.0,11991200.0,0.0,48872000.0,31859400.0,8357700.0,,43352000.0,7309000.0,14290400.0,3764800.0,30415600.0,7130400.0,39370500.0,342096000.0,4488000.0,7366400.0,,48795000.0,,,125180000.0,10238700.0,2055300.0,3537300.0,31143900.0,4759810000.0,0.0,0.0
2020-05-04,62590600.0,9796800.0,17046000.0,883700.0,6134000.0,631900.0,2477500.0,15598400.0,0.0,30806000.0,20400900.0,3580500.0,,28498200.0,7198400.0,22544200.0,4027100.0,19250700.0,7663200.0,30372900.0,317556000.0,5245300.0,5636000.0,,32841000.0,,,80873200.0,7514000.0,1527400.0,3783000.0,17807700.0,4735930000.0,0.0,0.0
2020-05-05,56560500.0,20096000.0,26462000.0,613300.0,3953000.0,607000.0,2460900.0,14972800.0,0.0,39666000.0,26484200.0,3487600.0,,31209400.0,6562300.0,13370500.0,3828400.0,21071200.0,11100000.0,36839200.0,368896000.0,3580000.0,5425200.0,,37783100.0,,,79569900.0,7780700.0,2763700.0,5490000.0,19337400.0,5140290000.0,0.0,0.0
2020-05-06,48138100.0,39841600.0,22727000.0,517600.0,2675300.0,446000.0,2406700.0,17971600.0,0.0,31732000.0,18823300.0,3279500.0,,29836800.0,6191600.0,11892900.0,3916900.0,21857000.0,6941200.0,32139300.0,323464000.0,4192200.0,7892200.0,,36455200.0,,,73632600.0,8206700.0,4518500.0,3254600.0,17309100.0,4892570000.0,0.0,0.0
2020-05-07,48956600.0,17667200.0,18238000.0,786800.0,3148000.0,437800.0,2601800.0,22627600.0,0.0,30652000.0,19581700.0,3252800.0,,27493000.0,5570500.0,16466000.0,3039600.0,15152000.0,8842400.0,28316000.0,373732000.0,5528000.0,8762800.0,,38624800.0,,,75250400.0,5493400.0,2720500.0,4784200.0,27345600.0,5178790000.0,0.0,0.0
2020-05-08,40686100.0,17355200.0,16757000.0,3492100.0,2915900.0,365000.0,2337400.0,13851600.0,0.0,33326000.0,21770400.0,3486800.0,,32122900.0,4712100.0,13985100.0,3411600.0,12506000.0,13098800.0,30877800.0,339216000.0,4209100.0,9279900.0,,31852300.0,,,76452400.0,6086000.0,2308600.0,2832400.0,20830800.0,4876030000.0,0.0,0.0
2020-05-11,68746400.0,12926400.0,20851000.0,1357700.0,2448400.0,768500.0,1865900.0,9672800.0,0.0,32718000.0,14285100.0,4569400.0,,33983200.0,5887500.0,10874600.0,2631300.0,12911900.0,8219600.0,30892700.0,469060000.0,3591100.0,6947500.0,,35714100.0,,,79514200.0,6459300.0,2556400.0,3006500.0,25341900.0,4819730000.0,0.0,0.0
2020-05-12,55631100.0,14924800.0,18764000.0,986800.0,3561100.0,456700.0,2264900.0,18057600.0,0.0,33918000.0,25332700.0,4267700.0,,44275300.0,7039200.0,13424400.0,3610600.0,14704600.0,12606800.0,32038200.0,493060000.0,3914600.0,6734400.0,,41054100.0,,,95870800.0,8584500.0,1971700.0,2913000.0,19100100.0,5119630000.0,0.0,0.0
2020-05-13,76824700.0,16662400.0,21927000.0,878000.0,3293300.0,660900.0,2954900.0,17332400.0,0.0,40368000.0,29962000.0,2615800.0,,58719300.0,6970500.0,15854800.0,4729100.0,20684600.0,7807200.0,44711500.0,625852000.0,5168500.0,9312600.0,,65521200.0,,,144721100.0,8611000.0,2783000.0,4922700.0,29175300.0,6151650000.0,0.0,0.0
2020-05-14,73814000.0,12595200.0,19912000.0,852800.0,5016000.0,419800.0,3718900.0,13288800.0,0.0,36660000.0,30429100.0,2257600.0,,55904300.0,6871400.0,18000800.0,4868400.0,17178900.0,8192400.0,41873900.0,602312000.0,5522200.0,9310000.0,,51549300.0,,,121977900.0,13695600.0,1927100.0,3079300.0,22233000.0,5651130000.0,0.0,0.0
2020-05-15,66950900.0,13160000.0,21650000.0,580600.0,3430700.0,422100.0,4577200.0,13171600.0,0.0,41544000.0,34133400.0,1828900.0,,40236600.0,10340400.0,31579400.0,6879600.0,19383200.0,17995600.0,46610400.0,987660000.0,20338200.0,10694800.0,,55747200.0,,,111146300.0,17777200.0,1591700.0,3130400.0,31770000.0,5507700000.0,0.0,0.0
2020-05-18,48569200.0,8745600.0,26531000.0,668100.0,2920100.0,219700.0,3987300.0,11472800.0,0.0,47094000.0,31900200.0,3091200.0,,46981100.0,7388400.0,26118500.0,4653000.0,20151900.0,8825200.0,35264500.0,774460000.0,8480300.0,10020800.0,,42398100.0,,,119703800.0,12726500.0,2161800.0,4311500.0,38633700.0,6373670000.0,0.0,0.0
2020-05-19,60388500.0,7857600.0,18702000.0,703000.0,3364800.0,724200.0,3523000.0,10701600.0,0.0,31586000.0,18536500.0,1941700.0,,30270000.0,6107300.0,17839900.0,3365000.0,31843200.0,8483200.0,26799100.0,717320000.0,6640300.0,8047600.0,,36237300.0,,,95189300.0,12940300.0,1527600.0,2721200.0,74746200.0,4984330000.0,0.0,0.0
2020-05-20,50888200.0,11620800.0,18605000.0,426800.0,2947400.0,479300.0,2827000.0,14256400.0,0.0,38262000.0,36053700.0,2366700.0,,35901300.0,5713400.0,22295900.0,4920800.0,50162900.0,10294400.0,31261300.0,587536000.0,8213100.0,6593800.0,,37417000.0,,,85861700.0,8406200.0,2236500.0,4293300.0,32246400.0,5005380000.0,0.0,0.0
2020-05-21,48496100.0,8904000.0,14847000.0,677000.0,1399600.0,578000.0,2492100.0,8289200.0,0.0,30894000.0,23307300.0,2063800.0,,32716500.0,6487300.0,13193500.0,2913600.0,47782600.0,7462000.0,29119500.0,761068000.0,4886300.0,6552700.0,,43642900.0,,,78293900.0,7842600.0,2635400.0,3201000.0,22448100.0,4976620000.0,0.0,0.0
2020-05-22,43524100.0,7657600.0,17452000.0,590900.0,1244900.0,345600.0,2366400.0,11292000.0,0.0,28544000.0,11311900.0,1352400.0,,24035200.0,6140900.0,13008400.0,2475200.0,33925600.0,6809200.0,20826900.0,1038764000.0,3429200.0,5571900.0,,28762400.0,,,63958200.0,12462300.0,2370700.0,1969800.0,22359600.0,3970860000.0,0.0,0.0
2020-05-26,51618900.0,6704000.0,23573000.0,503700.0,2199500.0,507600.0,3234600.0,16489600.0,0.0,44590000.0,27673800.0,3484800.0,,36971000.0,7072300.0,22223100.0,3990900.0,33178300.0,11618800.0,36073600.0,770780000.0,5579300.0,10432400.0,,33055300.0,,,88951400.0,8872000.0,3573400.0,5272100.0,23730600.0,5848500000.0,0.0,0.0
2020-05-27,102414500.0,7441600.0,22812000.0,687900.0,2786600.0,1189200.0,2980200.0,28085200.0,0.0,31684000.0,24905000.0,2542900.0,,42682000.0,7950000.0,18447600.0,3993400.0,34697600.0,8087600.0,39517100.0,1175892000.0,5686500.0,8279700.0,,55665600.0,,,104817400.0,11405700.0,3815200.0,3483300.0,31073700.0,6398000000.0,0.0,0.0
2020-05-28,53670200.0,9806400.0,18543000.0,657400.0,1609200.0,513300.0,4301900.0,15223600.0,0.0,35170000.0,23282500.0,3873900.0,,42105000.0,6189600.0,16230600.0,3567600.0,29377200.0,12271600.0,33810200.0,734896000.0,4974400.0,6586700.0,,42784300.0,,,90405200.0,8178700.0,1189100.0,4085700.0,24424800.0,5447020000.0,0.0,0.0
2020-05-29,64666700.0,15401600.0,27300000.0,792700.0,2211900.0,449200.0,4971800.0,53702800.0,0.0,37044000.0,32189000.0,2993800.0,,41536400.0,8504000.0,51125000.0,5717200.0,23241500.0,12458000.0,42130400.0,745256000.0,13337900.0,7868000.0,,50691800.0,,,119090800.0,10918500.0,3242400.0,7388300.0,29311200.0,7297550000.0,0.0,0.0
2020-06-01,36864400.0,8654400.0,18444000.0,4979100.0,1835400.0,337200.0,2293700.0,48115200.0,0.0,25162000.0,46987000.0,8531700.0,,25567500.0,6141800.0,17010700.0,2168200.0,18223800.0,7079200.0,22622400.0,389876000.0,4049200.0,5105600.0,,25776000.0,,,55758300.0,6187300.0,2224700.0,3143100.0,20550300.0,4684170000.0,0.0,0.0
2020-06-02,42855200.0,14142400.0,31847000.0,3639900.0,1910300.0,256500.0,2528900.0,51533200.0,0.0,23442000.0,35930900.0,4711800.0,,24666200.0,6078300.0,15255100.0,3125500.0,20919000.0,9626800.0,30794600.0,391320000.0,5327500.0,6327900.0,,33383400.0,,,74267200.0,6063600.0,2440400.0,4414300.0,19187700.0,5197150000.0,0.0,0.0
2020-06-03,46765300.0,9864000.0,31926000.0,2102500.0,1896800.0,337700.0,2165900.0,84206000.0,0.0,27732000.0,35991000.0,4226600.0,,36111700.0,6339500.0,15508300.0,3881500.0,15380300.0,7134400.0,27311000.0,365440000.0,5421200.0,6171000.0,,37228700.0,,,92567600.0,8380200.0,2661900.0,3232900.0,20262900.0,6005560000.0,0.0,0.0
2020-06-04,44869100.0,7201600.0,34997000.0,1070300.0,1935200.0,485600.0,4553900.0,65484800.0,0.0,26982000.0,36405800.0,4744100.0,,28904700.0,8170500.0,13604700.0,3469100.0,17041500.0,11808400.0,28761800.0,424280000.0,5229700.0,6895800.0,,38716100.0,,,75794400.0,13269500.0,2451900.0,3989000.0,24015000.0,6451290000.0,0.0,0.0
2020-06-05,53908300.0,8814400.0,50958000.0,850300.0,2363200.0,1699200.0,4375600.0,38402400.0,0.0,42642000.0,35306500.0,10611700.0,,53513400.0,9725400.0,20504800.0,4728300.0,16750400.0,11009600.0,39893600.0,481748000.0,7075700.0,7337800.0,,47365600.0,,,150524700.0,9776100.0,2638000.0,4149700.0,39337200.0,8639300000.0,0.0,0.0
2020-06-08,39681700.0,6904000.0,23916000.0,1273300.0,1857400.0,761600.0,3764500.0,29929600.0,0.0,33878000.0,20493100.0,3314700.0,,33834300.0,7555600.0,19896700.0,4443900.0,15466500.0,9910000.0,33211600.0,387736000.0,5613000.0,6926700.0,,32937300.0,,,73641200.0,6302100.0,7791500.0,6988700.0,28344300.0,8498300000.0,0.0,0.0
2020-06-09,79919100.0,6859200.0,22335000.0,2296400.0,2425200.0,695000.0,3155800.0,17404400.0,0.0,33624000.0,28412400.0,3238600.0,,39646000.0,8247200.0,16713700.0,3728600.0,27462900.0,6681600.0,29783900.0,468488000.0,6446900.0,5563200.0,,35046300.0,,,77479200.0,9355100.0,2446200.0,4255300.0,20746200.0,6410930000.0,0.0,0.0
2020-06-10,78719400.0,5555200.0,25914000.0,1780800.0,1470600.0,591200.0,2713700.0,23267200.0,0.0,31762000.0,36663100.0,4944600.0,,51774500.0,10137100.0,15716600.0,3459900.0,20720700.0,5859200.0,43872300.0,632180000.0,7069900.0,6678200.0,,58084400.0,,,95000800.0,9194300.0,2268700.0,4236300.0,28141500.0,6598870000.0,0.0,0.0
2020-06-11,78715400.0,14094400.0,45115000.0,1495800.0,2728900.0,425800.0,3443000.0,33292800.0,0.0,47144000.0,48794500.0,6365800.0,,72041500.0,11913300.0,26070400.0,5796000.0,26708200.0,9570800.0,52854700.0,583652000.0,8541000.0,8937500.0,,72919400.0,,,209243600.0,9877100.0,2480500.0,3259000.0,34162800.0,7037320000.0,0.0,0.0
2020-06-12,71189100.0,9857600.0,39439000.0,1132700.0,7028300.0,490900.0,4020000.0,25809600.0,0.0,36676000.0,36156800.0,3051000.0,,63864900.0,8687400.0,21822700.0,4108600.0,22091400.0,8424000.0,43373600.0,570908000.0,7039500.0,7998500.0,,72034800.0,,,194678900.0,9838800.0,2562200.0,4000200.0,32359200.0,5845330000.0,0.0,0.0
2020-06-15,56740700.0,6924800.0,29824000.0,1426900.0,1821800.0,344600.0,3266800.0,36075600.0,0.0,30468000.0,39432300.0,2658000.0,,57354800.0,8649600.0,15622300.0,4499000.0,15340300.0,6742400.0,32770200.0,400004000.0,5481000.0,8786000.0,,45307400.0,,,135782700.0,7509700.0,2419600.0,2978600.0,32703300.0,5757480000.0,0.0,0.0
2020-06-16,50949700.0,8307200.0,30387000.0,2343000.0,2108500.0,481500.0,2633800.0,39232400.0,0.0,30648000.0,40976300.0,5252000.0,,48957000.0,7579100.0,18803500.0,5434800.0,15236700.0,6621200.0,42556700.0,535716000.0,5197700.0,8165200.0,,48890100.0,,,137627500.0,8827200.0,2556100.0,4619900.0,25167600.0,5845810000.0,0.0,0.0
2020-06-17,45146500.0,9164800.0,20279000.0,2783600.0,1934600.0,270000.0,2188400.0,30550800.0,0.0,30610000.0,17066700.0,2308300.0,,34811400.0,5100100.0,12602800.0,3154100.0,19578100.0,6218400.0,25687800.0,408304000.0,3309700.0,6320800.0,,34749300.0,,,83398900.0,8248700.0,4404800.0,4986000.0,20166900.0,4560450000.0,0.0,0.0
2020-06-18,40354700.0,18339200.0,33625000.0,1181300.0,1517000.0,254400.0,1881800.0,38260400.0,0.0,34862000.0,22223600.0,1694600.0,,26974100.0,4797400.0,9380800.0,3153300.0,15782500.0,6345600.0,23061600.0,254408000.0,3417200.0,6274400.0,,30578600.0,,,80828700.0,6831500.0,5284400.0,4704000.0,20070000.0,4448690000.0,0.0,0.0
2020-06-19,52801500.0,19073600.0,58465000.0,2134100.0,4286500.0,326700.0,3438000.0,42976400.0,0.0,52784000.0,32037600.0,2033200.0,,50293800.0,12206900.0,30464600.0,6267700.0,30081300.0,17327200.0,44441100.0,524160000.0,8310100.0,17506200.0,,49422100.0,,,135549600.0,6965100.0,5114600.0,7364100.0,40078800.0,8346650000.0,0.0,0.0
2020-06-22,44704800.0,8632000.0,27195000.0,850900.0,1771700.0,240600.0,2094400.0,33672800.0,0.0,29442000.0,21536000.0,2284900.0,,28983200.0,5285600.0,20876200.0,3223200.0,18917800.0,6509200.0,32818900.0,398468000.0,3379900.0,5695600.0,,24068700.0,,,74649400.0,4480400.0,7418200.0,4792400.0,27338400.0,4686690000.0,0.0,0.0
2020-06-23,48089000.0,13355200.0,22419000.0,1920600.0,2602800.0,581000.0,2409600.0,34403600.0,0.0,37752000.0,17438000.0,2010600.0,,20344200.0,5921600.0,14675300.0,2951900.0,24017900.0,5800000.0,30917400.0,375108000.0,3625600.0,5340400.0,,32767400.0,,,68471200.0,7836500.0,7218300.0,5692300.0,19727700.0,4711850000.0,0.0,0.0
2020-06-24,53535500.0,15251200.0,19096000.0,1397300.0,2906000.0,309100.0,2398100.0,19832400.0,0.0,31592000.0,43720600.0,2310700.0,,42998700.0,8211200.0,17631800.0,4146600.0,20834900.0,8632800.0,36740600.0,449372000.0,4853500.0,6547800.0,,46032400.0,,,132813500.0,7080200.0,2230400.0,4048000.0,20614800.0,5597680000.0,0.0,0.0
2020-06-25,51129600.0,8393600.0,15029000.0,1005600.0,2524000.0,235300.0,2274300.0,24449600.0,0.0,23958000.0,31159700.0,1650900.0,,37191200.0,7421200.0,13829700.0,3145200.0,18704300.0,6980800.0,27803900.0,376072000.0,4442000.0,5489300.0,,36940800.0,,,89468000.0,4509600.0,2936700.0,3236600.0,20569800.0,4847690000.0,0.0,0.0
2020-06-26,65485700.0,16289600.0,31425000.0,7776900.0,1822400.0,251600.0,2866000.0,69754000.0,0.0,97640000.0,33705800.0,3413900.0,,39100100.0,12849700.0,21955100.0,5107400.0,76343900.0,8184000.0,54675800.0,592084000.0,7372700.0,23201700.0,,52824600.0,,,127961000.0,6229300.0,16064100.0,8666900.0,26991600.0,8107850000.0,0.0,0.0
2020-06-29,49905800.0,12249600.0,14516000.0,761700.0,1887800.0,255100.0,1841700.0,25218400.0,0.0,45074000.0,76540200.0,28632400.0,,33935200.0,5309800.0,17603900.0,2622200.0,58514300.0,6476800.0,26701600.0,342248000.0,4173900.0,6866900.0,,34377800.0,,,79773300.0,5016600.0,2720700.0,3304200.0,16511400.0,4473970000.0,0.0,0.0
2020-06-30,42275700.0,12758400.0,25125000.0,1101900.0,1421300.0,279500.0,2391700.0,20224800.0,0.0,40286000.0,40554300.0,4126700.0,,32865900.0,7738300.0,23679800.0,3163100.0,33927100.0,7714800.0,34310300.0,367892000.0,4626700.0,7818000.0,,38909200.0,,,113394800.0,7158700.0,3386500.0,4131000.0,20509200.0,4705850000.0,0.0,0.0
2020-07-01,32370900.0,10508800.0,15661000.0,595800.0,1792500.0,158700.0,1906100.0,21422400.0,0.0,42182000.0,28799100.0,8416500.0,,26457500.0,6174800.0,14316500.0,2193800.0,43399700.0,4404800.0,32061200.0,326648000.0,3633000.0,6501200.0,,34689200.0,,,72396500.0,6866500.0,3589000.0,4010500.0,19733700.0,4449230000.0,0.0,0.0
2020-07-02,29081400.0,7782400.0,16638000.0,685500.0,1401200.0,559300.0,2540500.0,36244000.0,0.0,57218000.0,30623300.0,3054100.0,,24022400.0,5152200.0,15111900.0,2690200.0,30633600.0,5653200.0,29315800.0,364056000.0,2769200.0,6150900.0,,31956500.0,,,69344200.0,10021200.0,2013100.0,3236600.0,17695800.0,4197720000.0,0.0,0.0
2020-07-06,36769400.0,7281600.0,17561000.0,667900.0,3311300.0,270700.0,2332400.0,31652400.0,0.0,44712000.0,22888200.0,2821900.0,,19858200.0,6156400.0,15146000.0,3171500.0,26206200.0,10408000.0,31897600.0,315892000.0,4221600.0,6023300.0,,34589000.0,,,61713800.0,12725600.0,1592700.0,2175500.0,21695100.0,4759160000.0,0.0,0.0
2020-07-07,32153100.0,6662400.0,16150000.0,1091700.0,2948500.0,324100.0,3346600.0,18366000.0,0.0,42364000.0,22408000.0,2920400.0,,22661000.0,5622600.0,13043600.0,2399600.0,27887800.0,10157200.0,33600700.0,357800000.0,4424500.0,6866300.0,,36578200.0,,,82910000.0,6672300.0,2169300.0,2666100.0,93458100.0,4571330000.0,0.0,0.0
2020-07-08,35608300.0,6195200.0,18023000.0,662000.0,2025200.0,313700.0,2364500.0,27814000.0,0.0,31766000.0,21155700.0,2096700.0,,27358900.0,6257400.0,13851200.0,2776400.0,29791300.0,6686800.0,33600000.0,365480000.0,3798200.0,6494100.0,,30426300.0,,,54638600.0,8721900.0,3022300.0,2757600.0,52217100.0,4937310000.0,0.0,0.0
2020-07-09,87216300.0,7353600.0,25225000.0,481500.0,2634400.0,231100.0,5313600.0,28258000.0,0.0,41836000.0,21655600.0,2769400.0,,34647800.0,5738600.0,16087100.0,2333500.0,22174900.0,6102000.0,33121700.0,494548000.0,4005200.0,5341000.0,,40312900.0,,,83354200.0,16903300.0,2176400.0,2586200.0,42771600.0,4843650000.0,0.0,0.0
2020-07-10,59839700.0,6139200.0,13280000.0,467600.0,1404400.0,180300.0,2484100.0,13748800.0,0.0,35918000.0,17903400.0,1939000.0,,24008200.0,4282400.0,15627800.0,2714100.0,22982700.0,4746800.0,26177600.0,497676000.0,5932800.0,6752600.0,,32885300.0,,,57550400.0,10700000.0,1746900.0,3963700.0,44236800.0,4524190000.0,0.0,0.0
2020-07-13,57741800.0,7020800.0,21549000.0,656000.0,1864500.0,525200.0,2583200.0,28916000.0,0.0,42954000.0,20039400.0,2051100.0,,34235500.0,6951900.0,16705300.0,3221600.0,24674900.0,10509200.0,38135600.0,457076000.0,8960000.0,7681500.0,,64108100.0,,,102997500.0,16667700.0,3101800.0,3541000.0,42338400.0,4902440000.0,0.0,0.0
2020-07-14,54890100.0,6913600.0,18363000.0,686600.0,2667900.0,289000.0,1844800.0,36309200.0,0.0,38108000.0,31929700.0,1721500.0,,28114000.0,7447100.0,17080100.0,4138600.0,23378100.0,8259200.0,37591800.0,542676000.0,6766800.0,6272100.0,,72230500.0,,,93657000.0,10482700.0,1694500.0,2102300.0,26455800.0,4507140000.0,0.0,0.0
2020-07-15,42360300.0,7172800.0,15253000.0,438800.0,4285700.0,326400.0,1770700.0,19794000.0,0.0,31026000.0,21291300.0,2085400.0,,40770100.0,8512800.0,23738000.0,3735400.0,19133600.0,8843200.0,32179400.0,403984000.0,5561300.0,8145000.0,,54523900.0,,,87196500.0,12432500.0,3458900.0,2404100.0,31731300.0,4686830000.0,0.0,0.0
2020-07-16,36887100.0,6726400.0,12929000.0,447000.0,2427200.0,215100.0,1402000.0,20383600.0,0.0,26484000.0,17570400.0,1907100.0,,30530800.0,9304700.0,13306100.0,2111100.0,18880700.0,5973600.0,29940700.0,344964000.0,3788100.0,3959300.0,,47594100.0,,,54622500.0,15709400.0,1537400.0,3494100.0,17676600.0,3972860000.0,0.0,0.0
2020-07-17,34710400.0,6033600.0,13354000.0,468900.0,5119000.0,160800.0,1768100.0,22902000.0,0.0,34264000.0,22863700.0,2405200.0,,20644100.0,7441100.0,13899800.0,1972600.0,18152400.0,23060800.0,31635300.0,266284000.0,3229300.0,4868600.0,,35137900.0,,,62774900.0,11716600.0,2680800.0,1621100.0,18189600.0,4012850000.0,0.0,0.0
2020-07-20,45034300.0,7331200.0,14323000.0,674300.0,4684200.0,203700.0,1863300.0,23836800.0,0.0,30166000.0,16701600.0,2695900.0,,19663300.0,6191500.0,16633200.0,2157100.0,20872200.0,7418800.0,36884800.0,284852000.0,3620300.0,4242100.0,,40610100.0,,,56308800.0,6357300.0,1466700.0,4465300.0,18342600.0,3979340000.0,0.0,0.0
2020-07-21,44741000.0,11635200.0,14312000.0,565300.0,2389100.0,196900.0,1874200.0,14505200.0,0.0,27486000.0,22331600.0,3228400.0,,24503800.0,5575900.0,25681500.0,3505400.0,19364200.0,10242000.0,37990400.0,277036000.0,5435400.0,5162300.0,,43243800.0,,,57292200.0,10619700.0,1519100.0,2580800.0,21712500.0,4556610000.0,0.0,0.0
2020-07-22,135159400.0,10328000.0,14404000.0,836900.0,3270400.0,189200.0,1312600.0,15454800.0,0.0,24482000.0,15251400.0,2431500.0,,24424800.0,5910200.0,29831200.0,3484400.0,15427900.0,8481600.0,49605700.0,367292000.0,3522300.0,5929200.0,,29865500.0,,,57792900.0,7366100.0,2370200.0,4874500.0,16164600.0,4267160000.0,0.0,0.0
2020-07-23,106829100.0,13675200.0,19417000.0,660400.0,2858700.0,299800.0,1561700.0,14906800.0,0.0,33910000.0,28434900.0,2006500.0,,21704900.0,6566300.0,15935000.0,2702200.0,21771800.0,8793600.0,67457000.0,411660000.0,5011400.0,6664800.0,,51363500.0,,,75738000.0,8559500.0,2122800.0,5564100.0,16796400.0,4296760000.0,0.0,0.0
2020-07-24,205314500.0,8102400.0,15631000.0,664800.0,1588900.0,258800.0,1423400.0,16306800.0,0.0,29902000.0,14977500.0,3395600.0,,20015500.0,5405900.0,16196800.0,2199900.0,18325800.0,6344400.0,39827000.0,473292000.0,3300000.0,6014200.0,,54054500.0,,,73766600.0,41226800.0,1550900.0,4421700.0,13037400.0,3689410000.0,0.0,0.0
2020-07-27,107918100.0,12720000.0,20646000.0,519200.0,2410300.0,612400.0,2083300.0,18150000.0,0.0,27124000.0,12931500.0,1976500.0,,13370700.0,5675200.0,17346500.0,4541700.0,13163100.0,8108000.0,30160900.0,292132000.0,3607700.0,6464600.0,,36445700.0,,,48293000.0,39899200.0,947900.0,5009000.0,14045700.0,3970310000.0,0.0,0.0
2020-07-28,94181400.0,5564800.0,13974000.0,374500.0,2376300.0,572200.0,1374000.0,18818000.0,0.0,30910000.0,14862900.0,1870300.0,,13268000.0,4842200.0,13872700.0,6051000.0,14170100.0,6964000.0,23251400.0,271636000.0,3787500.0,7644400.0,,31302400.0,,,57495000.0,31500100.0,1183900.0,3488900.0,14414100.0,4053180000.0,0.0,0.0
2020-07-29,132969700.0,7222400.0,16562000.0,413200.0,12994600.0,961800.0,1341300.0,20715200.0,0.0,22676000.0,18012800.0,1874200.0,,19864400.0,4489100.0,13758100.0,3342900.0,13588300.0,5955600.0,19632600.0,284508000.0,3179000.0,6702000.0,,27556900.0,,,48454200.0,28304000.0,1137500.0,2509700.0,14223300.0,4478200000.0,0.0,0.0
2020-07-30,80286900.0,7518400.0,21259000.0,493400.0,5063700.0,920400.0,1390300.0,11583600.0,0.0,36042000.0,54812400.0,28331800.0,,23618900.0,5922500.0,17276500.0,2705700.0,20615300.0,8637200.0,25079600.0,308880000.0,2817600.0,10400700.0,,41774500.0,,,61861700.0,16820300.0,1261600.0,1884800.0,13788300.0,4264920000.0,0.0,0.0
2020-07-31,71621600.0,14628800.0,24719000.0,680300.0,4853000.0,545400.0,2149900.0,11243600.0,0.0,91468000.0,28623100.0,4039200.0,,29881500.0,8259600.0,14849200.0,3194700.0,53005100.0,8410800.0,51044000.0,386080000.0,4304100.0,8487000.0,,53686300.0,,,84986800.0,12021200.0,1462100.0,2507800.0,21631500.0,5007530000.0,0.0,0.0
2020-08-03,42628800.0,12190400.0,20796000.0,644000.0,2632800.0,348500.0,2480200.0,17159600.0,0.0,45482000.0,17480600.0,6595900.0,,20777100.0,4078700.0,14137500.0,3143500.0,23124900.0,6292800.0,78983000.0,412720000.0,2819200.0,7769400.0,,32081600.0,,,53077900.0,10129800.0,3192500.0,2381700.0,14971500.0,4438940000.0,0.0,0.0
2020-08-04,155676100.0,18192000.0,25258000.0,652000.0,2875800.0,623900.0,3933300.0,10670000.0,0.0,37212000.0,17120700.0,3842000.0,,20285000.0,4162200.0,11717200.0,3699900.0,17183500.0,9975600.0,49280100.0,310336000.0,2553500.0,7773700.0,,24911300.0,,,41917900.0,12569400.0,2256100.0,4558000.0,18219600.0,4414380000.0,0.0,0.0
2020-08-05,65642600.0,40004800.0,22299000.0,780300.0,3268300.0,462900.0,2923700.0,17716400.0,0.0,29134000.0,14566000.0,2423700.0,,18190200.0,5467500.0,10498700.0,2259600.0,13050100.0,14118800.0,28806400.0,249924000.0,2924000.0,5680000.0,,21612100.0,,,42697700.0,14436300.0,4644400.0,4892800.0,25483500.0,4535060000.0,0.0,0.0
2020-08-06,53961700.0,13976000.0,14193000.0,950900.0,2356400.0,454300.0,2104300.0,15487200.0,0.0,33306000.0,13258600.0,2286500.0,,18237700.0,4837900.0,10745000.0,3158900.0,45241600.0,8735200.0,32656800.0,244316000.0,2692900.0,3974100.0,,28048200.0,,,43679400.0,9838700.0,3011200.0,2813900.0,14496300.0,4278930000.0,0.0,0.0
2020-08-07,66543200.0,17280000.0,14192000.0,2278800.0,1745900.0,300800.0,1759000.0,26549600.0,0.0,27718000.0,14289900.0,2363400.0,,20475200.0,3635100.0,11669700.0,2980000.0,72766400.0,7298000.0,27820400.0,342516000.0,3692100.0,4934900.0,,44969400.0,,,57308300.0,8705800.0,1753200.0,3991100.0,16558500.0,4110030000.0,0.0,0.0
2020-08-10,70536100.0,20115200.0,11989000.0,674200.0,1277800.0,324200.0,1503800.0,29070000.0,0.0,20546000.0,13708700.0,1994900.0,,24000500.0,4096600.0,11888000.0,2783600.0,30248800.0,5062800.0,36716500.0,427796000.0,3052000.0,5812700.0,,35088400.0,,,44282100.0,7421400.0,2350200.0,2421600.0,17683200.0,4327920000.0,0.0,0.0
2020-08-11,77877700.0,17776000.0,19316000.0,940400.0,1963600.0,249400.0,2065600.0,33296800.0,0.0,31098000.0,20535400.0,7166500.0,,30359400.0,6388400.0,16531600.0,2478400.0,28238300.0,9295200.0,36446500.0,354512000.0,3301200.0,5329900.0,,43104300.0,,,69601100.0,7056300.0,2344400.0,2335400.0,25360200.0,4880540000.0,0.0,0.0
2020-08-12,88513700.0,12633600.0,18471000.0,921500.0,1836500.0,245200.0,1853900.0,12750000.0,0.0,22512000.0,18003400.0,5538100.0,,23378300.0,5257300.0,9562200.0,2167100.0,21415700.0,8140400.0,28013100.0,464412000.0,4424600.0,5920400.0,,38773400.0,,,53774400.0,8354400.0,4869500.0,2371800.0,19094400.0,3772250000.0,0.0,0.0
2020-08-13,57407400.0,20422400.0,15095000.0,358200.0,1203400.0,191900.0,1536500.0,13019600.0,0.0,22388000.0,28444900.0,5748400.0,,15799900.0,5155500.0,9882900.0,1795000.0,17374000.0,8790800.0,22588900.0,374460000.0,2393500.0,4989500.0,,31895700.0,,,41816100.0,6551800.0,12446500.0,1064100.0,19867200.0,3438730000.0,0.0,0.0
2020-08-14,42389500.0,17588800.0,10140000.0,258000.0,998800.0,304700.0,1522900.0,13664000.0,0.0,21942000.0,14072300.0,2722800.0,,13360900.0,4240200.0,10075800.0,2060200.0,14792700.0,5543200.0,17958900.0,366436000.0,2461700.0,5845200.0,,30799500.0,,,47260400.0,5611200.0,2871700.0,1316300.0,20106300.0,3200060000.0,0.0,0.0
2020-08-17,31450200.0,9672000.0,10594000.0,393200.0,1854100.0,292200.0,1504700.0,11269600.0,0.0,19990000.0,13756500.0,3357700.0,,9744200.0,4306900.0,9102400.0,2619000.0,13351100.0,10435600.0,20184800.0,621300000.0,2862500.0,5603800.0,,24803000.0,,,35481000.0,8663900.0,4364600.0,2235600.0,39465000.0,3460330000.0,0.0,0.0
2020-08-18,30970500.0,12691200.0,8857000.0,404200.0,1463700.0,347800.0,1489400.0,10206400.0,0.0,28378000.0,24900300.0,1853600.0,,14670400.0,4322600.0,9829000.0,2921500.0,18690400.0,5489600.0,21336200.0,503448000.0,2638600.0,8670700.0,,23529500.0,,,38733900.0,6804800.0,3634400.0,6428000.0,80232600.0,3669550000.0,0.0,0.0
2020-08-19,37507400.0,11211200.0,11273000.0,535900.0,1642300.0,249700.0,1730100.0,8938800.0,0.0,30472000.0,18738300.0,4493800.0,,14337300.0,7816300.0,17371000.0,2711100.0,23291500.0,4926400.0,27627600.0,622624000.0,3682200.0,6827700.0,,31999400.0,,,68054200.0,7976800.0,3102800.0,2396500.0,38155200.0,3679480000.0,0.0,0.0
2020-08-20,42948900.0,9331200.0,8910000.0,479900.0,2255500.0,225500.0,1717500.0,11214000.0,0.0,26382000.0,19912800.0,2880300.0,,15413000.0,4874700.0,11308700.0,2084900.0,20299700.0,4477200.0,26981500.0,921388000.0,2263000.0,4352200.0,,27723400.0,,,42207800.0,11457100.0,3072500.0,2021100.0,26810700.0,3431040000.0,0.0,0.0
2020-08-21,48280300.0,8414400.0,11508000.0,604900.0,2730200.0,196200.0,2372600.0,9394400.0,0.0,34838000.0,17570600.0,2103700.0,,20685100.0,6722800.0,14734100.0,3484800.0,15538600.0,5923600.0,36249300.0,999868000.0,4295600.0,5706600.0,,34748900.0,,,55106600.0,7942300.0,4479200.0,3077300.0,24864000.0,3505010000.0,0.0,0.0
2020-08-24,38036100.0,9412800.0,11996000.0,743500.0,1268600.0,246400.0,1461500.0,11244000.0,0.0,25638000.0,16058100.0,1974900.0,,13707100.0,5387900.0,9257700.0,2463900.0,23685600.0,5762000.0,25460100.0,490564000.0,3177800.0,7420500.0,,36418500.0,,,48588700.0,6405600.0,3710200.0,1748500.0,19813800.0,3743410000.0,0.0,0.0
2020-08-25,49234400.0,6312000.0,11140000.0,1041300.0,3401800.0,215500.0,1176200.0,11269600.0,0.0,25150000.0,24018600.0,3562800.0,,16269700.0,3863500.0,7827800.0,2302400.0,42127200.0,5271200.0,23043700.0,289076000.0,2597400.0,4718300.0,,34866600.0,,,38463400.0,6113100.0,2553800.0,1774400.0,21722400.0,3627650000.0,0.0,0.0
2020-08-26,47157300.0,5945600.0,14844000.0,496400.0,1845800.0,411600.0,1757000.0,19447600.0,0.0,52188000.0,16243100.0,3337400.0,,13772700.0,8008300.0,10124200.0,2316700.0,69015200.0,5885600.0,39600800.0,321244000.0,6019700.0,4746200.0,,42216700.0,,,50790200.0,7821600.0,1933000.0,2115800.0,18814800.0,3780530000.0,0.0,0.0
2020-08-27,42194200.0,11371200.0,12552000.0,502500.0,2251600.0,198300.0,2220700.0,12725600.0,0.0,31350000.0,19861800.0,4672900.0,,17508400.0,5575400.0,10931600.0,3226800.0,30301300.0,5366800.0,57602200.0,317604000.0,4159300.0,6156100.0,,49482700.0,,,58034100.0,8018200.0,1988300.0,2436000.0,119018700.0,3955890000.0,0.0,0.0
2020-08-28,40723300.0,8779200.0,14589000.0,464000.0,2825300.0,211000.0,1487300.0,14405200.0,0.0,22418000.0,14418500.0,2277200.0,,12371400.0,5395700.0,16420300.0,3212500.0,17157400.0,6667200.0,26292900.0,537160000.0,3355400.0,4166300.0,,28021000.0,,,48588900.0,5699500.0,1167100.0,1030500.0,64050900.0,3868510000.0,0.0,0.0
2020-08-31,90655900.0,8723200.0,22229000.0,403200.0,1963800.0,210800.0,1586900.0,34697600.0,0.0,26422000.0,21473800.0,3273300.0,,17051500.0,6362700.0,18510800.0,2900900.0,17345100.0,11150000.0,28774200.0,500840000.0,3828700.0,5596800.0,,36321000.0,,,66099200.0,9812900.0,1802700.0,2526900.0,45236400.0,4348280000.0,0.0,0.0
2020-09-01,55825600.0,8448000.0,29205000.0,490600.0,1532500.0,220300.0,1773700.0,62922400.0,0.0,22652000.0,22774200.0,4622900.0,,15638800.0,6307700.0,12588400.0,2926700.0,17295900.0,7645200.0,25725500.0,511316000.0,3421700.0,5671800.0,,36216200.0,,,54908700.0,10193300.0,1393600.0,2036100.0,106798200.0,4101490000.0,0.0,0.0
2020-09-02,50366900.0,7753600.0,37053000.0,403100.0,1820400.0,189700.0,2434900.0,128039200.0,0.0,49522000.0,15878600.0,3013400.0,,16763400.0,6881900.0,26332600.0,4092000.0,24341400.0,10286000.0,34080800.0,874012000.0,4918200.0,8384800.0,,50836800.0,,,69540000.0,12567800.0,1696100.0,1801400.0,51666000.0,4295640000.0,0.0,0.0
2020-09-03,87462700.0,15720000.0,41795000.0,532900.0,2614200.0,259300.0,3630400.0,84903600.0,0.0,63726000.0,34169800.0,5750500.0,,32117600.0,8672800.0,22289400.0,3126700.0,32294100.0,10806800.0,58400300.0,945128000.0,6642400.0,7277900.0,,110083300.0,,,148011100.0,20090100.0,2272500.0,2076000.0,48015000.0,4911830000.0,0.0,0.0
2020-09-04,82267800.0,13048000.0,58514000.0,515000.0,1809000.0,241600.0,2557000.0,43386400.0,0.0,55850000.0,36087300.0,7512800.0,,30618800.0,7200100.0,21019500.0,3828600.0,30333700.0,11204000.0,59664100.0,1463684000.0,4836400.0,7437700.0,,123959000.0,,,139156300.0,13638700.0,2199500.0,2352300.0,33982200.0,4438720000.0,0.0,0.0
2020-09-08,54955700.0,14124800.0,26685000.0,578200.0,1536700.0,283200.0,2144300.0,27851600.0,0.0,54032000.0,34967600.0,3442700.0,,26447800.0,8756800.0,17776700.0,4107600.0,24864000.0,10680000.0,52924300.0,795728000.0,4901500.0,6847500.0,,99568600.0,,,114465300.0,11553500.0,2792800.0,2845400.0,33966900.0,4694330000.0,0.0,0.0
2020-09-09,54163900.0,11888000.0,26273000.0,2646400.0,1573300.0,345700.0,2100900.0,23033200.0,0.0,39242000.0,32976800.0,3964300.0,,20160800.0,6960700.0,15252300.0,3213200.0,22918800.0,15488800.0,45679000.0,736200000.0,4282300.0,6002900.0,,64837900.0,,,91462300.0,7867500.0,2324900.0,2598100.0,33669000.0,3932520000.0,0.0,0.0
2020-09-10,51499400.0,11700800.0,22851000.0,579100.0,1411400.0,280200.0,1959600.0,26046800.0,0.0,33024000.0,32866300.0,3164200.0,,23005500.0,6191800.0,15439500.0,3325600.0,24814700.0,9328400.0,35461500.0,698684000.0,6050500.0,5242500.0,,69667500.0,,,90569500.0,11241800.0,2899800.0,1860800.0,33709200.0,4208630000.0,0.0,0.0
2020-09-11,54763000.0,11376000.0,17362000.0,553500.0,1559400.0,304300.0,1599600.0,17136400.0,0.0,30706000.0,20807100.0,4905000.0,,20851000.0,3934700.0,18272300.0,3616500.0,18913900.0,6014800.0,33620100.0,636928000.0,3411900.0,4398000.0,,71809000.0,,,84680200.0,7853500.0,1451200.0,2949400.0,28879800.0,3710090000.0,0.0,0.0
2020-09-14,47448700.0,7625600.0,16447000.0,376200.0,2030100.0,708500.0,1522300.0,16892400.0,0.0,42660000.0,28958000.0,1797100.0,,21991300.0,4375800.0,10911700.0,2543800.0,24093800.0,7366400.0,30375800.0,1201744000.0,2779000.0,4767400.0,,38525200.0,,,65605700.0,7091100.0,2518200.0,2871500.0,45733800.0,3839580000.0,0.0,0.0
2020-09-15,57874400.0,9427200.0,16618000.0,360700.0,1545400.0,407200.0,1362500.0,20710000.0,0.0,23042000.0,22176900.0,2897600.0,,16175500.0,3658800.0,12838400.0,2640700.0,18478500.0,6180000.0,21823900.0,727556000.0,4080800.0,4046500.0,,41849900.0,,,52920900.0,21048400.0,2277400.0,4239600.0,30427800.0,4057190000.0,0.0,0.0
2020-09-16,38393500.0,8683200.0,18498000.0,327300.0,1569400.0,370800.0,1656500.0,14588800.0,0.0,22128000.0,26951200.0,4015700.0,,22178400.0,4323000.0,15353900.0,3463700.0,29183400.0,5732000.0,26328100.0,556384000.0,3353500.0,6049900.0,,42321000.0,,,82096000.0,14492600.0,2337900.0,4199100.0,27860400.0,4718900000.0,0.0,0.0
2020-09-17,55619100.0,13600000.0,22862000.0,293100.0,1579300.0,567500.0,2681500.0,19780400.0,0.0,40008000.0,25752400.0,3426800.0,,20002900.0,5461400.0,13287100.0,3376600.0,31281400.0,8138000.0,34011300.0,792512000.0,5186400.0,4648500.0,,81570800.0,,,91523300.0,10090200.0,2589600.0,4829700.0,37245000.0,4379840000.0,0.0,0.0
2020-09-18,51082900.0,26563200.0,35295000.0,813700.0,3156300.0,482100.0,3409300.0,46852400.0,0.0,63056000.0,29891800.0,5606900.0,,38352800.0,12174000.0,23816600.0,3861400.0,28130800.0,17727200.0,55225300.0,698460000.0,8473000.0,10192800.0,,86251100.0,,,105877900.0,10528300.0,11179600.0,4210800.0,54709200.0,7076400000.0,0.0,0.0
2020-09-21,61312000.0,14358400.0,24198000.0,534500.0,2020900.0,573600.0,2427400.0,30456400.0,0.0,56908000.0,42968900.0,5838100.0,,40652500.0,7574500.0,17514800.0,2831800.0,24709400.0,8388800.0,39839700.0,721044000.0,4402700.0,7092600.0,,57168600.0,,,99450800.0,8417100.0,3094400.0,3740600.0,47275500.0,4836070000.0,0.0,0.0
2020-09-22,56044700.0,11086400.0,19500000.0,895600.0,1506600.0,473300.0,2128100.0,23387200.0,0.0,33950000.0,41396800.0,3387900.0,,19385800.0,5295900.0,13034600.0,2475600.0,30293100.0,5318400.0,33517100.0,646452000.0,3951000.0,4722800.0,,41128900.0,,,63612100.0,6375200.0,1667700.0,4177500.0,33102000.0,3974510000.0,0.0,0.0
2020-09-23,42327500.0,11712000.0,15542000.0,637800.0,1932800.0,461000.0,3577100.0,15790000.0,0.0,37726000.0,39577800.0,3172000.0,,33403400.0,8784400.0,17121200.0,2777700.0,19641300.0,5700800.0,30803800.0,647012000.0,5909900.0,6373700.0,,48837300.0,,,93112200.0,9094700.0,2038900.0,3876600.0,23133300.0,4378650000.0,0.0,0.0
2020-09-24,57540900.0,7001600.0,13611000.0,464500.0,3206800.0,247300.0,5779300.0,17611600.0,0.0,34552000.0,38755800.0,2866900.0,,31723700.0,5614800.0,16788100.0,1727000.0,20006800.0,4944800.0,31202500.0,731240000.0,4316600.0,5708200.0,,70631700.0,,,76681300.0,9940900.0,1479700.0,2915800.0,29453100.0,4601920000.0,0.0,0.0
2020-09-25,48206200.0,6897600.0,18183000.0,439300.0,1566600.0,249600.0,7338500.0,13749600.0,0.0,30326000.0,36032200.0,2187400.0,,20689300.0,5531200.0,12603400.0,2196800.0,18351300.0,6307600.0,29437300.0,588016000.0,4576000.0,4969900.0,,55242400.0,,,71069400.0,6057500.0,1291000.0,2261200.0,22618800.0,3803330000.0,0.0,0.0
2020-09-28,48005500.0,12659200.0,22192000.0,509300.0,1464500.0,273000.0,3459200.0,16934400.0,0.0,30784000.0,20277000.0,4167200.0,,17600900.0,5843200.0,11215700.0,2111700.0,18826300.0,9085600.0,32004900.0,573808000.0,7487500.0,5810800.0,,58438300.0,,,64584600.0,5999300.0,1916500.0,3745300.0,21197100.0,3950910000.0,0.0,0.0
2020-09-29,61568900.0,10822400.0,13722000.0,391400.0,1409100.0,547700.0,2526000.0,8488800.0,0.0,31816000.0,20243400.0,2577100.0,,18683800.0,6768600.0,12426600.0,1731700.0,20200200.0,5877200.0,24221900.0,621460000.0,4330500.0,4492100.0,,27050000.0,,,51304000.0,6114600.0,2273800.0,8584100.0,27702900.0,3661590000.0,0.0,0.0
2020-09-30,51533700.0,14268800.0,22403000.0,892600.0,1284100.0,311200.0,2525800.0,14678400.0,0.0,40924000.0,28797600.0,4276400.0,,29073700.0,8487700.0,15755900.0,3034100.0,20142500.0,13561200.0,33829100.0,689184000.0,7060700.0,8727800.0,338584400.0,49380800.0,,,104081100.0,5878900.0,2140600.0,7880600.0,34826400.0,4738640000.0,0.0,0.0
2020-10-01,52177100.0,10681600.0,16016000.0,886700.0,2054400.0,303900.0,2053000.0,31369200.0,0.0,32884000.0,31098000.0,8733800.0,,25872000.0,6457800.0,17577300.0,2443000.0,20009800.0,18796400.0,27158400.0,525004000.0,6483900.0,5713400.0,124297600.0,50020200.0,,,88698700.0,6253800.0,3281600.0,5387900.0,43290900.0,4076340000.0,0.0,0.0
2020-10-02,52855100.0,7891200.0,17100000.0,474800.0,3823000.0,349600.0,2125000.0,13798000.0,0.0,31222000.0,26284300.0,7509700.0,,29452000.0,5485600.0,13610100.0,3833100.0,16367600.0,8008000.0,33154800.0,552496000.0,5130200.0,6077900.0,55018300.0,75497400.0,,,89431100.0,6145900.0,2072500.0,4149100.0,24585000.0,3975180000.0,0.0,0.0
2020-10-05,47056500.0,7665600.0,18923000.0,433000.0,1186700.0,360400.0,2093500.0,23452800.0,0.0,21602000.0,27394000.0,6132200.0,,18553600.0,4992800.0,10628700.0,2913800.0,12822300.0,9126000.0,21331600.0,479820000.0,4519800.0,6333900.0,36316900.0,28184600.0,,,45713100.0,10129100.0,4075400.0,5855800.0,14259000.0,3692720000.0,0.0,0.0
2020-10-06,52725400.0,8196800.0,16672000.0,456300.0,2155900.0,311100.0,2760400.0,22385600.0,0.0,26096000.0,37848500.0,8516400.0,,36348000.0,5118200.0,10077400.0,2453600.0,18696900.0,7349200.0,28554300.0,784420000.0,5031000.0,6042900.0,90864000.0,49704200.0,,,90128900.0,7795600.0,2456100.0,6051800.0,21475500.0,4453390000.0,0.0,0.0
2020-10-07,43045700.0,6260800.0,12747000.0,390000.0,1893700.0,250800.0,1959100.0,18482800.0,0.0,36108000.0,20968200.0,7116700.0,,27049700.0,5603100.0,10135600.0,1972500.0,23133400.0,6592000.0,25681100.0,418084000.0,4347300.0,4640900.0,54672400.0,27539700.0,,,56999600.0,11446400.0,2521100.0,5771000.0,16949100.0,3814750000.0,0.0,0.0
2020-10-08,54240700.0,18484800.0,17045000.0,378100.0,1404300.0,216700.0,1793100.0,13762800.0,0.0,26076000.0,18738800.0,3499000.0,,37278600.0,4413500.0,12143900.0,3195800.0,16312800.0,5808400.0,19925800.0,378900000.0,2977400.0,4569800.0,34989200.0,25443300.0,,,45242500.0,10920800.0,1661500.0,5212600.0,14676900.0,3867640000.0,0.0,0.0
2020-10-09,80354400.0,8611200.0,17253000.0,443200.0,1938900.0,203700.0,1730700.0,9456400.0,0.0,32966000.0,21287800.0,4358500.0,,25038100.0,5054100.0,11407800.0,3237700.0,14107800.0,10015200.0,26458000.0,346892000.0,3194000.0,6551700.0,19653500.0,30201100.0,,,59528600.0,7608800.0,1036000.0,3355800.0,14494800.0,3944090000.0,0.0,0.0
2020-10-12,47669700.0,15313600.0,18839000.0,501500.0,1148600.0,103500.0,2806900.0,16752400.0,0.0,55344000.0,10503400.0,3287900.0,,20336200.0,7273200.0,11386500.0,2412400.0,31019300.0,13359200.0,40461400.0,434744000.0,6167200.0,5791500.0,20623600.0,79370700.0,,,80388500.0,10022000.0,1562100.0,3888500.0,18402300.0,3435760000.0,0.0,0.0
2020-10-13,42764100.0,7492800.0,16731000.0,452200.0,1676800.0,305500.0,1823300.0,24413200.0,0.0,39072000.0,25183100.0,6583300.0,,20106500.0,11057600.0,14365300.0,2098900.0,18063300.0,11700000.0,28950800.0,344604000.0,4293200.0,4509400.0,21847200.0,64240000.0,,,73255500.0,8247000.0,1520500.0,5596400.0,23800200.0,3611100000.0,0.0,0.0
2020-10-14,40403000.0,9704000.0,17298000.0,359000.0,1519900.0,181600.0,1904400.0,19728400.0,0.0,33174000.0,31620600.0,5200600.0,,19024900.0,7706400.0,10582100.0,1862600.0,15577800.0,7559600.0,23421700.0,276100000.0,3641000.0,3860700.0,13652600.0,36949100.0,,,57727900.0,8159000.0,2604400.0,4168400.0,19710900.0,3858510000.0,0.0,0.0
2020-10-15,33696400.0,7444800.0,14361000.0,913500.0,1424200.0,277700.0,1697800.0,17519200.0,0.0,31210000.0,32232100.0,3839200.0,,22865100.0,5978600.0,9961700.0,2177300.0,15416100.0,8776800.0,22733100.0,267224000.0,3306800.0,4997100.0,12924100.0,42514200.0,,,60357700.0,10327900.0,2096500.0,2374100.0,13692600.0,3724550000.0,0.0,0.0
2020-10-16,31474300.0,6782400.0,10295000.0,729800.0,1294000.0,314500.0,2459400.0,11833600.0,0.0,34194000.0,27456900.0,2726200.0,,17637900.0,6097000.0,13569800.0,2162800.0,16622700.0,19020000.0,26057900.0,242392000.0,5076000.0,6806100.0,11142500.0,40570700.0,,,89501900.0,7457200.0,3381800.0,2492500.0,16935000.0,4688030000.0,0.0,0.0
2020-10-19,36689100.0,7201600.0,14803000.0,713100.0,1149400.0,215300.0,1938100.0,12596800.0,0.0,29734000.0,20998100.0,3635800.0,,18360600.0,7250800.0,9930400.0,2009500.0,13587000.0,8747200.0,27625800.0,298068000.0,3223200.0,6427600.0,9126400.0,36756800.0,,,68425600.0,7994500.0,3165700.0,2184900.0,14643300.0,4091080000.0,0.0,0.0
2020-10-20,38219400.0,7673600.0,13297000.0,684900.0,1527500.0,166200.0,1282300.0,10290000.0,0.0,41670000.0,27650700.0,6129700.0,,18927700.0,5325400.0,10970700.0,1883200.0,18763200.0,6858800.0,22753500.0,229212000.0,2750900.0,7582100.0,11138200.0,32195400.0,,,60051900.0,7357600.0,1919300.0,2256400.0,14523000.0,3917850000.0,0.0,0.0
2020-10-21,36426400.0,14161600.0,11896000.0,617500.0,1201100.0,214800.0,1466500.0,24380800.0,0.0,60322000.0,26901600.0,6425300.0,,17504100.0,5221300.0,12517400.0,1518200.0,28998600.0,4764000.0,22724900.0,219596000.0,2560100.0,5649700.0,9190000.0,29306100.0,,,63575000.0,7387600.0,2029900.0,2492500.0,13114200.0,4103960000.0,0.0,0.0
2020-10-22,38006800.0,8523200.0,13547000.0,512200.0,1836700.0,275100.0,1813200.0,20635600.0,0.0,30512000.0,28977800.0,6749000.0,,20673900.0,5279700.0,20189200.0,1961300.0,16720000.0,4677600.0,22351500.0,290480000.0,2909000.0,4502900.0,17928600.0,32196200.0,,,55399300.0,5656200.0,2900700.0,1943700.0,13344000.0,4172060000.0,0.0,0.0
2020-10-23,46557700.0,8294400.0,8868000.0,578800.0,1084200.0,424300.0,1108000.0,7820000.0,0.0,30548000.0,20734700.0,5049900.0,,20889800.0,4154400.0,13491300.0,2278100.0,17535200.0,6016800.0,18879600.0,233484000.0,2758400.0,4278100.0,12618000.0,24658500.0,,,49143900.0,4165400.0,2237500.0,1713800.0,10540500.0,3651600000.0,0.0,0.0
2020-10-26,69423700.0,10657600.0,15509000.0,335800.0,1284300.0,547000.0,2145000.0,14495200.0,0.0,35826000.0,50102400.0,4817800.0,,26509900.0,6929500.0,14696400.0,2537800.0,21322900.0,6203200.0,37111600.0,336896000.0,3431100.0,5315500.0,23767300.0,38421100.0,,,91473000.0,5568000.0,3688100.0,1970700.0,16111800.0,4002210000.0,0.0,0.0
2020-10-27,156669500.0,7692800.0,9620000.0,289200.0,1640700.0,312500.0,1525400.0,9052400.0,0.0,25902000.0,30880900.0,3620100.0,,20523000.0,4890100.0,13892100.0,1801900.0,16287200.0,7624400.0,36700300.0,250520000.0,3390800.0,6806700.0,53695900.0,30559100.0,,,65994100.0,5315800.0,2147800.0,3817500.0,11831100.0,3962400000.0,0.0,0.0
2020-10-28,76529900.0,12371200.0,22331000.0,456200.0,2044100.0,757000.0,1908300.0,10396800.0,0.0,45174000.0,45794300.0,5586600.0,,32338700.0,8426100.0,19886200.0,3272900.0,23121800.0,8690400.0,51195600.0,376520000.0,5196000.0,8192200.0,30941700.0,53413500.0,,,127094300.0,8727300.0,1650400.0,4082000.0,16849200.0,5139970000.0,0.0,0.0
2020-10-29,52784100.0,9748800.0,15697000.0,521400.0,1982700.0,514000.0,1838500.0,12747200.0,0.0,55406000.0,37112600.0,7504800.0,,27203200.0,7205400.0,15369900.0,2477600.0,32368100.0,6121200.0,31432600.0,320080000.0,3856500.0,5476900.0,20515700.0,43246300.0,,,90597700.0,5845600.0,1506700.0,3114600.0,15153900.0,4911860000.0,0.0,0.0
2020-10-30,51349000.0,26580800.0,18530000.0,447300.0,1335900.0,403300.0,2724100.0,16693200.0,0.0,99878000.0,36801700.0,7246800.0,,31764500.0,7364100.0,15804000.0,3450900.0,47247800.0,13024000.0,36953700.0,416820000.0,4303900.0,6422000.0,19705500.0,65838300.0,,,120287300.0,4963600.0,2097100.0,3819500.0,18601800.0,4843930000.0,0.0,0.0
2020-11-02,45760700.0,27214400.0,11757000.0,444300.0,1646900.0,294200.0,1646300.0,10012000.0,0.0,44228000.0,25665400.0,7674300.0,,25252100.0,7088000.0,15156100.0,2983200.0,27165700.0,6106400.0,30842200.0,299652000.0,3126400.0,6682800.0,11677800.0,39987400.0,,,86068300.0,6597100.0,3679800.0,5941700.0,16575600.0,4314690000.0,0.0,0.0
2020-11-03,41231800.0,61275200.0,15457000.0,391800.0,2378200.0,404400.0,2013100.0,8085600.0,0.0,31432000.0,39777600.0,9203500.0,,30257400.0,6363000.0,15285100.0,2615000.0,17961900.0,22615200.0,27512000.0,272900000.0,3293900.0,6244200.0,21652800.0,43604100.0,,,93294200.0,6274700.0,2448000.0,4046000.0,15413100.0,4241380000.0,0.0,0.0
2020-11-04,66579700.0,17848000.0,21277000.0,563700.0,4742500.0,334800.0,2449800.0,13847600.0,0.0,71342000.0,57673400.0,14922300.0,,45226300.0,10263500.0,12930800.0,3360800.0,35364400.0,10894000.0,42311800.0,410228000.0,4576300.0,5820600.0,15783400.0,75728200.0,,,126959700.0,7620800.0,3915700.0,3310900.0,17927400.0,4790400000.0,0.0,0.0
2020-11-05,46542300.0,15670400.0,21783000.0,581200.0,3998700.0,483700.0,2255800.0,11799600.0,0.0,39758000.0,55079000.0,6250700.0,,31911000.0,8016200.0,12452400.0,3622000.0,23823600.0,11576800.0,36080100.0,319028000.0,3667800.0,5673100.0,48560400.0,52054200.0,,,82039700.0,6670100.0,2086200.0,2319500.0,14202600.0,4858150000.0,0.0,0.0
2020-11-06,53829900.0,14107200.0,13545000.0,1860000.0,1929900.0,305000.0,1950200.0,10459200.0,0.0,28622000.0,25953400.0,10402200.0,,24930400.0,5942500.0,9294900.0,3916100.0,13891000.0,8565600.0,25231900.0,383348000.0,2867000.0,4702300.0,89977600.0,40959800.0,,,74973000.0,6403000.0,2642700.0,2266100.0,16198500.0,4842460000.0,0.0,0.0
2020-11-09,58580700.0,14550400.0,24088000.0,943000.0,2624400.0,578600.0,4371300.0,25831600.0,0.0,53440000.0,59347100.0,11195800.0,,55052700.0,12351600.0,33442000.0,7981200.0,25117700.0,13476400.0,44395000.0,582976000.0,6111300.0,12664700.0,60099000.0,86537100.0,,,172304200.0,8978000.0,3974400.0,4571800.0,28198500.0,8570510000.0,0.0,0.0
2020-11-10,67137200.0,11833600.0,26784000.0,942000.0,2040000.0,639100.0,2662600.0,19743200.0,0.0,43022000.0,39295700.0,4810500.0,,35492200.0,7386500.0,29706700.0,4255600.0,29067700.0,10490800.0,44045100.0,644068000.0,5284500.0,7854000.0,38078700.0,69024900.0,,,85552000.0,8350100.0,2996200.0,4548300.0,18199200.0,6037470000.0,0.0,0.0
2020-11-11,44611300.0,8886400.0,15133000.0,485800.0,3241000.0,418800.0,1688800.0,14709200.0,0.0,31838000.0,14416200.0,1699900.0,,23972600.0,6382400.0,17399900.0,4126900.0,14957000.0,9303200.0,29440800.0,404744000.0,4389800.0,5554300.0,47027900.0,36102900.0,,,58649000.0,7707300.0,1742100.0,3453400.0,18805800.0,4635560000.0,0.0,0.0
2020-11-12,37242600.0,7870400.0,12160000.0,396500.0,2039900.0,413700.0,1535900.0,15327200.0,0.0,26474000.0,43300100.0,6324000.0,,33986800.0,4710300.0,15024400.0,4253200.0,12899500.0,5794400.0,21593900.0,365812000.0,2570100.0,5631700.0,97904000.0,34414600.0,,,67546200.0,7474600.0,1927800.0,3940100.0,12564300.0,4909660000.0,0.0,0.0
2020-11-13,30423200.0,9660800.0,10997000.0,421200.0,1618700.0,584300.0,1274600.0,12101600.0,0.0,29744000.0,20277100.0,6766000.0,,25440400.0,5893500.0,12447900.0,3072100.0,10391200.0,7461200.0,18621100.0,346312000.0,2580400.0,6466800.0,76354800.0,24806900.0,,,62892200.0,9170900.0,16417800.0,2649500.0,19738200.0,4719580000.0,0.0,0.0
2020-11-16,38640800.0,10344000.0,12100000.0,501800.0,2546400.0,284900.0,1691500.0,12200800.0,0.0,25468000.0,28350400.0,3911400.0,,31812300.0,6266400.0,14908200.0,3702100.0,12970400.0,9646400.0,24953300.0,413776000.0,3399000.0,7976600.0,65326000.0,30168400.0,,,74541100.0,18436200.0,6663700.0,2962300.0,34560300.0,5295510000.0,0.0,0.0
2020-11-17,29473500.0,10531200.0,11950000.0,411000.0,1743500.0,207400.0,3299100.0,19566000.0,0.0,21314000.0,23747100.0,4707900.0,,26154500.0,7297700.0,14248400.0,2443100.0,15040300.0,8820800.0,24154100.0,312028000.0,2924000.0,6396800.0,116618500.0,21843500.0,,,66111000.0,10843700.0,3459800.0,2616500.0,42711600.0,4812180000.0,0.0,0.0
2020-11-18,29968000.0,9441600.0,13517000.0,358100.0,1688600.0,195400.0,2134600.0,8884400.0,0.0,20108000.0,22098900.0,7931200.0,,24377800.0,6661000.0,15278200.0,3095200.0,12152900.0,7568800.0,28372800.0,510924000.0,4335200.0,6097100.0,89957900.0,28069600.0,,,70591300.0,8526600.0,4945000.0,3483800.0,24936900.0,5284810000.0,0.0,0.0
2020-11-19,50116800.0,6268800.0,14555000.0,576900.0,1328000.0,183500.0,1768900.0,19210000.0,0.0,20106000.0,21704200.0,9323000.0,,20187600.0,7987700.0,17189500.0,2840500.0,12963700.0,7212000.0,24792700.0,565936000.0,4263500.0,5284100.0,56225400.0,22718400.0,,,59940900.0,5542800.0,2605800.0,2798300.0,18590700.0,4363370000.0,0.0,0.0
2020-11-20,35008400.0,8280000.0,16140000.0,406100.0,2041300.0,344200.0,1807600.0,11921600.0,0.0,27694000.0,48530200.0,16772200.0,,24898800.0,6354900.0,15645600.0,3932600.0,18114700.0,6129200.0,22843100.0,341088000.0,3469100.0,4726900.0,72104000.0,25907300.0,,,70417300.0,5329800.0,2086600.0,2012300.0,21937200.0,4236370000.0,0.0,0.0
2020-11-23,46505000.0,7688000.0,12212000.0,402800.0,1456000.0,239000.0,1679600.0,13055200.0,0.0,22530000.0,23790600.0,2511900.0,,24816000.0,7318300.0,13191900.0,3010300.0,20990800.0,8554000.0,25683500.0,361356000.0,3443300.0,4770600.0,84716300.0,26875600.0,,,63230600.0,8802400.0,2501500.0,1991300.0,18557100.0,5057550000.0,0.0,0.0
2020-11-24,36839200.0,8424000.0,13455000.0,405100.0,2226700.0,384600.0,2061100.0,14388400.0,0.0,27984000.0,26080100.0,4349300.0,,34945400.0,11034800.0,13827600.0,3870900.0,16930400.0,5738000.0,33979700.0,346500000.0,4472300.0,7101800.0,115468800.0,24516800.0,900.0,,62415900.0,7022800.0,3199400.0,3340600.0,17155200.0,6280290000.0,0.0,0.0
2020-11-25,41349700.0,5084800.0,11787000.0,432000.0,1436300.0,298800.0,2034200.0,12577600.0,0.0,19600000.0,26510900.0,2125500.0,,21082700.0,7594600.0,10194800.0,1889200.0,12467000.0,3778000.0,21012900.0,259916000.0,2278300.0,8411300.0,202563700.0,23326800.0,100.0,,45330900.0,5194900.0,1766600.0,2248600.0,13833300.0,4910440000.0,0.0,0.0
2020-11-27,22717600.0,4404800.0,6846000.0,271800.0,710500.0,106400.0,1329400.0,7094000.0,0.0,14790000.0,7338500.0,2988100.0,,10384400.0,3059000.0,8499300.0,1394400.0,7808400.0,4464800.0,14512200.0,167276000.0,1596000.0,4252200.0,207834000.0,17163100.0,4500.0,,28514100.0,4367100.0,831200.0,1391500.0,10999500.0,2778390000.0,0.0,0.0
2020-11-30,84483000.0,11948800.0,15454000.0,384100.0,2009900.0,523300.0,3733800.0,19361200.0,0.0,32418000.0,24256900.0,2390900.0,,25481600.0,15663200.0,43203600.0,3413600.0,16693300.0,10618000.0,33064800.0,286952000.0,4906900.0,11640400.0,137243000.0,27836200.0,53300.0,,83872700.0,13840500.0,2224000.0,4669400.0,32695500.0,6308410000.0,0.0,0.0
2020-12-01,58583600.0,7420800.0,18181000.0,483900.0,2875600.0,699300.0,2996800.0,16741200.0,0.0,37350000.0,26256700.0,13902200.0,,30265000.0,9738200.0,18968800.0,4224800.0,20738900.0,9996800.0,30904500.0,296948000.0,3999200.0,7169700.0,84050000.0,27521300.0,2000.0,,74231400.0,16157300.0,6334900.0,2870500.0,22935300.0,5418480000.0,0.0,0.0
2020-12-02,57988800.0,6619200.0,10031000.0,287400.0,1411200.0,224000.0,2212800.0,26125200.0,0.0,29424000.0,23705000.0,5578500.0,,20142800.0,7745500.0,14913100.0,6223700.0,17361600.0,6964800.0,23724500.0,283360000.0,4432900.0,6963000.0,149062100.0,23620000.0,78500.0,,45927000.0,8676300.0,2584300.0,1826400.0,23547000.0,5041250000.0,0.0,0.0
2020-12-03,35859700.0,6064000.0,16120000.0,312200.0,1997100.0,360700.0,3976400.0,57070000.0,0.0,24728000.0,20748400.0,4484900.0,,19603600.0,7310500.0,17318900.0,3732500.0,12921700.0,9862000.0,25120900.0,199520000.0,4757900.0,8742500.0,85634300.0,22828700.0,1200.0,,62882000.0,7359000.0,3120000.0,2436000.0,25725900.0,5065340000.0,0.0,0.0
2020-12-04,45570300.0,6540800.0,20083000.0,250000.0,5216800.0,298800.0,2839700.0,30583600.0,0.0,20544000.0,19362000.0,4709100.0,,24415700.0,6747100.0,18122400.0,3151100.0,10880300.0,7285200.0,24666000.0,202244000.0,3592600.0,6617200.0,56044100.0,19332100.0,84100.0,,50749900.0,10824500.0,1927900.0,2387000.0,20889300.0,5099620000.0,0.0,0.0
2020-12-07,39815700.0,9904000.0,19707000.0,340200.0,11615700.0,335300.0,2652900.0,20613600.0,0.0,22288000.0,17811300.0,4441600.0,,14671500.0,6634700.0,16210900.0,3826000.0,13007700.0,5252000.0,24620000.0,223244000.0,4217300.0,6918000.0,118463700.0,20851000.0,187700.0,,48944300.0,11793000.0,2415700.0,3878300.0,18479100.0,4804500000.0,0.0,0.0
2020-12-08,33907500.0,18232000.0,18121000.0,425900.0,5600400.0,326300.0,2685500.0,18384400.0,0.0,19936000.0,21408300.0,4735700.0,,20165600.0,8339800.0,12485800.0,2709400.0,10747700.0,8551200.0,23284100.0,271920000.0,3623800.0,6493500.0,124754300.0,18341500.0,14300.0,,42458900.0,9876200.0,3607800.0,3582500.0,20716500.0,4584390000.0,0.0,0.0
2020-12-09,52170400.0,7054400.0,20908000.0,401400.0,3944900.0,304200.0,2461600.0,25433600.0,0.0,31728000.0,36608500.0,3444100.0,,29507600.0,8440100.0,11508400.0,3010900.0,25189700.0,5938800.0,32440600.0,401300000.0,3842000.0,6773400.0,79634700.0,48839300.0,213500.0,,74098300.0,8204100.0,4283800.0,2899400.0,20139600.0,5232800000.0,0.0,0.0
2020-12-10,33804400.0,7536000.0,26244000.0,787600.0,7198000.0,224800.0,2566300.0,37857600.0,0.0,28688000.0,24251500.0,3557600.0,,21245300.0,7392900.0,12097300.0,2956400.0,20065100.0,5013200.0,26733300.0,207764000.0,3985000.0,6800500.0,57774800.0,27519500.0,268400.0,,57735400.0,7135000.0,3212300.0,3746500.0,20652300.0,4658480000.0,0.0,0.0
2020-12-11,28368100.0,9768000.0,26664000.0,475000.0,13006500.0,259200.0,3483900.0,21314800.0,0.0,18628000.0,17699600.0,4336600.0,,30865000.0,5977400.0,10638100.0,2770800.0,14391400.0,7634000.0,30979400.0,209264000.0,2975500.0,6548000.0,52764400.0,26760400.0,269400.0,,57698600.0,7492600.0,3147000.0,4090100.0,16860900.0,4375470000.0,0.0,0.0
2020-12-14,48026400.0,8208000.0,26116000.0,918100.0,9937100.0,309500.0,2778400.0,13107200.0,0.0,33050000.0,20705200.0,2870600.0,,32237700.0,8547300.0,22292000.0,4745000.0,16376900.0,6765200.0,28798400.0,270156000.0,3952400.0,6485300.0,44734500.0,28804800.0,62800.0,,69216200.0,5878000.0,2983100.0,5038700.0,25088100.0,4623850000.0,0.0,0.0
2020-12-15,57232700.0,9827200.0,21207000.0,447800.0,7344900.0,168300.0,2133900.0,11014800.0,0.0,21352000.0,25052800.0,2889200.0,,26807000.0,7612600.0,16193700.0,3798200.0,23979500.0,7030000.0,27000600.0,193016000.0,3183300.0,5397000.0,49273200.0,25709000.0,101200.0,,63865300.0,7399900.0,2411100.0,4275100.0,31871400.0,4387080000.0,0.0,0.0
2020-12-16,34909000.0,16217600.0,23160000.0,783100.0,3882300.0,300800.0,2385100.0,17662400.0,0.0,24676000.0,42386700.0,5058400.0,,25494600.0,8486100.0,15679600.0,2682000.0,15885000.0,5458400.0,35023300.0,223116000.0,4915800.0,5382500.0,44013400.0,25461900.0,4400.0,,58420500.0,5986900.0,3401600.0,3949400.0,25650900.0,4067040000.0,0.0,0.0
2020-12-17,32023700.0,9184000.0,17152000.0,616000.0,6355500.0,243700.0,2314200.0,15598400.0,0.0,34880000.0,23911400.0,3233200.0,,23834200.0,9920300.0,12677300.0,2558800.0,16377800.0,5480800.0,32515800.0,231384000.0,3312500.0,7405300.0,53829800.0,23730500.0,8200.0,,64119500.0,7779300.0,4416100.0,4985800.0,30679500.0,4192810000.0,0.0,0.0
2020-12-18,51823100.0,20131200.0,45243000.0,1000400.0,4596400.0,250200.0,4140000.0,61056800.0,0.0,85256000.0,26741200.0,3189500.0,,37033400.0,17137200.0,35480100.0,7929100.0,26693200.0,16773200.0,63354900.0,342064000.0,8980400.0,19988800.0,71042900.0,41173400.0,28000.0,,136542300.0,7417000.0,4474300.0,5841600.0,41384100.0,7097100000.0,0.0,0.0
2020-12-21,47093900.0,8064000.0,19096000.0,542400.0,3184100.0,327100.0,2329700.0,35668800.0,0.0,33974000.0,30308300.0,2850500.0,,30873000.0,7893400.0,14926600.0,4342500.0,16553700.0,6026800.0,37181900.0,302332000.0,3946900.0,6732400.0,76729100.0,37095500.0,411000.0,,96386700.0,6116400.0,2361700.0,5939100.0,25553100.0,4748580000.0,0.0,0.0
2020-12-22,35673700.0,10481600.0,17929000.0,940300.0,2564300.0,194200.0,2105500.0,33178800.0,0.0,20370000.0,21975100.0,3688500.0,,21919700.0,4699500.0,9689500.0,2772800.0,17312900.0,6066000.0,22612200.0,185580000.0,2653700.0,5023100.0,66033100.0,26176300.0,41900.0,,47949000.0,5597100.0,2289100.0,4624500.0,37599000.0,4053310000.0,0.0,0.0
2020-12-23,25993300.0,5376000.0,10533000.0,564800.0,5801500.0,184500.0,1782100.0,20159200.0,0.0,22974000.0,15913900.0,3047100.0,,18392000.0,4607300.0,7040300.0,1658800.0,14329000.0,5664000.0,18699600.0,179144000.0,2645100.0,6004200.0,58772200.0,21201300.0,69500.0,,46201400.0,3320800.0,1814900.0,4270100.0,20430600.0,3779160000.0,0.0,0.0
2020-12-24,16705900.0,1628800.0,4123000.0,187400.0,1524100.0,134200.0,972500.0,9628800.0,0.0,9312000.0,7327300.0,1529300.0,,8904900.0,2114900.0,3265500.0,1047700.0,6702000.0,1845600.0,10550600.0,97884000.0,883300.0,2588200.0,26306800.0,16785000.0,3100.0,,26457900.0,3172100.0,506000.0,1503700.0,9054600.0,1883780000.0,0.0,0.0
2020-12-28,30627300.0,7307200.0,10625000.0,336500.0,3386200.0,182100.0,3207700.0,18458400.0,0.0,27650000.0,22575500.0,3677500.0,,27168400.0,3855500.0,9020500.0,2550100.0,23299700.0,3450400.0,17933500.0,212564000.0,2493500.0,3714700.0,55878700.0,22497700.0,280200.0,,39000400.0,5157000.0,2069500.0,2379500.0,19344900.0,3535460000.0,0.0,0.0
2020-12-29,31748200.0,4182400.0,9593000.0,601400.0,2739100.0,187100.0,2072600.0,32613600.0,0.0,19726000.0,22893000.0,2157300.0,,33901300.0,5212000.0,8320600.0,1665700.0,16383000.0,3529600.0,17403200.0,170372000.0,3186700.0,5139300.0,47302400.0,25871900.0,96100.0,,53680500.0,4602400.0,1927700.0,2394700.0,17938200.0,3393290000.0,0.0,0.0
2020-12-30,25845000.0,5334400.0,10553000.0,385900.0,3887800.0,375300.0,1778000.0,10203200.0,0.0,21026000.0,21080100.0,2549100.0,,20595700.0,5412800.0,8142700.0,1855000.0,11803800.0,3148400.0,20272300.0,225396000.0,2224900.0,3261400.0,34586700.0,18138100.0,356200.0,,49455300.0,9571800.0,1942100.0,3357200.0,18751200.0,3154850000.0,0.0,0.0
2020-12-31,24930700.0,4966400.0,10211000.0,354000.0,3312700.0,187600.0,1628900.0,10391200.0,0.0,21070000.0,12059900.0,2626200.0,,24747700.0,5099900.0,8495000.0,2610900.0,12900400.0,4776000.0,20942100.0,192424000.0,2076800.0,4076400.0,39922500.0,21611400.0,131100.0,,78520700.0,4909500.0,1724300.0,2653800.0,17814000.0,3179040000.0,0.0,0.0
2021-01-04,51802600.0,13027200.0,24171000.0,656800.0,6790800.0,230200.0,3322200.0,25125200.0,0.0,37324000.0,34528300.0,5499000.0,150500.0,33664200.0,11765900.0,25611100.0,4055400.0,15106100.0,12026400.0,37130100.0,560640000.0,7486900.0,8330900.0,44970400.0,45305900.0,57600.0,,110210800.0,11262100.0,3548500.0,4338400.0,32182200.0,5015000000.0,0.0,0.0
2021-01-05,34208000.0,8944000.0,15069000.0,650400.0,8560400.0,207800.0,2748400.0,20288800.0,0.0,20360000.0,33725500.0,5004400.0,165300.0,27442900.0,9602300.0,20323800.0,2576100.0,9871600.0,10120400.0,23823000.0,322760000.0,4126000.0,6856400.0,29050400.0,29323400.0,16200.0,,66426200.0,10583600.0,3283300.0,4014400.0,26498100.0,4591020000.0,0.0,0.0
2021-01-06,51911700.0,11672000.0,17226000.0,691900.0,5435200.0,329800.0,2661400.0,18815600.0,0.0,46588000.0,37148100.0,10039300.0,175600.0,52952200.0,8230100.0,38724500.0,3083400.0,24354100.0,15155600.0,35930700.0,580424000.0,4843300.0,10578000.0,32732900.0,52809600.0,6200.0,,107997700.0,10609300.0,4894500.0,5533600.0,21918900.0,6064110000.0,0.0,0.0
2021-01-07,42897200.0,14132800.0,21267000.0,432700.0,3964300.0,197300.0,2849500.0,16778400.0,0.0,41936000.0,25868200.0,7751700.0,94200.0,24031400.0,7747200.0,53225700.0,3142000.0,15789800.0,12081600.0,27694500.0,461480000.0,4473200.0,7355400.0,32240000.0,30394800.0,600.0,,68766800.0,13556100.0,3248200.0,3347200.0,20538000.0,5099160000.0,0.0,0.0
2021-01-08,39816400.0,17667200.0,15271000.0,452200.0,2989100.0,206100.0,2599700.0,14149600.0,0.0,35484000.0,27403600.0,8378700.0,137500.0,29017000.0,8228900.0,29674000.0,2639100.0,18528300.0,12555200.0,22956200.0,292528000.0,4312000.0,7448500.0,41313800.0,33955800.0,4100.0,,71677200.0,18976800.0,6194900.0,4281800.0,24478200.0,4773040000.0,0.0,0.0
2021-01-11,48600200.0,8337600.0,11660000.0,549500.0,2067500.0,166200.0,2562500.0,20514800.0,0.0,34796000.0,26608000.0,6061000.0,162600.0,20945100.0,7066200.0,19304400.0,2545400.0,30412300.0,6035200.0,23031300.0,518344000.0,3902700.0,7239900.0,32609000.0,32746400.0,3900.0,,51034700.0,12006800.0,3522900.0,4897000.0,26264400.0,4465430000.0,0.0,0.0
2021-01-12,67672300.0,14856000.0,13846000.0,1237800.0,4068800.0,233200.0,2387600.0,13527200.0,0.0,29528000.0,41746100.0,6516600.0,210700.0,24892200.0,6903200.0,18538700.0,2952000.0,26383500.0,10776800.0,23249300.0,291476000.0,5150000.0,6333500.0,26887200.0,29266800.0,199600.0,,52547700.0,14163200.0,4936900.0,3927400.0,23373300.0,4994950000.0,0.0,0.0
2021-01-13,60712900.0,7124800.0,13118000.0,1174300.0,2811200.0,183100.0,1968800.0,14216000.0,0.0,23432000.0,47710300.0,7562900.0,386100.0,22782200.0,6643100.0,18864100.0,2069800.0,19528900.0,13490400.0,20087100.0,210028000.0,4361600.0,6078800.0,51216600.0,22898400.0,419400.0,,45303600.0,20650500.0,5570400.0,3054200.0,16069500.0,4602510000.0,0.0,0.0
2021-01-14,53408200.0,9076800.0,19692000.0,825900.0,4067200.0,299200.0,2363900.0,12407200.0,0.0,29212000.0,25484800.0,8113000.0,291000.0,33913700.0,10030800.0,34303600.0,3666700.0,29739400.0,9544400.0,29480800.0,283120000.0,4724700.0,6172800.0,32908000.0,23500100.0,156700.0,,49989100.0,37125400.0,6251700.0,4129800.0,23017200.0,5198480000.0,0.0,0.0
2021-01-15,49340300.0,11798400.0,18165000.0,1683000.0,9669200.0,284600.0,2340400.0,14619600.0,0.0,31444000.0,48134800.0,5978400.0,269600.0,41043500.0,7630800.0,24366800.0,3593700.0,24942900.0,12282800.0,31746500.0,277780000.0,4309100.0,7757600.0,92285500.0,35118700.0,543800.0,,107160000.0,17343100.0,4458400.0,4013300.0,35920500.0,5369820000.0,0.0,0.0
2021-01-19,45115100.0,7620800.0,18819000.0,1234100.0,7146300.0,228100.0,4533800.0,14651600.0,0.0,41660000.0,24270500.0,4035700.0,573900.0,19744300.0,9057600.0,29114500.0,3331600.0,28028500.0,9454000.0,30480900.0,226188000.0,5158600.0,9184900.0,48675800.0,24537000.0,364100.0,,51233300.0,20443800.0,7240600.0,3681900.0,24123600.0,5014440000.0,0.0,0.0
2021-01-20,35185800.0,6363200.0,14710000.0,1308000.0,5747100.0,203600.0,2767200.0,8515200.0,0.0,64152000.0,24534700.0,4277700.0,434000.0,25474200.0,6839900.0,23115800.0,4077700.0,25199900.0,7948800.0,37777300.0,258572000.0,5019300.0,12506600.0,37459000.0,30728100.0,54300.0,,61836100.0,17360700.0,10998700.0,4582300.0,23775600.0,4566190000.0,0.0,0.0
2021-01-21,54221900.0,6785600.0,15749000.0,868000.0,3562400.0,318900.0,2121600.0,12702800.0,0.0,58634000.0,20451400.0,4254500.0,401600.0,21180500.0,6818000.0,19702500.0,2674900.0,20838700.0,5112000.0,30709400.0,337780000.0,5684100.0,8761600.0,29891400.0,25130600.0,16900.0,,47840100.0,15460100.0,6646700.0,4557000.0,14325900.0,4501760000.0,0.0,0.0
2021-01-22,71294700.0,7576000.0,16248000.0,654200.0,3982400.0,193900.0,1960300.0,8168800.0,0.0,32744000.0,26615900.0,4706200.0,503900.0,24800200.0,8137000.0,15400300.0,2196400.0,21954000.0,4786800.0,30172700.0,246820000.0,4014900.0,7202800.0,156844700.0,21609400.0,82200.0,,52860500.0,19163200.0,3341100.0,3934800.0,19219500.0,5110890000.0,0.0,0.0
2021-01-25,55086900.0,7947200.0,14692000.0,609600.0,5074400.0,257400.0,2735900.0,20852800.0,0.0,50586000.0,28718200.0,5689200.0,621100.0,33985000.0,9924400.0,16604200.0,2615300.0,19087000.0,6955200.0,33152100.0,251112000.0,3829000.0,9640000.0,191345300.0,39080600.0,101700.0,,70402000.0,20469300.0,3258100.0,4918000.0,19031100.0,7000840000.0,0.0,0.0
2021-01-26,59449100.0,9342400.0,10742000.0,849100.0,3921400.0,221800.0,1807000.0,21855600.0,0.0,31462000.0,39103500.0,4257100.0,695000.0,23969800.0,14205700.0,12922600.0,2907800.0,19373600.0,5750400.0,49169600.0,163980000.0,4242500.0,5996700.0,65870000.0,25498100.0,281600.0,,42665300.0,17084600.0,4830700.0,3955200.0,15031500.0,6137500000.0,0.0,0.0
2021-01-27,73341200.0,20612800.0,21857000.0,659000.0,6506400.0,344700.0,3120800.0,24436400.0,0.0,82512000.0,46378600.0,5764700.0,919500.0,45830300.0,14207300.0,21242400.0,5464000.0,35346200.0,14337200.0,69870600.0,371272000.0,6659800.0,10826700.0,170758800.0,55264000.0,336900.0,,123351100.0,16732700.0,7543900.0,5036100.0,29910300.0,9976520000.0,0.0,0.0
2021-01-28,47048400.0,10208000.0,16946000.0,732700.0,4644300.0,497600.0,2251100.0,13665200.0,0.0,55278000.0,38836200.0,5394200.0,183400.0,32202500.0,8944400.0,17498900.0,5401600.0,37758800.0,7538000.0,49111200.0,228316000.0,5514000.0,8242000.0,85250700.0,42836300.0,316700.0,,94198100.0,14148100.0,4299100.0,3319200.0,22301700.0,6992770000.0,0.0,0.0
2021-01-29,56735800.0,11091200.0,22069000.0,356700.0,6053400.0,423500.0,2598700.0,16002000.0,0.0,44530000.0,46095900.0,7952100.0,230900.0,40591900.0,22505900.0,18670300.0,5203300.0,30389500.0,7387600.0,42503100.0,271552000.0,6778100.0,8344100.0,42030900.0,55259000.0,57200.0,,126765100.0,15169200.0,4962000.0,3904200.0,32509200.0,6643370000.0,0.0,0.0
2021-02-01,42359300.0,9641600.0,17027000.0,331200.0,23200000.0,929100.0,2371200.0,11728400.0,0.0,40252000.0,35620700.0,3640700.0,244800.0,26375100.0,9971400.0,12183600.0,2812500.0,22914300.0,6170000.0,33314200.0,217204000.0,4185700.0,6534200.0,43460900.0,35646000.0,49900.0,,75817600.0,10179900.0,4228300.0,3389100.0,25945200.0,5436230000.0,0.0,0.0
2021-02-02,33850000.0,7219200.0,16141000.0,357200.0,9844000.0,257300.0,1905000.0,14337200.0,0.0,66332000.0,29522300.0,3609800.0,159600.0,22773100.0,11443300.0,13319800.0,2786000.0,17320800.0,6510000.0,25916300.0,220440000.0,3581600.0,6825600.0,69647900.0,33930800.0,50600.0,,64450700.0,9302400.0,3230300.0,4558200.0,27002400.0,5514090000.0,0.0,0.0
2021-02-03,32312900.0,6299200.0,17857000.0,294300.0,5019100.0,388500.0,1759800.0,11615200.0,0.0,97882000.0,31911000.0,3844200.0,164600.0,23923200.0,8601900.0,12274100.0,3020700.0,14223400.0,5185600.0,27158100.0,245408000.0,3609600.0,7309400.0,35312000.0,24824500.0,74300.0,,52427100.0,9676600.0,2695600.0,7976200.0,14966700.0,4864870000.0,0.0,0.0
2021-02-04,30791600.0,5996800.0,15243000.0,433000.0,4691700.0,376900.0,3411600.0,12842800.0,0.0,48596000.0,21181100.0,2146000.0,142000.0,25400800.0,7758100.0,20597400.0,2777500.0,16060000.0,4809200.0,25296100.0,201340000.0,3860300.0,6613700.0,31565000.0,22350900.0,73100.0,,47142600.0,7445100.0,2044600.0,4385400.0,17346300.0,4879240000.0,0.0,0.0
2021-02-05,30268700.0,8251200.0,12488000.0,185600.0,6963200.0,284500.0,2165600.0,8536800.0,0.0,29866000.0,21653100.0,5498000.0,162400.0,23338800.0,9495300.0,12742000.0,2600200.0,12454400.0,6904400.0,18054800.0,169152000.0,4437900.0,5063700.0,62375300.0,22732000.0,48200.0,,48669800.0,6226800.0,2862100.0,2866800.0,20451600.0,4879470000.0,0.0,0.0
2021-02-08,47639900.0,5281600.0,17610000.0,388600.0,6629200.0,343100.0,2520700.0,8828800.0,0.0,28828000.0,16590100.0,2861300.0,527500.0,20831500.0,6035300.0,17833200.0,2696200.0,13755200.0,6813600.0,22211900.0,434624000.0,4112200.0,7011200.0,72376000.0,20462800.0,67600.0,,38365200.0,11160000.0,3150900.0,3620900.0,15825300.0,4648360000.0,0.0,0.0
2021-02-09,37596400.0,5230400.0,12758000.0,397200.0,8816500.0,359000.0,2154000.0,7478000.0,0.0,21892000.0,14404300.0,4458500.0,240500.0,19510900.0,5544200.0,14592900.0,3047300.0,14613400.0,4138000.0,23565000.0,287560000.0,3179300.0,5917800.0,44243200.0,17597500.0,53500.0,,35551100.0,7929100.0,1609500.0,2680600.0,15906900.0,4568320000.0,0.0,0.0
2021-02-10,42441300.0,8380800.0,14587000.0,485500.0,12055900.0,265000.0,2162400.0,13526000.0,0.0,25102000.0,20469400.0,6726800.0,151300.0,27955400.0,5921300.0,22965400.0,3161600.0,14687200.0,6535600.0,22186700.0,485352000.0,6966600.0,8594100.0,45177200.0,28068700.0,91900.0,,59154400.0,12196300.0,2409500.0,2079000.0,18576900.0,4837070000.0,0.0,0.0
2021-02-11,35571000.0,6390400.0,17123000.0,2637000.0,8259300.0,402500.0,2088400.0,15923600.0,0.0,20480000.0,17047200.0,5949900.0,83200.0,25847600.0,4871300.0,21928600.0,2583600.0,12828600.0,4116400.0,15751100.0,450828000.0,7528000.0,6139200.0,52094900.0,22046100.0,373100.0,,42913300.0,12347900.0,2739700.0,3888000.0,12791400.0,4590960000.0,0.0,0.0
2021-02-12,38538400.0,7265600.0,13551000.0,914800.0,5040300.0,277700.0,2096600.0,15564800.0,0.0,18990000.0,17800100.0,8802400.0,117200.0,17440200.0,4413100.0,13137100.0,2781200.0,9097600.0,6430800.0,16561100.0,374756000.0,5659300.0,8407300.0,60925600.0,20346800.0,283600.0,,50593300.0,11114100.0,2935400.0,2375300.0,13423500.0,4135060000.0,0.0,0.0
2021-02-16,35105900.0,6641600.0,15163000.0,1325000.0,8521200.0,309900.0,1829000.0,13186400.0,0.0,31004000.0,22264400.0,8909000.0,265500.0,22999500.0,5656100.0,15093400.0,2892900.0,15417200.0,7344800.0,26728500.0,321960000.0,5180100.0,8246000.0,180294300.0,27080800.0,111300.0,,50972400.0,11833600.0,3156700.0,6371500.0,27891000.0,5058990000.0,0.0,0.0
2021-02-17,32245500.0,7812800.0,14084000.0,785400.0,6959300.0,246600.0,2143000.0,11934000.0,0.0,20294000.0,20276700.0,4789700.0,177400.0,25042300.0,6676700.0,12794300.0,3280000.0,12763200.0,4808400.0,21653500.0,274756000.0,3353000.0,8845200.0,151007000.0,31360300.0,209900.0,,52290600.0,12311200.0,2536000.0,4514400.0,25571100.0,4730650000.0,0.0,0.0
2021-02-18,35624900.0,9918400.0,16715000.0,477400.0,5877000.0,281300.0,1914900.0,10561600.0,0.0,22546000.0,26366700.0,4469900.0,460300.0,24501500.0,5189100.0,12747100.0,2191000.0,15249100.0,5243200.0,16925600.0,233868000.0,3935200.0,6936400.0,313175100.0,32236200.0,287100.0,,59712800.0,11614600.0,2742200.0,9159900.0,96927300.0,4793650000.0,0.0,0.0
2021-02-19,29548300.0,22678400.0,17992000.0,459500.0,5793400.0,430800.0,1839400.0,9333600.0,0.0,37938000.0,28124800.0,5851800.0,424300.0,31238200.0,8190900.0,15968800.0,3181600.0,25622600.0,9212800.0,25262600.0,271724000.0,5414900.0,8277900.0,320063700.0,39157700.0,165900.0,,83241000.0,10771900.0,3680600.0,5536300.0,36606000.0,4845320000.0,0.0,0.0
2021-02-22,36930200.0,22371200.0,16967000.0,495700.0,5530300.0,254600.0,2215600.0,13074000.0,0.0,29466000.0,25455400.0,3828000.0,506900.0,23272100.0,6447100.0,14370900.0,2910800.0,17434900.0,8764400.0,36446900.0,325884000.0,5792900.0,6975500.0,183049500.0,47256900.0,220500.0,,67414200.0,10363800.0,2835200.0,5783800.0,32106600.0,5917100000.0,0.0,0.0
2021-02-23,49720900.0,22545600.0,21303000.0,659400.0,5866700.0,359500.0,3692600.0,23598000.0,0.0,34658000.0,29015900.0,7344900.0,379700.0,38646800.0,7042800.0,16222300.0,3243000.0,21924600.0,10882000.0,30228700.0,391780000.0,6264300.0,10145300.0,145289400.0,97241900.0,162600.0,,107284100.0,18444700.0,5856800.0,6475000.0,31300200.0,6296610000.0,0.0,0.0
2021-02-24,40821200.0,8483200.0,15125000.0,815500.0,4028600.0,484400.0,3305800.0,15777200.0,0.0,22608000.0,21791800.0,7133700.0,7375300.0,27584900.0,10286100.0,14442000.0,2887100.0,15736100.0,8000000.0,26339700.0,448320000.0,4944000.0,7263000.0,90095700.0,58206300.0,104000.0,,72433900.0,12782900.0,9617200.0,5513700.0,46565700.0,6012790000.0,0.0,0.0
2021-02-25,54625100.0,9382400.0,23148000.0,572300.0,6915100.0,452300.0,3618100.0,14417600.0,0.0,41548000.0,59413400.0,35760600.0,2067400.0,49961400.0,9719700.0,14211100.0,3131400.0,19053100.0,12738000.0,39542200.0,824436000.0,5702300.0,7790800.0,161776400.0,110182600.0,130800.0,,146670500.0,13581200.0,7092600.0,7078900.0,33324600.0,6547470000.0,0.0,0.0
2021-02-26,48962900.0,10300800.0,22640000.0,652900.0,5206400.0,411300.0,3362200.0,19614000.0,0.0,40042000.0,46615300.0,28188400.0,1714800.0,47734200.0,14417500.0,23638400.0,5334000.0,26619500.0,18836800.0,37819200.0,500932000.0,8329000.0,17718800.0,119588600.0,104739800.0,150000.0,,152701600.0,17281000.0,4103400.0,29798900.0,42470700.0,6526070000.0,0.0,0.0
2021-03-01,32746200.0,8139200.0,24677000.0,1052200.0,7320300.0,310200.0,4653200.0,9411600.0,0.0,26060000.0,48014200.0,9616500.0,959500.0,26161000.0,10551400.0,13901200.0,2827500.0,22157300.0,8281600.0,25324000.0,353184000.0,5287300.0,7740200.0,85059900.0,49164500.0,40481700.0,,105348800.0,9714900.0,9549700.0,21195500.0,34634400.0,5114820000.0,0.0,0.0
2021-03-02,34828200.0,9987200.0,18546000.0,814400.0,12947900.0,271400.0,4660100.0,10154000.0,0.0,25564000.0,23988500.0,6271000.0,830100.0,26895400.0,7610900.0,11755100.0,3016600.0,15191700.0,9102000.0,22812500.0,264116000.0,5614000.0,10206500.0,73997000.0,48370000.0,10932300.0,,79595300.0,8274500.0,4736400.0,12942800.0,29230800.0,5536010000.0,0.0,0.0
2021-03-03,43541000.0,8340800.0,23991000.0,634600.0,8228500.0,167900.0,4064200.0,16620800.0,0.0,33892000.0,30197000.0,8377300.0,1067100.0,33407600.0,8499600.0,15410700.0,3488600.0,15513500.0,8372400.0,34029500.0,377592000.0,7505800.0,7537000.0,79046200.0,86301100.0,5236700.0,,119940200.0,10660300.0,4456200.0,12035100.0,41837400.0,6173660000.0,0.0,0.0
2021-03-04,60549400.0,13662400.0,34575000.0,1239800.0,8783700.0,352900.0,5501200.0,26540400.0,0.0,49216000.0,49020300.0,12327900.0,1296400.0,59126500.0,11033200.0,22036400.0,3926200.0,31626500.0,9334000.0,44727800.0,573344000.0,9102800.0,10228100.0,161611200.0,139131600.0,6856200.0,,183433000.0,24454200.0,8668900.0,10713400.0,45348000.0,7195400000.0,0.0,0.0
2021-03-05,58548900.0,12665600.0,42414000.0,911100.0,9737700.0,326100.0,8102800.0,37752000.0,0.0,53100000.0,46950100.0,8634600.0,959800.0,53204300.0,8331600.0,21310800.0,3608100.0,26820100.0,13634000.0,41872800.0,542840000.0,10186500.0,10490900.0,173468600.0,121523700.0,3702600.0,,152039600.0,17448700.0,7871400.0,7587200.0,34073700.0,6851070000.0,0.0,0.0
2021-03-08,54563900.0,8012800.0,45243000.0,490200.0,3869500.0,347000.0,4873500.0,21210400.0,0.0,36868000.0,39868700.0,7416400.0,5674000.0,40619700.0,6546700.0,25084900.0,3157100.0,18391800.0,9207200.0,35267400.0,543112000.0,8634900.0,9224700.0,94432800.0,88409800.0,2489200.0,,123149200.0,17246900.0,4648400.0,7913400.0,40988400.0,5871710000.0,0.0,0.0
2021-03-09,45088300.0,7324800.0,37884000.0,496000.0,5843200.0,267200.0,5426800.0,15462000.0,0.0,33920000.0,31441100.0,7035000.0,2175400.0,32247300.0,7461300.0,23082700.0,3646700.0,22039700.0,9972400.0,33080500.0,521824000.0,8930200.0,8859700.0,99586500.0,80391100.0,1773500.0,,113633600.0,17717100.0,4125900.0,8209800.0,31988700.0,5513560000.0,0.0,0.0
2021-03-10,45416600.0,8716800.0,19914000.0,651400.0,2934000.0,267800.0,4523500.0,14027600.0,0.0,27100000.0,23776600.0,5683100.0,2130500.0,36812000.0,6635600.0,21331600.0,3447200.0,14210300.0,8418000.0,29746800.0,384376000.0,7791700.0,9070900.0,103212800.0,76798100.0,2066300.0,,109899400.0,15240300.0,3875500.0,7075900.0,44929200.0,5847380000.0,0.0,0.0
2021-03-11,43583700.0,7632000.0,26170000.0,796400.0,3682700.0,235800.0,4338900.0,14391200.0,0.0,27702000.0,27728500.0,7576500.0,1644300.0,25256700.0,6305600.0,17417700.0,3618000.0,21834000.0,6373600.0,29907600.0,299916000.0,4458900.0,6941500.0,84788700.0,53484800.0,1985600.0,,86245000.0,15091600.0,5271700.0,8720600.0,35489700.0,5312880000.0,0.0,0.0
2021-03-12,32938000.0,8347200.0,18906000.0,370800.0,4573800.0,195800.0,3182100.0,12135600.0,0.0,33818000.0,21842000.0,7332600.0,1135900.0,23732200.0,5474800.0,17598600.0,2818200.0,20600200.0,10080800.0,22653700.0,243964000.0,5275100.0,6521900.0,58721900.0,69315600.0,1250000.0,,64653600.0,8171000.0,2404500.0,12757300.0,28437600.0,4476280000.0,0.0,0.0
2021-03-15,39086800.0,7700800.0,31241000.0,423600.0,7545500.0,209500.0,3243000.0,10099600.0,0.0,26168000.0,14719400.0,4465500.0,1467500.0,21497400.0,5524100.0,13411900.0,5479700.0,16844800.0,6148400.0,26034900.0,221988000.0,5389200.0,7172600.0,56101500.0,42955700.0,1102500.0,,73427200.0,8935000.0,3331500.0,8233700.0,25071900.0,4900100000.0,0.0,0.0
2021-03-16,42971600.0,6838400.0,31190000.0,411800.0,14765000.0,229800.0,3066700.0,27065600.0,0.0,31900000.0,22931400.0,5479400.0,1387300.0,24675000.0,6369100.0,14214200.0,3583400.0,22437700.0,8831200.0,28092200.0,272128000.0,5544700.0,6485200.0,73615100.0,54925900.0,1552700.0,,73722500.0,10793400.0,3141800.0,6541200.0,19881000.0,4613080000.0,0.0,0.0
2021-03-17,43320600.0,9905600.0,23754000.0,327700.0,12480000.0,223300.0,2672400.0,47820400.0,0.0,26382000.0,28345800.0,8975900.0,1278700.0,29422600.0,6001400.0,17502700.0,5240600.0,21315000.0,7179600.0,29562100.0,243864000.0,6199500.0,6192900.0,77081700.0,78258700.0,1239800.0,,97959300.0,9890400.0,3053100.0,10168500.0,24156300.0,4561660000.0,0.0,0.0
2021-03-18,51036500.0,8409600.0,28728000.0,341300.0,7576000.0,242800.0,2736900.0,35199200.0,0.0,31700000.0,37150300.0,8281400.0,873200.0,35637200.0,4801800.0,18007300.0,3254600.0,18728300.0,10634400.0,34833000.0,293896000.0,6476700.0,6871300.0,57141400.0,82718100.0,1408800.0,,115349100.0,10283800.0,3094600.0,7972800.0,29815500.0,5118590000.0,0.0,0.0
2021-03-19,42283400.0,15070400.0,108602000.0,857200.0,6520600.0,236300.0,4859300.0,29503200.0,0.0,46072000.0,47467800.0,8748100.0,475200.0,40855600.0,14891500.0,67845700.0,7719400.0,38930500.0,12558000.0,46430700.0,299208000.0,16114400.0,20262100.0,57915900.0,78446200.0,856600.0,,113624500.0,11536000.0,4649400.0,8380700.0,57703500.0,7757420000.0,0.0,0.0
2021-03-22,39648600.0,9323200.0,31805000.0,422200.0,3734300.0,315900.0,4064900.0,22244000.0,0.0,33536000.0,32979500.0,4679800.0,564300.0,26128400.0,7544100.0,17911400.0,4220700.0,28273100.0,10009200.0,30127000.0,297804000.0,7813400.0,8077600.0,46208100.0,56194800.0,2589400.0,,73778600.0,9376400.0,3272600.0,7602400.0,24654000.0,4316260000.0,0.0,0.0
2021-03-23,40466600.0,6459200.0,24712000.0,355800.0,7494100.0,907500.0,3641200.0,16842000.0,0.0,28510000.0,24705800.0,7544000.0,732200.0,43660700.0,7178300.0,16936700.0,2794000.0,23000900.0,8154000.0,31638400.0,222048000.0,6978400.0,9503800.0,50169700.0,53455400.0,1878400.0,,90686600.0,8977400.0,3831200.0,6574200.0,29154900.0,4669010000.0,0.0,0.0
2021-03-24,43753600.0,6280000.0,20882000.0,496100.0,4818700.0,566300.0,3006400.0,15977200.0,0.0,25218000.0,31374500.0,14634800.0,972300.0,47270200.0,6370100.0,14997400.0,2442500.0,18675000.0,7482400.0,25620100.0,245840000.0,5082300.0,8318000.0,69271900.0,64803700.0,1909900.0,,97588600.0,24196100.0,2981800.0,6247400.0,23547300.0,4783020000.0,0.0,0.0
2021-03-25,44735100.0,9268800.0,17537000.0,471300.0,5583800.0,402000.0,4307100.0,15022800.0,0.0,35616000.0,24070300.0,10573800.0,1178200.0,59244600.0,6269800.0,17091900.0,3249600.0,24505600.0,5312400.0,34061900.0,295144000.0,5827600.0,7517300.0,74592600.0,78729000.0,3111900.0,,116128600.0,16772400.0,5115100.0,6400900.0,28125900.0,4948340000.0,0.0,0.0
2021-03-26,49148700.0,14278400.0,28925000.0,407200.0,5428600.0,253000.0,3061200.0,14931200.0,0.0,27978000.0,25948000.0,6409700.0,647300.0,34452600.0,7619200.0,17126700.0,3263100.0,17629200.0,8460400.0,25479900.0,363968000.0,6785600.0,10821200.0,57916400.0,63519600.0,1194100.0,,114409100.0,12910900.0,6852400.0,4641400.0,28653600.0,5483160000.0,0.0,0.0
2021-03-29,37144300.0,8592000.0,28410000.0,414500.0,6976900.0,214000.0,3012000.0,12202000.0,0.0,26492000.0,17447500.0,6298000.0,317300.0,38078800.0,8535100.0,17514100.0,3621300.0,21718800.0,8547600.0,25227500.0,273520000.0,6105800.0,11176000.0,57647400.0,54608000.0,1571100.0,,108107600.0,10863600.0,4390700.0,6447700.0,30146400.0,4628180000.0,0.0,0.0
2021-03-30,39169300.0,11840000.0,27935000.0,398100.0,8081000.0,155000.0,2602400.0,17112000.0,0.0,27312000.0,19622100.0,5784900.0,447100.0,36205400.0,7236300.0,14871800.0,2419000.0,17474500.0,6889600.0,24792000.0,200204000.0,4372700.0,8090600.0,52039700.0,44635700.0,961600.0,,76262200.0,8206200.0,7039600.0,4370300.0,27230100.0,4121510000.0,0.0,0.0
2021-03-31,43659500.0,7931200.0,28684000.0,424900.0,8330000.0,211700.0,2832200.0,17072400.0,0.0,42570000.0,41604700.0,8620000.0,398700.0,34800100.0,8281500.0,15826500.0,3564100.0,19498200.0,8076400.0,43623500.0,314776000.0,6257900.0,9202600.0,61458500.0,55032500.0,764600.0,,112734200.0,9806500.0,3594800.0,4724100.0,24546000.0,4578050000.0,0.0,0.0
2021-04-01,40182400.0,6313600.0,23528000.0,391000.0,5088100.0,301900.0,2938600.0,13377600.0,0.0,39880000.0,30806600.0,8535300.0,481200.0,29799200.0,7229700.0,15834700.0,2441200.0,17616000.0,7246000.0,30338000.0,308276000.0,4823400.0,9117800.0,51788800.0,55685600.0,1147000.0,,99682900.0,17904000.0,4111700.0,3120500.0,25595100.0,4162130000.0,0.0,0.0
2021-04-05,32610600.0,6334400.0,22966000.0,559700.0,7034800.0,259900.0,2705700.0,15070800.0,0.0,48510000.0,20758300.0,9944500.0,362000.0,27826600.0,7387100.0,16368700.0,2866300.0,28237000.0,9013200.0,36910600.0,255672000.0,5980700.0,8279100.0,65374300.0,42172500.0,1442600.0,,91684800.0,14113900.0,2572200.0,3738500.0,40043100.0,4005030000.0,0.0,0.0
2021-04-06,29327900.0,6608000.0,18063000.0,407500.0,5199200.0,286700.0,2142000.0,14689200.0,0.0,35240000.0,15367900.0,8765200.0,370700.0,24907800.0,5074200.0,15614300.0,3230900.0,17335200.0,6693200.0,22931900.0,191744000.0,4751900.0,6180600.0,41933500.0,33537200.0,717800.0,,62021000.0,13042300.0,3588800.0,5133700.0,31044600.0,4081270000.0,0.0,0.0
2021-04-07,35590900.0,4363200.0,12074000.0,273200.0,3631500.0,130500.0,1808400.0,9330000.0,0.0,24134000.0,15645400.0,6316800.0,435700.0,26233700.0,4608000.0,10062700.0,2551300.0,22855200.0,6439600.0,22719800.0,251284000.0,4849200.0,10244500.0,32766200.0,32046400.0,1214200.0,,55836300.0,11193200.0,2482000.0,3215300.0,20361600.0,4120810000.0,0.0,0.0
2021-04-08,41925300.0,4280000.0,18121000.0,418300.0,3445300.0,255100.0,2839200.0,18453200.0,0.0,28664000.0,11052100.0,6334700.0,648400.0,23989400.0,5039400.0,9695600.0,2772200.0,20894100.0,6640800.0,23625200.0,244416000.0,6725100.0,6190300.0,35905500.0,29940800.0,1018900.0,,57863100.0,10226700.0,2850800.0,2668700.0,19095600.0,3907100000.0,0.0,0.0
2021-04-09,32759900.0,4892800.0,16614000.0,447300.0,2973700.0,194700.0,1610800.0,18016000.0,0.0,26146000.0,17413100.0,5887400.0,299700.0,23267400.0,8418300.0,10828200.0,2728900.0,15988600.0,5504400.0,24326800.0,195172000.0,4950800.0,5855400.0,54082700.0,36664900.0,791000.0,,61104600.0,8315200.0,1855300.0,4556300.0,20676600.0,3640390000.0,0.0,0.0
2021-04-12,62098800.0,5129600.0,23247000.0,310200.0,6034400.0,550900.0,1836600.0,13227200.0,0.0,25024000.0,15464500.0,5466000.0,450000.0,20533900.0,5022800.0,8565300.0,2292700.0,10881900.0,5468800.0,27148700.0,869324000.0,4386700.0,6440900.0,68620800.0,25833000.0,676500.0,,56704900.0,9868400.0,1816400.0,4964500.0,18723000.0,3588900000.0,0.0,0.0
2021-04-13,37767300.0,5782400.0,15281000.0,310000.0,2869200.0,279300.0,1796400.0,21447200.0,0.0,25682000.0,20643500.0,7663800.0,465500.0,24608400.0,18424100.0,11071700.0,2570900.0,14036900.0,8559600.0,23837500.0,676212000.0,5283300.0,9161200.0,83913500.0,30374000.0,719200.0,,56551000.0,8384800.0,3224600.0,4713200.0,17397900.0,3734720000.0,0.0,0.0
2021-04-14,34263800.0,3630400.0,18220000.0,392500.0,3380100.0,250000.0,1509400.0,13055200.0,0.0,21002000.0,17992800.0,4876900.0,435900.0,27362000.0,7718300.0,9787600.0,2129200.0,17421400.0,7293200.0,23070900.0,385500000.0,4685300.0,7584000.0,108793800.0,42564300.0,731500.0,,61659900.0,9521900.0,4170700.0,3579900.0,21924600.0,3985350000.0,0.0,0.0
2021-04-15,68942800.0,4560000.0,18370000.0,245600.0,3319400.0,314400.0,1850100.0,17350000.0,0.0,29174000.0,20944400.0,9958500.0,299300.0,20587300.0,7524600.0,13078100.0,2063000.0,14558300.0,5229600.0,25627500.0,598480000.0,4777100.0,7945300.0,58849300.0,36342800.0,996600.0,,60229800.0,18709100.0,6105000.0,3589200.0,21710400.0,4033420000.0,0.0,0.0
2021-04-16,47280600.0,3380800.0,16263000.0,348500.0,3437400.0,189600.0,2249200.0,14318800.0,0.0,26282000.0,32509300.0,7334900.0,545500.0,23943000.0,9049400.0,17974100.0,2694300.0,13059200.0,17033200.0,24878600.0,335208000.0,6481400.0,7708500.0,46627700.0,40860100.0,1087300.0,,82037300.0,9512100.0,3932100.0,4379800.0,26488500.0,4163820000.0,0.0,0.0
2021-04-19,39115500.0,4059200.0,26319000.0,489000.0,4413600.0,234700.0,1560000.0,15491600.0,0.0,30290000.0,23904900.0,5738600.0,694700.0,25285900.0,8353500.0,19352900.0,2254800.0,14553500.0,6924400.0,23209300.0,404420000.0,6621200.0,9149400.0,45753900.0,34533100.0,890200.0,,78498500.0,12630300.0,3582300.0,4248300.0,19281000.0,3810290000.0,0.0,0.0
2021-04-20,34977800.0,5316800.0,19128000.0,468100.0,5060200.0,334900.0,2330700.0,10973200.0,0.0,22288000.0,22901000.0,6468300.0,526300.0,35570800.0,14050700.0,14419200.0,1885700.0,16796400.0,6687200.0,19722900.0,334132000.0,4999700.0,10040500.0,47123100.0,38081800.0,882000.0,,81851800.0,9299200.0,4778500.0,4265200.0,24452100.0,4342650000.0,0.0,0.0
2021-04-21,35069000.0,3283200.0,25947000.0,324700.0,7835800.0,171000.0,1531800.0,7901600.0,0.0,23204000.0,19527000.0,7976500.0,249200.0,31147800.0,6333200.0,13866500.0,2065500.0,14863500.0,5330400.0,24030400.0,216776000.0,6316000.0,8465900.0,42641400.0,36598100.0,353600.0,,66793000.0,8472200.0,2333200.0,4484600.0,17335200.0,3887250000.0,0.0,0.0
2021-04-22,38846100.0,6931200.0,27057000.0,346500.0,4040300.0,229700.0,2138000.0,20867600.0,0.0,24146000.0,18506500.0,7681300.0,479200.0,31943700.0,7233000.0,12558900.0,1839500.0,16375400.0,5600400.0,25606200.0,277788000.0,4904400.0,7338300.0,51346400.0,45936100.0,612900.0,,97582800.0,7411800.0,2973900.0,5103500.0,19705200.0,4245140000.0,0.0,0.0
2021-04-23,49194000.0,4140800.0,22890000.0,392700.0,3321300.0,242700.0,1404500.0,9966000.0,0.0,29066000.0,14388700.0,5509900.0,156100.0,27999500.0,6015300.0,9020500.0,2137500.0,17536800.0,6107600.0,21462600.0,227500000.0,4354700.0,6708300.0,32052800.0,36381900.0,696000.0,,73209200.0,8380300.0,2426500.0,3212900.0,22971000.0,3569880000.0,0.0,0.0
2021-04-26,57594500.0,5400000.0,18271000.0,488600.0,2700100.0,273100.0,2059700.0,14458400.0,0.0,32038000.0,12746100.0,7145300.0,230900.0,19069200.0,6027800.0,11684600.0,2490100.0,16172600.0,7309600.0,19763300.0,197796000.0,5817700.0,9910600.0,33667600.0,30812000.0,551800.0,,52182400.0,8444000.0,4198600.0,8312600.0,22846200.0,3748320000.0,0.0,0.0
2021-04-27,61909900.0,4811200.0,13267000.0,291600.0,2278900.0,321000.0,1875900.0,9306800.0,0.0,44386000.0,17660600.0,7720500.0,214600.0,19648100.0,6217700.0,9852400.0,2623800.0,15309300.0,4254000.0,31014200.0,164572000.0,4693700.0,8296800.0,27678300.0,33187200.0,316100.0,,51303100.0,5491800.0,4706000.0,5617800.0,16151400.0,3710700000.0,0.0,0.0
2021-04-28,108920300.0,4212800.0,15940000.0,223600.0,4668100.0,376000.0,1305600.0,9946400.0,0.0,81106000.0,14795000.0,8692900.0,181100.0,16222700.0,7448000.0,10868100.0,2777000.0,33907200.0,4197600.0,46903100.0,209416000.0,4962700.0,6262800.0,22068100.0,33615700.0,551200.0,,51238900.0,6476500.0,6045100.0,5003800.0,14286600.0,3787360000.0,0.0,0.0
2021-04-29,51294500.0,6614400.0,14650000.0,197500.0,3574300.0,762600.0,1848300.0,13289200.0,0.0,41234000.0,17152900.0,5547800.0,322700.0,25500300.0,6394300.0,15391000.0,3146700.0,56526800.0,4538400.0,40589000.0,173196000.0,4699900.0,6786800.0,36770100.0,37708900.0,495600.0,,78544300.0,8831800.0,3677800.0,6223600.0,19596000.0,4298680000.0,0.0,0.0
2021-04-30,46601900.0,8614400.0,19367000.0,195300.0,3619200.0,686800.0,2118900.0,8115600.0,0.0,44856000.0,23367500.0,5160000.0,275900.0,27006000.0,9079100.0,14912600.0,2640400.0,26332400.0,8385200.0,30945100.0,201912000.0,5051100.0,9188600.0,24717300.0,38263400.0,221600.0,,85527000.0,7950700.0,2825100.0,4121100.0,19680000.0,4300880000.0,0.0,0.0
2021-05-03,66323300.0,5942400.0,15098000.0,187900.0,7817800.0,348800.0,2685800.0,9216400.0,0.0,28242000.0,15782400.0,8593300.0,266500.0,18693400.0,6594100.0,10417900.0,2458000.0,18719500.0,7684000.0,19626600.0,203912000.0,6109800.0,8070300.0,33934400.0,29729700.0,372500.0,,68128300.0,10229500.0,2853400.0,3636100.0,27139500.0,4070220000.0,0.0,0.0
2021-05-04,59194300.0,9344000.0,23497000.0,307700.0,4735300.0,374300.0,2133800.0,17098800.0,0.0,44818000.0,23089700.0,11171000.0,145300.0,26892700.0,10179500.0,14151000.0,2529700.0,24032600.0,8154000.0,32756100.0,405324000.0,6603800.0,9624000.0,63429600.0,65147000.0,906100.0,,101591200.0,9638300.0,3274200.0,7868300.0,19084200.0,4452460000.0,0.0,0.0
2021-05-05,42310200.0,12262400.0,16388000.0,199200.0,10117700.0,463700.0,1905300.0,9230000.0,0.0,26636000.0,13676300.0,6810000.0,154700.0,25139500.0,7792300.0,9665900.0,2070000.0,15577600.0,8021200.0,21901300.0,292024000.0,5305200.0,8295900.0,39134700.0,46219300.0,708900.0,,60162200.0,7059000.0,2813000.0,14499100.0,18351000.0,4230920000.0,0.0,0.0
2021-05-06,38661300.0,11180800.0,13495000.0,887400.0,6439000.0,305800.0,2641400.0,19614000.0,0.0,25190000.0,23110100.0,6546200.0,200000.0,27647300.0,5529900.0,11572700.0,1832600.0,19012200.0,8592000.0,26491100.0,193380000.0,4472200.0,9771100.0,92201100.0,46814300.0,1016300.0,,74321400.0,8581700.0,2999800.0,9773300.0,16302000.0,4511000000.0,0.0,0.0
2021-05-07,36954200.0,7524800.0,11712000.0,610100.0,10888800.0,300000.0,1817100.0,12729200.0,0.0,28898000.0,17872700.0,10657600.0,407500.0,26172700.0,5316200.0,10637500.0,1406800.0,15916700.0,24047600.0,27032900.0,229328000.0,4181000.0,6299100.0,63725500.0,53324500.0,2091400.0,,67733800.0,9614300.0,2921400.0,11042400.0,23408400.0,4016080000.0,0.0,0.0
2021-05-10,45134500.0,7502400.0,25239000.0,387100.0,6911500.0,358200.0,1998700.0,16664400.0,0.0,30914000.0,16580800.0,5906800.0,224500.0,28109100.0,8357500.0,15545800.0,2031500.0,24239200.0,13024400.0,29299900.0,268904000.0,5270600.0,8852700.0,104670500.0,60700500.0,1661300.0,,81852400.0,12281200.0,1815000.0,4886200.0,26307600.0,4560700000.0,0.0,0.0
2021-05-11,51008200.0,9836800.0,17887000.0,552100.0,5768400.0,426100.0,1859700.0,19642000.0,0.0,34186000.0,28683600.0,6591300.0,885300.0,39519500.0,8217900.0,12986700.0,3028500.0,18920100.0,8119200.0,33641600.0,285584000.0,5266100.0,10973700.0,203230500.0,71963600.0,1267200.0,,116888000.0,10007700.0,1979800.0,7179100.0,26464200.0,4870710000.0,0.0,0.0
2021-05-12,42531400.0,6017600.0,29940000.0,580500.0,4195600.0,492100.0,2344600.0,15077600.0,0.0,46376000.0,31630100.0,14509800.0,753700.0,42113400.0,6758300.0,15836500.0,3198200.0,24645500.0,9053600.0,36684400.0,303408000.0,5651700.0,8853700.0,128281500.0,91164900.0,908200.0,,134811000.0,15058900.0,2717200.0,7436500.0,25998300.0,4733070000.0,0.0,0.0
2021-05-13,48646800.0,6643200.0,21841000.0,391600.0,6164100.0,445700.0,2023100.0,13206000.0,0.0,33204000.0,28689600.0,8242700.0,247700.0,37739900.0,8018600.0,15475800.0,2819200.0,18079200.0,9292800.0,29624300.0,285404000.0,4849400.0,8753600.0,87811600.0,69877800.0,811900.0,,106394000.0,10552000.0,1967400.0,6655500.0,21475200.0,4779540000.0,0.0,0.0
2021-05-14,38355800.0,5990400.0,16964000.0,385000.0,3402400.0,417800.0,1876100.0,9509600.0,0.0,31996000.0,22550800.0,7943100.0,160000.0,25070400.0,5797700.0,11725300.0,1943100.0,19245700.0,8919600.0,23901100.0,258616000.0,4224700.0,5989500.0,79409500.0,44370000.0,489600.0,,82201600.0,8425200.0,2018600.0,4340800.0,16091700.0,4008880000.0,0.0,0.0
2021-05-17,40779200.0,3401600.0,15725000.0,346100.0,5955000.0,302000.0,1830800.0,8094400.0,0.0,21598000.0,13545000.0,6711100.0,674400.0,20048500.0,5722600.0,12119800.0,1630900.0,15401300.0,5840000.0,24970200.0,216980000.0,3747100.0,7690700.0,50039600.0,39395000.0,961400.0,,65129200.0,10688600.0,2584900.0,6588000.0,19675800.0,4125050000.0,0.0,0.0
2021-05-18,31982500.0,4273600.0,17824000.0,1138000.0,3882400.0,300800.0,1698200.0,16501200.0,0.0,22204000.0,16447500.0,4319600.0,352700.0,24564500.0,5846000.0,13232500.0,2913000.0,14522400.0,6215200.0,20168000.0,186256000.0,4527300.0,9239100.0,59672400.0,36528500.0,755500.0,,59810200.0,7476600.0,1826500.0,5171000.0,58183800.0,4398150000.0,0.0,0.0
2021-05-19,73966200.0,4979200.0,21369000.0,581300.0,6261900.0,349800.0,1725000.0,17094000.0,0.0,23684000.0,34701000.0,13156500.0,437700.0,31202800.0,5533800.0,15126100.0,2967000.0,19106200.0,7087200.0,25739800.0,344000000.0,4432700.0,9806800.0,45314000.0,66319100.0,503000.0,,106467100.0,7280500.0,2364500.0,5856100.0,34874700.0,4247450000.0,0.0,0.0
2021-05-20,49135000.0,8560000.0,21886000.0,334900.0,2956000.0,326000.0,1427300.0,10257200.0,0.0,32352000.0,28013700.0,8412700.0,1701000.0,24932800.0,4853200.0,10948400.0,1890200.0,17320200.0,10329200.0,21800700.0,321592000.0,3964600.0,8768200.0,46302400.0,46466100.0,678800.0,,78022200.0,6442500.0,2184000.0,8113000.0,30540900.0,3978880000.0,0.0,0.0
2021-05-21,40201100.0,7056000.0,13216000.0,344600.0,3070500.0,228800.0,1706600.0,14217600.0,0.0,40632000.0,36466200.0,6648700.0,907700.0,24213700.0,6501800.0,16033200.0,2601100.0,13600900.0,7368000.0,21863100.0,672992000.0,5194200.0,10161000.0,35372900.0,50330400.0,351100.0,,76578700.0,5979400.0,2348000.0,4327700.0,22927500.0,3995250000.0,0.0,0.0
2021-05-24,33194300.0,4192000.0,14420000.0,280100.0,2490500.0,182400.0,1657000.0,11511600.0,0.0,31832000.0,24277800.0,4826000.0,163000.0,18324200.0,5195100.0,10326100.0,1823300.0,16445400.0,8656000.0,21411500.0,554816000.0,3627800.0,6981300.0,46596800.0,32475800.0,428100.0,,51376700.0,6653600.0,2521200.0,3052900.0,18945900.0,3684800000.0,0.0,0.0
2021-05-25,47353100.0,4569600.0,9600000.0,293400.0,2627800.0,295400.0,1379700.0,7311600.0,0.0,22440000.0,15466600.0,5748200.0,345100.0,20514900.0,7444700.0,11916500.0,2681900.0,16437000.0,8443200.0,17704300.0,435408000.0,4649300.0,8142400.0,49890800.0,31280300.0,1029700.0,,57451400.0,5331700.0,3424300.0,5289100.0,21505200.0,4182250000.0,0.0,0.0
2021-05-26,30354000.0,4206400.0,9873000.0,337100.0,4219600.0,291000.0,1648000.0,14808800.0,0.0,21572000.0,14354900.0,4501600.0,328400.0,20388200.0,5726400.0,16064300.0,1564200.0,9686900.0,5813200.0,17771600.0,370440000.0,4462600.0,8122900.0,42958300.0,25444900.0,1494400.0,,43088600.0,6605100.0,2441200.0,4062200.0,19294200.0,4420890000.0,0.0,0.0
2021-05-27,35883200.0,6499200.0,19098000.0,367400.0,6526800.0,475900.0,4452000.0,16294000.0,0.0,35224000.0,12682100.0,5998100.0,63300.0,21225700.0,8114700.0,59109600.0,5242900.0,20477700.0,8980000.0,24426200.0,581476000.0,9203600.0,33095700.0,76230500.0,27931700.0,605000.0,,56707700.0,6513700.0,2594700.0,7598500.0,56577000.0,6406310000.0,0.0,0.0
2021-05-28,40952700.0,4526400.0,19946000.0,464300.0,4905800.0,292500.0,4681200.0,10321200.0,0.0,21482000.0,15464100.0,5575700.0,265600.0,20668400.0,6400800.0,17011600.0,2853600.0,12037400.0,5535200.0,18270200.0,644536000.0,4913700.0,10477100.0,111846000.0,29927400.0,729400.0,,58520200.0,5386500.0,2414600.0,6334900.0,21186300.0,4649250000.0,0.0,0.0
2021-06-01,43433000.0,4801600.0,16277000.0,355100.0,10099200.0,274300.0,2117800.0,11532000.0,0.0,23354000.0,22655300.0,9498100.0,344600.0,23081500.0,10448400.0,13304000.0,2574300.0,11765900.0,11291200.0,23213300.0,472804000.0,5530300.0,9993900.0,52695500.0,31145400.0,662600.0,,54216600.0,7596100.0,2157000.0,6135200.0,20767500.0,5074670000.0,0.0,0.0
2021-06-02,35203200.0,7907200.0,13286000.0,299200.0,4145500.0,221600.0,1881000.0,8773200.0,0.0,21158000.0,13698300.0,4269900.0,185100.0,18927500.0,6806000.0,11328500.0,3172000.0,11654300.0,9656800.0,19406700.0,594168000.0,4546900.0,8254100.0,86473200.0,22047900.0,493000.0,,49097100.0,5383400.0,2919100.0,6838600.0,23298000.0,5833670000.0,0.0,0.0
2021-06-03,29812000.0,10200000.0,20389000.0,236000.0,3440000.0,196800.0,1780300.0,18263200.0,0.0,18696000.0,16701800.0,3591200.0,177000.0,24811500.0,5808800.0,17364300.0,3249400.0,12610800.0,7962400.0,25307700.0,580008000.0,4651600.0,11249800.0,48164200.0,37057800.0,419700.0,,58138800.0,4912200.0,2156900.0,8380000.0,18374400.0,5587970000.0,0.0,0.0
2021-06-04,26387800.0,7761600.0,23865000.0,206400.0,4333600.0,295300.0,1765900.0,29273200.0,0.0,24458000.0,26829200.0,6326000.0,184400.0,19395800.0,6510300.0,18935100.0,1615200.0,13289400.0,5371600.0,25281100.0,617120000.0,4427400.0,6894400.0,42537600.0,38736500.0,464600.0,,55938800.0,5352100.0,2479100.0,6969200.0,13635900.0,4139790000.0,0.0,0.0
2021-06-07,29006800.0,5441600.0,24142000.0,316500.0,5692500.0,289000.0,2515800.0,23419600.0,0.0,24120000.0,9189800.0,3068500.0,464900.0,24049900.0,5362800.0,14010800.0,1877000.0,20136700.0,6793200.0,23079200.0,575756000.0,4724100.0,8418000.0,49641000.0,32611900.0,592600.0,,51555000.0,6266000.0,3265100.0,5554300.0,16630800.0,4476920000.0,0.0,0.0
2021-06-08,26956600.0,6185600.0,16615000.0,481900.0,3334900.0,117600.0,1553800.0,11567600.0,0.0,24240000.0,10983900.0,4760500.0,939900.0,27770300.0,7746800.0,10968300.0,2106200.0,14580500.0,5826000.0,22455000.0,323848000.0,5997200.0,6911500.0,53488600.0,27282800.0,1373300.0,,47134300.0,11564800.0,2676400.0,7152800.0,20120700.0,4659620000.0,0.0,0.0
2021-06-09,28454600.0,7697600.0,12126000.0,361800.0,3389900.0,101300.0,1398900.0,13412000.0,0.0,17942000.0,13232200.0,5679300.0,1145400.0,18700600.0,5552600.0,9838800.0,1982200.0,13727900.0,5045600.0,17937600.0,381656000.0,4008000.0,6200700.0,36006200.0,21485300.0,750400.0,,48436300.0,6401600.0,4194700.0,4303900.0,17085300.0,4713260000.0,0.0,0.0
2021-06-10,28606400.0,10019200.0,15413000.0,229700.0,3155900.0,106700.0,1404000.0,31148800.0,0.0,25904000.0,15290000.0,6494800.0,626100.0,29069000.0,6463100.0,12444400.0,2534000.0,13240200.0,6910400.0,24563600.0,287772000.0,4698200.0,6515500.0,35482900.0,33702100.0,518800.0,,51020100.0,8566600.0,2396200.0,3314200.0,16378500.0,4408210000.0,0.0,0.0
2021-06-11,24310900.0,8355200.0,14508000.0,509700.0,2827300.0,124100.0,1404200.0,16040800.0,0.0,21958000.0,12559600.0,3914200.0,338100.0,16707200.0,7389900.0,11825800.0,2654300.0,13587900.0,4313200.0,18999700.0,416308000.0,4364600.0,10641400.0,33113100.0,21222800.0,424300.0,,45570800.0,6036600.0,1262800.0,3584100.0,25232400.0,3815010000.0,0.0,0.0
2021-06-14,27830200.0,5832000.0,14675000.0,821100.0,16513200.0,324800.0,1652600.0,10902000.0,0.0,22098000.0,19408600.0,3730900.0,193500.0,19182800.0,4931300.0,9710800.0,1836800.0,12250800.0,6019200.0,19150500.0,321376000.0,3831900.0,6302000.0,51801500.0,27827700.0,477800.0,,42358500.0,7610300.0,2155800.0,3619000.0,15140700.0,4151200000.0,0.0,0.0
2021-06-15,26194300.0,4707200.0,11131000.0,407100.0,5949900.0,501500.0,1252000.0,9277200.0,0.0,21562000.0,16037000.0,4212700.0,98100.0,17039900.0,5062900.0,11154200.0,1948300.0,15795200.0,7227600.0,18038900.0,243032000.0,4256500.0,5543400.0,46693200.0,35963800.0,746400.0,,51508500.0,8196900.0,1974200.0,3242700.0,19327200.0,4048940000.0,0.0,0.0
2021-06-16,29598300.0,6705600.0,20437000.0,552400.0,4249400.0,173400.0,1801700.0,21810400.0,0.0,26472000.0,21267200.0,13529000.0,164500.0,24527000.0,6988500.0,15211700.0,2951700.0,17232200.0,12626400.0,27220000.0,307124000.0,5492100.0,8936400.0,58452600.0,55399500.0,783200.0,,80386100.0,8059400.0,4274000.0,4213500.0,28794900.0,4538350000.0,0.0,0.0
2021-06-17,77822800.0,11195200.0,20881000.0,571500.0,5860100.0,575300.0,1686500.0,19942800.0,0.0,25842000.0,21099000.0,8838100.0,182900.0,48292500.0,5874700.0,10658400.0,1895600.0,17794100.0,6328000.0,27565500.0,809656000.0,5316400.0,7875600.0,64408400.0,59722700.0,528200.0,,90949700.0,7608100.0,3588600.0,4186800.0,19341900.0,5312680000.0,0.0,0.0
2021-06-18,58736800.0,18536000.0,28537000.0,861500.0,5380200.0,515900.0,3415700.0,23949200.0,0.0,46116000.0,35134500.0,13435000.0,112700.0,54023700.0,12993000.0,31445600.0,4408200.0,23039500.0,13605200.0,37202200.0,968856000.0,10661700.0,13997600.0,65852600.0,55414900.0,463100.0,,118676300.0,12532800.0,2464000.0,4557600.0,44812800.0,6817010000.0,0.0,0.0
2021-06-21,44417100.0,6832000.0,18591000.0,258200.0,6050100.0,336400.0,1631600.0,23992800.0,0.0,27414000.0,21265000.0,6460000.0,195700.0,26736400.0,6592300.0,14404300.0,2193000.0,11337500.0,6134000.0,26696100.0,672384000.0,4904300.0,8014800.0,54805000.0,32992600.0,392300.0,,72822000.0,11116200.0,1845900.0,3130200.0,20775000.0,4128950000.0,0.0,0.0
2021-06-22,32107700.0,9112000.0,13722000.0,302700.0,4358500.0,296400.0,1934800.0,37561600.0,0.0,22390000.0,14604400.0,5459700.0,554000.0,21188500.0,5627800.0,13072800.0,1758300.0,15345300.0,6396000.0,24694100.0,580144000.0,3518000.0,6550900.0,46171100.0,28941600.0,366700.0,,57700300.0,11792400.0,1575800.0,5578200.0,19107000.0,3828390000.0,0.0,0.0
2021-06-23,25992400.0,8760000.0,17674000.0,475000.0,3360600.0,201000.0,1538000.0,14019600.0,0.0,19148000.0,16583100.0,5429800.0,124200.0,22387500.0,4493400.0,12339200.0,1701500.0,14817800.0,7434400.0,19518700.0,332356000.0,3901700.0,5796000.0,53362200.0,27188500.0,324900.0,,49445400.0,8913700.0,1305400.0,2634300.0,19390500.0,3730350000.0,0.0,0.0
2021-06-24,42217700.0,5134400.0,12502000.0,312500.0,2372500.0,158700.0,1487300.0,12924400.0,0.0,21362000.0,12722300.0,3631700.0,700500.0,21732500.0,4549200.0,11488400.0,1839800.0,12329100.0,10422000.0,21446900.0,320924000.0,3818900.0,6056700.0,48419400.0,32581600.0,378800.0,,45110300.0,6772200.0,1838000.0,3520700.0,23444100.0,3816660000.0,0.0,0.0
2021-06-25,27804500.0,9678400.0,19100000.0,597100.0,2678700.0,265400.0,2056100.0,15196800.0,0.0,34594000.0,16175000.0,6716800.0,348100.0,27619000.0,10963800.0,18880300.0,3000100.0,14594400.0,17710000.0,25611100.0,278364000.0,6387600.0,24504900.0,140832700.0,28682800.0,1063800.0,,58129500.0,6712800.0,3838100.0,4748300.0,28640700.0,7341450000.0,0.0,0.0
2021-06-28,30262000.0,7280000.0,13987000.0,418200.0,2728400.0,349100.0,1645500.0,12671600.0,0.0,28526000.0,16019300.0,4968900.0,551200.0,25006000.0,5604000.0,10556900.0,2901700.0,29156100.0,7909600.0,19590000.0,495436000.0,4282800.0,6065400.0,42184600.0,39130300.0,949400.0,,53159600.0,11026600.0,1547200.0,4082600.0,15549000.0,4147890000.0,0.0,0.0
2021-06-29,46181000.0,5649600.0,14184000.0,394700.0,1742700.0,392900.0,1523600.0,9194400.0,0.0,23108000.0,12728000.0,3373200.0,285900.0,18844300.0,3749500.0,12300900.0,1932100.0,21417300.0,5674400.0,19937800.0,367632000.0,3197700.0,5792300.0,38478900.0,29426000.0,758600.0,,35970500.0,7874900.0,1581100.0,4640600.0,35962500.0,3707150000.0,0.0,0.0
2021-06-30,70721500.0,6016000.0,15381000.0,573200.0,2731100.0,446700.0,2031700.0,11282400.0,0.0,24474000.0,26093500.0,6572800.0,440200.0,26039000.0,6151700.0,14614200.0,2450700.0,15107500.0,7943600.0,21656500.0,326568000.0,4943700.0,5776600.0,28957100.0,32724000.0,1579900.0,,64827900.0,7936400.0,2655600.0,4950700.0,45511200.0,4266040000.0,0.0,0.0
2021-07-01,58059000.0,5232000.0,11153000.0,430300.0,4053100.0,251400.0,1523400.0,10041200.0,0.0,18110000.0,31932400.0,11966200.0,247300.0,18089100.0,6320200.0,13214700.0,2210500.0,17137000.0,6812800.0,16725300.0,480136000.0,3997600.0,5922300.0,55429800.0,29290000.0,737800.0,,53441000.0,8295600.0,2929000.0,3824000.0,26348700.0,3788230000.0,0.0,0.0
2021-07-02,51316700.0,4657600.0,37054000.0,266300.0,2800000.0,363300.0,1676600.0,7659200.0,0.0,25982000.0,11464800.0,5071900.0,147100.0,21029700.0,9059900.0,10604600.0,1851500.0,11521300.0,6173200.0,26458000.0,342764000.0,3835500.0,5572000.0,29389500.0,32727200.0,3937400.0,,57697700.0,5144300.0,1858700.0,4047600.0,26280600.0,3225840000.0,0.0,0.0
2021-07-06,44930100.0,8904000.0,13870000.0,350700.0,3306100.0,540100.0,2113100.0,22678000.0,0.0,26404000.0,17784300.0,9095300.0,356100.0,27771300.0,6098500.0,15278200.0,1762700.0,13488500.0,9156800.0,31565600.0,446708000.0,4313800.0,6534400.0,28764500.0,38842400.0,1659800.0,,68710400.0,7181500.0,1759400.0,5254000.0,18279300.0,4309570000.0,0.0,0.0
2021-07-07,51498500.0,9817600.0,12581000.0,215000.0,2862500.0,403700.0,2308600.0,13941600.0,0.0,24060000.0,11463700.0,7456400.0,274500.0,28521500.0,6293500.0,14377700.0,2069400.0,14218900.0,5105600.0,23260000.0,418428000.0,4225000.0,5532700.0,66937300.0,35265200.0,910800.0,,63549500.0,7391800.0,2032300.0,9637400.0,25607400.0,4037380000.0,0.0,0.0
2021-07-08,45673500.0,9208000.0,16011000.0,287100.0,4822800.0,253500.0,2235500.0,13656800.0,0.0,23790000.0,21936400.0,7368000.0,341200.0,42297900.0,5755500.0,11943900.0,1932600.0,14406500.0,6894400.0,24618600.0,503300000.0,4216000.0,7585200.0,34612600.0,50890000.0,1588500.0,,97595200.0,7565400.0,2056400.0,6707600.0,21267000.0,4347500000.0,0.0,0.0
2021-07-09,35278400.0,8267200.0,16782000.0,208700.0,3628500.0,259400.0,2304200.0,10348000.0,0.0,18632000.0,17698100.0,5531200.0,325500.0,23976400.0,6120900.0,10847000.0,2560500.0,13018700.0,5577200.0,23916700.0,296624000.0,4088600.0,5948700.0,22492400.0,35184500.0,1010100.0,,76238600.0,8374200.0,1180800.0,4442500.0,15185400.0,3531120000.0,0.0,0.0
2021-07-12,28526600.0,4006400.0,33142000.0,343800.0,3090400.0,213300.0,2491300.0,8584800.0,0.0,17668000.0,17546700.0,3867700.0,173900.0,16831000.0,7840500.0,15107600.0,2158600.0,10018600.0,5971600.0,18931700.0,321984000.0,4873700.0,6807300.0,23457200.0,25717700.0,1122700.0,,52889600.0,10668700.0,1312600.0,3596200.0,19515000.0,3384460000.0,0.0,0.0
2021-07-13,30367600.0,5816000.0,11806000.0,379400.0,4198600.0,234500.0,1540300.0,8985200.0,0.0,19240000.0,26938600.0,6926500.0,118400.0,25357500.0,4691200.0,15170800.0,1884600.0,11456000.0,6421200.0,26120100.0,290708000.0,8750800.0,5603800.0,24748800.0,39723000.0,988700.0,,52911300.0,13460200.0,1237600.0,3290900.0,18947700.0,3695430000.0,0.0,0.0
2021-07-14,28108500.0,4460800.0,14020000.0,242200.0,3142700.0,363100.0,1265800.0,10820800.0,0.0,23742000.0,16100200.0,6029200.0,339900.0,30594100.0,6162900.0,22002700.0,1993200.0,13894200.0,8606800.0,23113700.0,380100000.0,6390300.0,5903600.0,33796200.0,35336400.0,1467800.0,,64130400.0,10587700.0,2081100.0,2202800.0,18812100.0,4006370000.0,0.0,0.0
2021-07-15,38944700.0,3998400.0,12624000.0,305200.0,7649200.0,257400.0,1894100.0,10131600.0,0.0,24218000.0,16384800.0,5704500.0,276600.0,45477000.0,6656900.0,15068200.0,2165800.0,14781600.0,10383600.0,22604200.0,550564000.0,4920600.0,7357100.0,31871000.0,53391600.0,1147700.0,,55126400.0,23734500.0,2480600.0,3170600.0,17974800.0,3905230000.0,0.0,0.0
2021-07-16,35860700.0,5048000.0,13980000.0,315500.0,5328700.0,321300.0,1413900.0,8455200.0,0.0,20424000.0,17820400.0,3577900.0,214800.0,36620200.0,5834900.0,14860500.0,1680900.0,11026100.0,6313200.0,26186800.0,688224000.0,5852500.0,9346300.0,19503100.0,47262000.0,940600.0,,75874700.0,12110000.0,1848900.0,3520400.0,18095400.0,3985700000.0,0.0,0.0
2021-07-19,39244800.0,7481600.0,14938000.0,251400.0,5362100.0,506200.0,2293100.0,12784400.0,0.0,27968000.0,54224700.0,20557500.0,701800.0,58571000.0,8219700.0,19527000.0,3774900.0,14372300.0,7692400.0,32935600.0,749060000.0,5750200.0,9544100.0,30314400.0,64404600.0,605300.0,,147987000.0,9230200.0,2177200.0,3924600.0,27383100.0,5157660000.0,0.0,0.0
2021-07-20,28089000.0,10112000.0,20727000.0,451300.0,3634300.0,486700.0,2045400.0,9670000.0,0.0,26312000.0,26941300.0,8729000.0,728400.0,40794600.0,9902800.0,16257900.0,3275600.0,11024300.0,6232000.0,26259700.0,434687000.0,5213500.0,8136300.0,22954000.0,42183700.0,319500.0,,99608200.0,7108000.0,2200600.0,4331800.0,19020300.0,4438270000.0,0.0,0.0
2021-07-21,29469900.0,6900800.0,13660000.0,333800.0,2894100.0,347800.0,1480000.0,7366000.0,0.0,20746000.0,18522600.0,7438300.0,626900.0,28278700.0,7585200.0,20918200.0,2146600.0,9279700.0,5079200.0,24364300.0,371017000.0,4905900.0,6954700.0,20437300.0,30259900.0,275700.0,,64724400.0,5564700.0,2594000.0,2709500.0,18591900.0,3810280000.0,0.0,0.0
2021-07-22,33730100.0,9025600.0,12583000.0,224500.0,1776400.0,258800.0,1339200.0,13137200.0,0.0,14302000.0,17110500.0,6363500.0,709500.0,32879000.0,5281900.0,13402700.0,2538300.0,12385400.0,3456000.0,23384100.0,323826000.0,3333500.0,6013800.0,17468900.0,30252200.0,592600.0,,47878500.0,5746500.0,1822700.0,4007800.0,13013400.0,3358300000.0,0.0,0.0
2021-07-23,31708900.0,6358400.0,13489000.0,224200.0,2229600.0,283800.0,1344500.0,14996400.0,0.0,41506000.0,19441000.0,6804600.0,240900.0,23660300.0,5014900.0,12144000.0,3996400.0,33694300.0,7698000.0,22768100.0,195672000.0,3588400.0,7906000.0,17653300.0,31960800.0,525700.0,,63766600.0,5773900.0,970300.0,2679500.0,15947400.0,4540070000.0,0.0,0.0
2021-07-26,27668500.0,3436800.0,11160000.0,175900.0,2853200.0,334300.0,1220000.0,6872800.0,0.0,30572000.0,15282700.0,6179600.0,243000.0,22194200.0,4484900.0,8681100.0,2638400.0,14925200.0,7188000.0,23176100.0,203943000.0,2999800.0,5925800.0,16267900.0,28438100.0,477700.0,,43719200.0,6440600.0,1184900.0,2420500.0,18517200.0,4275630000.0,0.0,0.0
2021-07-27,69427000.0,4588800.0,14715000.0,208100.0,3181900.0,1267600.0,1666500.0,9430800.0,0.0,54710000.0,19919000.0,8621200.0,200000.0,35063600.0,7089300.0,12794400.0,3135200.0,15705400.0,12954800.0,33604100.0,248863000.0,4043900.0,7075400.0,23078700.0,57933100.0,467500.0,,67397100.0,11127500.0,2186600.0,2575900.0,15395700.0,4241950000.0,0.0,0.0
2021-07-28,140561000.0,3587200.0,8359000.0,263600.0,4445000.0,732300.0,1362700.0,7452400.0,0.0,95130000.0,15129200.0,11533500.0,302000.0,33043700.0,5750700.0,9858000.0,4948500.0,29676900.0,6099200.0,33566900.0,202191000.0,3556800.0,8520000.0,25073600.0,42066200.0,672300.0,,52472400.0,6819700.0,2797600.0,4169500.0,14071500.0,4215290000.0,0.0,0.0
2021-07-29,164091800.0,3766400.0,9162000.0,164400.0,2732600.0,711500.0,1434200.0,8570800.0,0.0,31716000.0,18675000.0,6203800.0,282700.0,22634800.0,4214100.0,9599100.0,2572300.0,33413200.0,5077600.0,18168300.0,190781000.0,3055600.0,5430500.0,19219100.0,25672500.0,987600.0,,47435300.0,7162000.0,2570800.0,2352100.0,11063100.0,4044600000.0,0.0,0.0
2021-07-30,125632000.0,5752000.0,11548000.0,257000.0,2785000.0,1511700.0,2283900.0,9063600.0,0.0,25576000.0,21062100.0,5656400.0,139100.0,28473000.0,5346400.0,11727000.0,2336800.0,15976200.0,6705600.0,20944800.0,183497000.0,3757300.0,14394300.0,15889200.0,36484600.0,993400.0,,68951200.0,6482600.0,2066600.0,3068100.0,16332300.0,3956740000.0,0.0,0.0
2021-08-02,115581900.0,10294400.0,15619000.0,592300.0,3083600.0,382800.0,1366900.0,9146000.0,0.0,21634000.0,27274400.0,19495800.0,197400.0,24192600.0,3721500.0,9778000.0,2693900.0,13180400.0,8160800.0,16267400.0,217444000.0,3425900.0,7009500.0,21372900.0,27334100.0,903400.0,,58783300.0,6028800.0,2362500.0,2968600.0,19958400.0,3724090000.0,0.0,0.0
2021-08-03,157723100.0,11856000.0,11135000.0,369900.0,3449500.0,412500.0,1448100.0,10282800.0,0.0,20762000.0,16058700.0,6627300.0,142600.0,27798600.0,6033000.0,8825500.0,3300000.0,12406100.0,7855200.0,17879000.0,301811000.0,3359900.0,8455700.0,17040100.0,35558500.0,790900.0,,58053900.0,5874700.0,2921600.0,2780100.0,18915300.0,3965190000.0,0.0,0.0
2021-08-04,225368700.0,7564800.0,12123000.0,428800.0,3407100.0,407200.0,1280500.0,8319200.0,0.0,19676000.0,17113300.0,7545000.0,185100.0,25588500.0,4793100.0,11888400.0,2240600.0,14180600.0,6126800.0,16191300.0,231309000.0,4846300.0,6628000.0,15537400.0,29602200.0,429800.0,,46732200.0,4254000.0,1626100.0,3187000.0,15301500.0,4260760000.0,0.0,0.0
2021-08-05,137860900.0,5217600.0,8372000.0,310200.0,2373900.0,238500.0,1742600.0,7488000.0,0.0,17870000.0,15465700.0,5164600.0,372300.0,23915200.0,4291000.0,9806800.0,2230500.0,10247200.0,8036800.0,13900200.0,211435000.0,3733500.0,5363300.0,18575200.0,21443900.0,592200.0,,38969700.0,4452300.0,2566600.0,6675900.0,27005400.0,3769410000.0,0.0,0.0
2021-08-06,143899000.0,5038400.0,9964000.0,459800.0,2262200.0,199700.0,1789800.0,7360000.0,0.0,20488000.0,12923200.0,7807600.0,283400.0,24429200.0,4581100.0,10409300.0,1558600.0,8925000.0,19826800.0,16589300.0,178497000.0,3430900.0,6030100.0,24200700.0,33332100.0,688500.0,,46930000.0,4338100.0,2168200.0,3351100.0,19263600.0,3451870000.0,0.0,0.0
2021-08-09,115749900.0,5401600.0,5952000.0,237700.0,1972300.0,389700.0,1472500.0,6456800.0,0.0,17760000.0,10788700.0,10842500.0,540100.0,17225600.0,3950200.0,8859900.0,2093100.0,7798900.0,11010800.0,16117600.0,146443000.0,2636600.0,4743800.0,35611100.0,25960200.0,530600.0,,41222600.0,4280200.0,2363500.0,3742800.0,15811800.0,3449280000.0,0.0,0.0
2021-08-10,113012300.0,3945600.0,9319000.0,359800.0,3464000.0,173000.0,1893700.0,12857600.0,0.0,19414000.0,31522900.0,7192400.0,201600.0,22681600.0,3678300.0,10906900.0,2027500.0,7469900.0,8748800.0,18616600.0,179238000.0,2670200.0,5253500.0,25947900.0,35130800.0,807700.0,,43339300.0,5132800.0,2207800.0,3325500.0,38262000.0,3886610000.0,0.0,0.0
2021-08-11,91788300.0,5603200.0,9816000.0,246000.0,2283400.0,467500.0,2267500.0,21951200.0,0.0,15352000.0,15834400.0,7254300.0,400300.0,25691300.0,4221300.0,8370700.0,1969100.0,8400300.0,5878800.0,13955900.0,185925000.0,3058000.0,4205000.0,34679000.0,34249800.0,906100.0,,44034300.0,4490400.0,3030900.0,2667800.0,41455800.0,3532560000.0,0.0,0.0
2021-08-12,60578700.0,5649600.0,8702000.0,246600.0,1322800.0,492500.0,1230700.0,9918000.0,0.0,16506000.0,14127800.0,6932200.0,1199600.0,23269500.0,4300400.0,6169200.0,1490800.0,7170700.0,4746400.0,14561300.0,151652000.0,1958700.0,4956100.0,189287200.0,25969200.0,1060600.0,,38909400.0,6338400.0,2756500.0,3001000.0,18269100.0,3375310000.0,0.0,0.0
2021-08-13,100135700.0,5323200.0,8582000.0,165600.0,1827200.0,161000.0,1309300.0,7069600.0,0.0,15948000.0,10016800.0,6896500.0,631400.0,20813700.0,5882100.0,7714200.0,1699700.0,7195700.0,5546000.0,18249000.0,183063000.0,2113800.0,4888800.0,52395100.0,19336200.0,722800.0,,39470300.0,4593200.0,1027400.0,2053200.0,15981300.0,3016470000.0,0.0,0.0
2021-08-16,73325400.0,3368000.0,9188000.0,272100.0,3223800.0,193700.0,1515600.0,15022800.0,0.0,22384000.0,12598100.0,6928100.0,243700.0,24074400.0,4782800.0,7972000.0,2175300.0,11222100.0,4340000.0,22507600.0,210876000.0,3224000.0,6040800.0,45907300.0,34856900.0,808400.0,,73740000.0,5435900.0,1590800.0,2418700.0,47791500.0,3370640000.0,0.0,0.0
2021-08-17,74053900.0,3396800.0,16499000.0,174500.0,2801500.0,280300.0,1936700.0,12365600.0,0.0,21716000.0,18468400.0,7785500.0,442700.0,35161500.0,6041900.0,10346400.0,1652000.0,12328700.0,4885200.0,20075300.0,204585000.0,3736300.0,7577000.0,35348300.0,44793900.0,1217100.0,,92673900.0,13398800.0,1616300.0,3109300.0,50950200.0,3836960000.0,0.0,0.0
2021-08-18,79387900.0,3241600.0,15616000.0,172100.0,3398800.0,291500.0,2030100.0,8112000.0,0.0,19258000.0,12147600.0,7025800.0,164400.0,29102300.0,7134100.0,13873700.0,2215500.0,10042400.0,4200800.0,21813000.0,285913000.0,3419200.0,7162000.0,92065600.0,38541900.0,484300.0,,89351900.0,9167300.0,1424600.0,2076800.0,28211700.0,3755590000.0,0.0,0.0
2021-08-19,71117500.0,5374400.0,14044000.0,167900.0,5828200.0,396900.0,1953700.0,8308400.0,0.0,21782000.0,20026700.0,6242600.0,359500.0,38119900.0,5615000.0,9223700.0,1455400.0,12004500.0,5476800.0,29850500.0,766555000.0,4745600.0,5787200.0,67605600.0,48499400.0,603000.0,,92812200.0,12146900.0,1458600.0,3253300.0,22630500.0,4398410000.0,0.0,0.0
2021-08-20,55227600.0,4643200.0,10007000.0,196300.0,4156600.0,164000.0,1911200.0,6963600.0,0.0,31194000.0,16784100.0,6510200.0,797300.0,31759500.0,5428700.0,10543600.0,1989700.0,8697700.0,5319200.0,40817600.0,675741000.0,3484100.0,5273800.0,52062300.0,39486000.0,1504900.0,,72008700.0,13042000.0,1584300.0,2324300.0,19400400.0,3652610000.0,0.0,0.0
2021-08-23,68835300.0,6612800.0,15707000.0,222200.0,3698200.0,243000.0,1835900.0,10683600.0,0.0,28454000.0,21933100.0,3958500.0,728000.0,25778800.0,6461700.0,8912800.0,2086900.0,10942000.0,4055600.0,22830200.0,575807000.0,3102100.0,4522200.0,35705300.0,34034700.0,1139200.0,,54973000.0,9533500.0,1690000.0,2238600.0,16166100.0,3576530000.0,0.0,0.0
2021-08-24,51239300.0,6459200.0,9429000.0,252300.0,3083700.0,178900.0,1541700.0,44244800.0,0.0,19268000.0,20828100.0,3649700.0,686400.0,18677900.0,5734800.0,12067200.0,1687700.0,9235100.0,3984000.0,18175800.0,297299000.0,3760800.0,4560400.0,37227400.0,21732900.0,1279000.0,,38744700.0,6719800.0,1252000.0,2976600.0,18828900.0,3979220000.0,0.0,0.0
2021-08-25,45485500.0,5870400.0,10017000.0,563500.0,1896700.0,255200.0,1520600.0,58996400.0,0.0,15848000.0,19085400.0,5874700.0,619100.0,21548000.0,5700300.0,11270700.0,1668000.0,9684500.0,3980000.0,20006100.0,347701000.0,3346700.0,3861500.0,54678500.0,20441900.0,5600000.0,,40529700.0,22106800.0,1671000.0,3451600.0,21921300.0,3444700000.0,0.0,0.0
2021-08-26,51442500.0,3862400.0,10836000.0,421800.0,2200700.0,441700.0,1418600.0,27120400.0,0.0,20610000.0,17676100.0,6850600.0,366800.0,22380300.0,5031600.0,10331500.0,2008000.0,7888700.0,3858800.0,17666100.0,237940000.0,3220700.0,4749400.0,46179400.0,29133300.0,3293800.0,,57829600.0,9892100.0,1085500.0,3668200.0,23466900.0,3263980000.0,0.0,0.0
2021-08-27,61030000.0,5737600.0,16459000.0,322400.0,3009300.0,369800.0,1310200.0,16165600.0,0.0,28780000.0,18519700.0,6360700.0,186300.0,33998500.0,7046100.0,8844100.0,1784000.0,11219100.0,3943200.0,22605700.0,304722000.0,4166500.0,4741200.0,52268500.0,27104700.0,2825000.0,,77235100.0,6827700.0,856300.0,3894400.0,23088600.0,3331200000.0,0.0,0.0
2021-08-30,56130500.0,8788800.0,19614000.0,428400.0,2220500.0,545600.0,1219800.0,19091600.0,0.0,24434000.0,11640000.0,6546200.0,218500.0,20733300.0,3252700.0,10034700.0,2245600.0,13547300.0,3485600.0,16348100.0,262580000.0,2540300.0,3845800.0,44139300.0,27295700.0,2265000.0,,48357400.0,6434200.0,1116000.0,3329500.0,16440600.0,3168660000.0,0.0,0.0
2021-08-31,49339000.0,6976000.0,17378000.0,547900.0,3941500.0,289300.0,1699000.0,34486800.0,0.0,22448000.0,19163900.0,7418400.0,260700.0,20839800.0,7106800.0,14185700.0,2938100.0,12345400.0,6201200.0,26285300.0,259850000.0,5291200.0,9642400.0,93168600.0,29628200.0,2193800.0,,59300200.0,8424900.0,889900.0,3580900.0,25078500.0,4290710000.0,0.0,0.0
2021-09-01,38579600.0,12425600.0,12586000.0,529300.0,6673100.0,275300.0,1325400.0,46969200.0,0.0,21936000.0,22973500.0,11908600.0,459000.0,20451500.0,5327400.0,9518900.0,2197100.0,11567200.0,5712000.0,18983800.0,201767000.0,4231400.0,6214200.0,34417200.0,28138300.0,1942600.0,,48721400.0,8603900.0,1011500.0,2955900.0,19056600.0,4057340000.0,0.0,0.0
2021-09-02,40090500.0,8356800.0,16991000.0,240400.0,14057600.0,488800.0,1455000.0,16729600.0,0.0,32342000.0,16521300.0,2976200.0,744900.0,22810100.0,4544300.0,11653200.0,2140200.0,14832900.0,4186800.0,16285600.0,187834000.0,2862500.0,5392500.0,38460100.0,25453400.0,4138800.0,,42501000.0,6866400.0,961100.0,3578800.0,20018100.0,3735990000.0,0.0,0.0
2021-09-03,42605800.0,7267200.0,25191000.0,204500.0,14743300.0,216000.0,1302400.0,13877200.0,0.0,19850000.0,6491000.0,4988900.0,273300.0,18213100.0,4096900.0,13220400.0,1339300.0,7509600.0,4570800.0,14747900.0,280532000.0,2035100.0,5466400.0,26609500.0,24605400.0,9994700.0,,47170500.0,10361400.0,730000.0,1614900.0,17211900.0,3217530000.0,0.0,0.0
2021-09-07,28815200.0,8563200.0,12398000.0,281400.0,14016300.0,177400.0,1463400.0,17869600.0,0.0,20124000.0,11728800.0,7098600.0,549000.0,19153400.0,6859900.0,20035300.0,1820000.0,10793800.0,6115600.0,17180400.0,198107000.0,4609900.0,6520600.0,35835100.0,23970200.0,15909100.0,,51671500.0,9739900.0,1030500.0,2928300.0,25345200.0,3822960000.0,0.0,0.0
2021-09-08,43067900.0,5676800.0,13987000.0,228400.0,13194700.0,287300.0,1372000.0,12178800.0,0.0,18344000.0,13020900.0,6046200.0,274600.0,25241500.0,4661700.0,12040100.0,2718400.0,11067200.0,4706800.0,15046800.0,254434000.0,3199100.0,6897800.0,54394400.0,32949200.0,6717300.0,,56181900.0,7983300.0,5216800.0,2158500.0,19508400.0,3750880000.0,0.0,0.0
2021-09-09,31857900.0,5283200.0,13174000.0,338600.0,8386300.0,279500.0,1398700.0,11888800.0,0.0,15314000.0,23024700.0,7009500.0,1582800.0,27180500.0,7114600.0,12545400.0,2992200.0,9098900.0,3870800.0,19927000.0,196856000.0,3560400.0,6354700.0,34190800.0,29399000.0,43147800.0,,57970400.0,5101300.0,5095000.0,2363600.0,22328700.0,3735390000.0,0.0,0.0
2021-09-10,32602300.0,7113600.0,16110000.0,324400.0,22879800.0,267100.0,1324800.0,12162800.0,0.0,36840000.0,16112600.0,8147100.0,368300.0,24366100.0,6699300.0,10573700.0,2035200.0,11549600.0,4458000.0,19633400.0,248376000.0,3851500.0,5750000.0,37307800.0,40249400.0,13557400.0,,89948200.0,5163900.0,3810000.0,2023000.0,15775200.0,3623180000.0,0.0,0.0
2021-09-13,37767800.0,11259200.0,14927000.0,286000.0,28212400.0,327700.0,1679500.0,19813600.0,0.0,22094000.0,17136900.0,4269300.0,616900.0,34693100.0,6273500.0,20274300.0,2294800.0,13026300.0,5150400.0,23652900.0,297500000.0,3367200.0,9952500.0,42372300.0,48741800.0,8788100.0,,83738600.0,6622800.0,4860100.0,2038300.0,19529400.0,3914220000.0,0.0,0.0
2021-09-14,40629500.0,6470400.0,14134000.0,256800.0,14325600.0,203600.0,1383900.0,9849200.0,0.0,19674000.0,20108000.0,6991000.0,394500.0,30312600.0,5259600.0,13918900.0,2013800.0,8711600.0,6073200.0,21853400.0,199755000.0,2808600.0,5831800.0,34569000.0,41826600.0,5329500.0,,78197100.0,5110500.0,3141700.0,3601100.0,16533900.0,3670460000.0,0.0,0.0
2021-09-15,37998900.0,6854400.0,23346000.0,312000.0,12867000.0,247100.0,1770300.0,9358000.0,0.0,27408000.0,17069500.0,5108900.0,1452100.0,27572000.0,7935300.0,15746000.0,2507200.0,17940300.0,6151600.0,28356300.0,166538000.0,3702400.0,6237100.0,49555500.0,34097900.0,4028500.0,,78792200.0,5566500.0,3112300.0,3131700.0,14850000.0,4032020000.0,0.0,0.0
2021-09-16,38150300.0,7473600.0,17569000.0,275900.0,8577400.0,201600.0,1577500.0,9131200.0,0.0,26190000.0,13859700.0,5682700.0,3042800.0,22369000.0,5665400.0,17430400.0,3410700.0,11934200.0,4303200.0,19550800.0,156033000.0,4589900.0,6142100.0,109992000.0,35193100.0,3616600.0,,77786700.0,7301400.0,2947800.0,3226100.0,18428400.0,3984560000.0,0.0,0.0
2021-09-17,44528300.0,21648000.0,34470000.0,1347000.0,14528400.0,231900.0,3411400.0,18426400.0,0.0,53384000.0,38948500.0,7611700.0,1997200.0,39957600.0,13419800.0,33370200.0,4756600.0,26299000.0,12493600.0,41372500.0,294503000.0,8127400.0,18737400.0,182052600.0,60912300.0,3880100.0,,118425000.0,10722700.0,4570500.0,6337300.0,73032600.0,7289530000.0,0.0,0.0
2021-09-20,45228400.0,6227200.0,30105000.0,444200.0,13864300.0,277700.0,2602000.0,11468000.0,0.0,46518000.0,49641000.0,8781600.0,1738100.0,44958500.0,7270800.0,27542500.0,4549900.0,19822800.0,6983200.0,38278700.0,349440000.0,5484600.0,10238700.0,89413500.0,76203200.0,3338900.0,,166445500.0,8991000.0,2993200.0,6400700.0,25054500.0,4898070000.0,0.0,0.0
2021-09-21,35481500.0,4835200.0,16935000.0,276800.0,7791900.0,229100.0,1531300.0,17172400.0,0.0,25332000.0,27304200.0,4867900.0,1601400.0,26711200.0,6663600.0,16418200.0,2008300.0,11751900.0,5584800.0,22364100.0,204688000.0,4479800.0,6651300.0,50933600.0,41927500.0,2417800.0,,92526100.0,8182200.0,2078600.0,5828600.0,17437500.0,3920920000.0,0.0,0.0
2021-09-22,34126300.0,7126400.0,20610000.0,228200.0,7156000.0,1146900.0,1380800.0,9545200.0,0.0,25056000.0,24344800.0,10966400.0,3418500.0,32100300.0,5657100.0,12719700.0,3361900.0,43692900.0,6099600.0,26626300.0,268726000.0,3001000.0,6332500.0,44308100.0,46972900.0,2151500.0,,102350100.0,5345600.0,1708100.0,2420500.0,15044400.0,3939170000.0,0.0,0.0
2021-09-23,32816700.0,5294400.0,18370000.0,194100.0,7897200.0,931800.0,2061200.0,7642400.0,0.0,20952000.0,27590300.0,10650100.0,4097200.0,31057800.0,4697900.0,13836200.0,2941700.0,21806300.0,5785200.0,18604600.0,248555000.0,2712500.0,5171200.0,60028600.0,44652000.0,2109400.0,,76396000.0,5484700.0,3519200.0,4454600.0,15585300.0,3916350000.0,0.0,0.0
2021-09-24,26482600.0,3353600.0,10605000.0,233300.0,10960700.0,758800.0,3353800.0,8157600.0,0.0,22984000.0,21713200.0,10528000.0,12876900.0,28866000.0,4399300.0,9682200.0,2508800.0,18801900.0,5496800.0,14999000.0,217655000.0,2366100.0,5009400.0,40309700.0,36056800.0,1952400.0,,62094800.0,4455900.0,2126100.0,4287100.0,13360500.0,3384290000.0,0.0,0.0
2021-09-27,51944300.0,4388800.0,9831000.0,248800.0,10577700.0,411800.0,2526000.0,14333600.0,0.0,21882000.0,17652900.0,6742100.0,9964500.0,29743200.0,5775500.0,12429500.0,2463300.0,15205800.0,6366800.0,23571700.0,245215000.0,4482000.0,5749700.0,44102800.0,43338100.0,3192200.0,,61371100.0,5198800.0,3350000.0,5177800.0,21250800.0,4058650000.0,0.0,0.0
2021-09-28,74469000.0,5166400.0,20124000.0,727700.0,8621400.0,621600.0,2632700.0,15270800.0,0.0,45772000.0,35515900.0,10295500.0,5386700.0,39938200.0,7610400.0,19926100.0,3007500.0,21710300.0,8674400.0,43186200.0,343069000.0,5910900.0,7015300.0,64206200.0,97701600.0,3804600.0,,130436300.0,9792300.0,2479400.0,4795200.0,20580900.0,4416550000.0,0.0,0.0
2021-09-29,52224700.0,6190400.0,15783000.0,290700.0,4461300.0,393500.0,1922000.0,11346000.0,0.0,30848000.0,19783400.0,8364000.0,3136900.0,23628900.0,5124100.0,13941500.0,1719000.0,14452200.0,5705600.0,26353700.0,218394000.0,3326500.0,5460000.0,46164500.0,58076600.0,3193700.0,,82329200.0,6522400.0,3017900.0,4766200.0,21375600.0,3712660000.0,0.0,0.0
2021-09-30,57636700.0,6286400.0,15735000.0,362800.0,13685000.0,346500.0,1836400.0,10046800.0,0.0,37996000.0,41680700.0,7307900.0,4857900.0,33153600.0,6972300.0,17672000.0,3136800.0,16547100.0,9101200.0,32343600.0,221009000.0,4949200.0,6934900.0,59505600.0,61384600.0,3539600.0,,140506000.0,6433400.0,4069800.0,5830800.0,22457700.0,4448140000.0,0.0,0.0
2021-10-01,41491600.0,5484800.0,16052000.0,276100.0,6668400.0,507700.0,1860700.0,10304400.0,0.0,35360000.0,30062800.0,19830100.0,6513300.0,32647000.0,8568300.0,16277400.0,2076000.0,14905300.0,7791200.0,30086300.0,240978000.0,4274300.0,5587200.0,32778000.0,56375500.0,4470000.0,,129240100.0,5315200.0,3352600.0,4198700.0,30014400.0,4010370000.0,0.0,0.0
2021-10-04,41967100.0,7566400.0,20093000.0,531400.0,10632200.0,393500.0,2264000.0,12719200.0,0.0,51202000.0,24726400.0,7691800.0,7298600.0,32580200.0,8620700.0,18973400.0,2236500.0,42885000.0,11272400.0,31350700.0,345635000.0,5404900.0,5816000.0,46789700.0,76766000.0,3945800.0,,128570000.0,8514500.0,3431500.0,3331700.0,29970300.0,4307870000.0,0.0,0.0
2021-10-05,31455200.0,5497600.0,16557000.0,380900.0,5048200.0,143800.0,1808700.0,8699600.0,0.0,32404000.0,22347700.0,6861900.0,3638700.0,20407600.0,5129000.0,17173100.0,2463100.0,35377900.0,6349600.0,24993000.0,279282000.0,6103100.0,6902700.0,56574800.0,47232900.0,2761400.0,,90682500.0,8039600.0,3387300.0,6159600.0,20597400.0,3902890000.0,0.0,0.0
2021-10-06,39071700.0,4384000.0,12042000.0,258900.0,6177800.0,254400.0,1334600.0,8556800.0,0.0,24364000.0,28905900.0,7473500.0,3871700.0,32893300.0,7312600.0,21284500.0,2107900.0,26443000.0,6304800.0,28002600.0,297202000.0,5499200.0,5332900.0,125175700.0,56806500.0,4949200.0,,113032200.0,7553600.0,1911300.0,3827100.0,19376700.0,4009630000.0,0.0,0.0
2021-10-07,41543100.0,8123200.0,13261000.0,176400.0,4762600.0,167300.0,1966200.0,7128000.0,0.0,25110000.0,29054000.0,8160200.0,2684100.0,24289300.0,5309200.0,13774400.0,2423900.0,28307500.0,7432800.0,20430500.0,256919000.0,4605100.0,5334600.0,38873700.0,39411200.0,9600200.0,,72437500.0,7821900.0,1660900.0,6470900.0,21068100.0,3843740000.0,0.0,0.0
2021-10-08,30623000.0,9395200.0,10279000.0,158700.0,5331400.0,221300.0,1545800.0,7042800.0,0.0,26526000.0,28064300.0,9455100.0,3956200.0,17989600.0,4343200.0,13786800.0,1687500.0,15946100.0,6421600.0,17685700.0,151258000.0,4186000.0,6131800.0,39713400.0,41822300.0,16596500.0,,74557400.0,5143400.0,2343500.0,3097400.0,13847400.0,3280160000.0,0.0,0.0
2021-10-11,31284400.0,5614400.0,11186000.0,214900.0,4968500.0,177100.0,1011700.0,4452800.0,0.0,17954000.0,16068400.0,2261300.0,3385700.0,15929800.0,4101600.0,12378500.0,1504000.0,14708200.0,4470800.0,19298600.0,163388000.0,2738100.0,5995600.0,23971700.0,34847200.0,3243100.0,,65233300.0,5318500.0,2803400.0,2446500.0,13048200.0,3281970000.0,0.0,0.0
2021-10-12,34039900.0,4328000.0,20991000.0,141400.0,15630500.0,270100.0,1380900.0,9260000.0,0.0,36332000.0,32922200.0,7938400.0,1668500.0,18800600.0,6686400.0,19474400.0,2346700.0,31658700.0,6194400.0,17974100.0,162134000.0,3195400.0,6734800.0,26280000.0,43905100.0,4044300.0,,71181200.0,9294600.0,3381300.0,2837100.0,15789300.0,3558450000.0,0.0,0.0
2021-10-13,55631900.0,6134400.0,16424000.0,219600.0,15024800.0,225000.0,1621500.0,21948000.0,0.0,19654000.0,29370400.0,11662400.0,2721600.0,19676200.0,6901100.0,12143300.0,3214300.0,14761500.0,11951600.0,23416300.0,180652000.0,3599900.0,5689800.0,28494000.0,40120800.0,4602800.0,,72974000.0,7845100.0,4905500.0,15378700.0,17937900.0,3620070000.0,0.0,0.0
2021-10-14,46900200.0,7587200.0,19233000.0,223100.0,9231400.0,322900.0,1480400.0,19684000.0,0.0,31894000.0,26937000.0,9518200.0,4451400.0,18160000.0,4579200.0,13704000.0,2512000.0,14302200.0,14479600.0,27262900.0,243589000.0,3677100.0,6777800.0,26106700.0,43433900.0,2778600.0,,70236800.0,16930500.0,3530900.0,6521300.0,19783500.0,3598280000.0,0.0,0.0
2021-10-15,34203000.0,6936000.0,25103000.0,218200.0,6528600.0,324300.0,1494800.0,10210800.0,0.0,30274000.0,29782900.0,8689700.0,4353500.0,27555300.0,6918400.0,17867000.0,2564700.0,21596400.0,14240000.0,25384800.0,226994000.0,4313000.0,6923700.0,24366100.0,40419900.0,5226100.0,,66260200.0,11558800.0,1928700.0,3273300.0,20737200.0,3819380000.0,0.0,0.0
2021-10-18,47537800.0,8668800.0,16042000.0,194900.0,14316900.0,371200.0,2141300.0,13160000.0,0.0,20396000.0,20338400.0,8703300.0,2827000.0,19082600.0,7465500.0,15861800.0,2484900.0,21585000.0,7105200.0,22729300.0,189494000.0,3274200.0,9119000.0,25609900.0,34513500.0,5214700.0,,62213200.0,6773800.0,2785600.0,10655000.0,19887000.0,3662010000.0,0.0,0.0
2021-10-19,39593900.0,5505600.0,16383000.0,295600.0,7992900.0,167300.0,1365300.0,9194000.0,0.0,20164000.0,26103300.0,7445200.0,5952900.0,15498400.0,10081300.0,11068500.0,2071600.0,18786300.0,12878400.0,17682100.0,161473000.0,3125800.0,9555300.0,29393900.0,29091000.0,4421800.0,,46996800.0,5406100.0,1703700.0,2754800.0,33444300.0,3459130000.0,0.0,0.0
2021-10-20,34244800.0,5024000.0,13458000.0,300300.0,5579600.0,159700.0,1352900.0,7101600.0,0.0,23288000.0,19720100.0,6230000.0,4248300.0,18130500.0,6003200.0,12474800.0,3040200.0,13639500.0,12963600.0,16537100.0,146276000.0,3716500.0,7352700.0,24248000.0,31390300.0,4869800.0,,49571600.0,8205800.0,1218000.0,2053600.0,17453700.0,3670760000.0,0.0,0.0
2021-10-21,34794900.0,3945600.0,11787000.0,432200.0,4992600.0,284300.0,1423300.0,7804400.0,0.0,26292000.0,19273600.0,7103900.0,1729600.0,17851600.0,4524100.0,14388300.0,2702400.0,16354400.0,16452000.0,16918100.0,187590000.0,4164700.0,6545500.0,23976600.0,25469300.0,3277100.0,,41305400.0,4640300.0,1465200.0,2516600.0,13954500.0,3822330000.0,0.0,0.0
2021-10-22,38992700.0,3728000.0,15367000.0,276000.0,4945100.0,246900.0,1710300.0,10184000.0,0.0,50588000.0,20734400.0,10204600.0,2485300.0,16887000.0,4304300.0,12828600.0,3283700.0,35224500.0,5534400.0,17449300.0,249384000.0,3240300.0,5265000.0,20166800.0,36275800.0,2401400.0,,58845100.0,6283000.0,2415300.0,2656300.0,21195600.0,3758220000.0,0.0,0.0
2021-10-25,47834100.0,4470400.0,12416000.0,370500.0,4688100.0,266000.0,1903400.0,8338000.0,0.0,34412000.0,20230000.0,4835000.0,7722700.0,16387100.0,6715400.0,11855000.0,3178400.0,38409000.0,9374800.0,17554500.0,230235000.0,3281200.0,5382100.0,33962100.0,32597800.0,1929200.0,,45214500.0,6667700.0,1751600.0,6030600.0,19287900.0,3899400000.0,0.0,0.0
2021-10-26,59458900.0,11512000.0,24043000.0,318900.0,4131700.0,830500.0,2378600.0,17573200.0,0.0,49236000.0,19617200.0,5603100.0,4744600.0,25290200.0,6939100.0,12086700.0,3066400.0,65654000.0,11495200.0,28107300.0,485898000.0,3684700.0,6234900.0,56767000.0,47191300.0,2831900.0,,56075100.0,4852300.0,1876300.0,3051200.0,17418600.0,3879740000.0,0.0,0.0
2021-10-27,98245300.0,7062400.0,23500000.0,248900.0,6945700.0,626600.0,1741800.0,9276800.0,0.0,85782000.0,18521300.0,16140300.0,7887100.0,27088500.0,7018800.0,24019800.0,5249400.0,29971800.0,8804000.0,52588700.0,245990000.0,3751800.0,9643500.0,24157200.0,45760500.0,1351900.0,,72438000.0,5394500.0,4845700.0,3035100.0,14565600.0,4226050000.0,0.0,0.0
2021-10-28,58002500.0,7929600.0,11872000.0,312900.0,5463400.0,648400.0,1362400.0,6153200.0,0.0,36206000.0,16374700.0,9940400.0,7731000.0,22890600.0,6278800.0,15928000.0,3448500.0,50806800.0,6303200.0,26297900.0,234204000.0,3589600.0,4538500.0,21203000.0,38007000.0,2080800.0,,51437900.0,5714300.0,3870600.0,2572300.0,12598500.0,4132950000.0,0.0,0.0
2021-10-29,43320100.0,7849600.0,15564000.0,342500.0,11735900.0,254500.0,2471600.0,4956000.0,0.0,43320000.0,26521600.0,11254300.0,12903100.0,20777700.0,8526800.0,24463700.0,4329400.0,37059400.0,10805200.0,34766000.0,292503000.0,4558200.0,6239500.0,21910300.0,37310100.0,1991700.0,,70162400.0,7118900.0,2092100.0,3176000.0,22022700.0,4510200000.0,0.0,0.0
2021-11-01,54559800.0,11328000.0,16896000.0,359800.0,4856500.0,873200.0,1548700.0,19608000.0,0.0,46924000.0,29987000.0,14479000.0,9343000.0,35500800.0,5846400.0,11651100.0,4456200.0,31518900.0,9188000.0,27073200.0,265740000.0,3017100.0,5038900.0,26684700.0,30765300.0,2048500.0,,48433600.0,4955700.0,5267900.0,2756500.0,12549600.0,3971540000.0,0.0,0.0
2021-11-02,53491900.0,52094400.0,16262000.0,291100.0,3729600.0,278100.0,2012200.0,9954400.0,0.0,33482000.0,26441600.0,12191100.0,4109200.0,24949700.0,8450600.0,11498900.0,2624300.0,28353000.0,8478800.0,26487100.0,294112000.0,3464500.0,9954300.0,30794600.0,25135300.0,1438300.0,,48908400.0,4479700.0,13370900.0,4006000.0,13638900.0,3975250000.0,0.0,0.0
2021-11-03,59537800.0,21843200.0,14038000.0,282300.0,11873900.0,405100.0,1856000.0,8088400.0,0.0,27494000.0,22984200.0,17031100.0,3012900.0,47648500.0,6717800.0,10788300.0,2399000.0,20786500.0,11683200.0,21500100.0,239910000.0,3595000.0,7620100.0,25244200.0,33748900.0,2744100.0,,52509800.0,6073000.0,7516400.0,2460100.0,14209500.0,4319660000.0,0.0,0.0
2021-11-04,84825200.0,15910400.0,15956000.0,232600.0,6450900.0,257300.0,2615000.0,8789600.0,0.0,38412000.0,28989800.0,12665400.0,4775600.0,26514000.0,8224400.0,10820200.0,2711000.0,22495300.0,7668000.0,23992200.0,1153631000.0,3310100.0,6402500.0,25029700.0,40265300.0,4414000.0,,52847100.0,14682800.0,4065100.0,6093500.0,15149100.0,4462300000.0,0.0,0.0
2021-11-05,64920600.0,10161600.0,18674000.0,351600.0,3640600.0,464100.0,2071700.0,9130000.0,0.0,38354000.0,27595000.0,12955100.0,12845700.0,42041700.0,6215900.0,12886700.0,3224300.0,26872800.0,17797600.0,22570100.0,851260000.0,3754300.0,6062700.0,26005000.0,43383800.0,2010700.0,,66390600.0,8668100.0,5864200.0,9136100.0,15081900.0,4467180000.0,0.0,0.0
2021-11-08,141493800.0,8080000.0,17231000.0,445100.0,9010600.0,510300.0,2834800.0,9019600.0,0.0,23052000.0,11957900.0,7404300.0,10373300.0,31324500.0,5578800.0,12828000.0,2471300.0,18342500.0,11074800.0,20897000.0,503101000.0,5766400.0,5854400.0,41359600.0,29256300.0,1760700.0,,50405200.0,15776300.0,3972700.0,5650800.0,15373200.0,4269710000.0,0.0,0.0
2021-11-09,98442600.0,8382400.0,15838000.0,386000.0,5368300.0,664500.0,1881800.0,12702000.0,0.0,19530000.0,13732600.0,12345400.0,11675300.0,29895900.0,6112800.0,10155800.0,2258900.0,17556700.0,8508800.0,21307400.0,646746000.0,3778600.0,4873100.0,117540200.0,50490700.0,2805300.0,,51149100.0,10874100.0,1638100.0,3353900.0,15001800.0,4117080000.0,0.0,0.0
2021-11-10,82989200.0,8313600.0,18450000.0,303300.0,6399500.0,498000.0,1226600.0,16156000.0,0.0,29970000.0,30438400.0,19425100.0,12954700.0,32471600.0,6225100.0,8813600.0,1794300.0,21872600.0,8577600.0,25500900.0,636206000.0,2683500.0,7334900.0,94860100.0,54937400.0,2462800.0,,69429700.0,9046100.0,1580700.0,2271500.0,16803600.0,4503720000.0,0.0,0.0
2021-11-11,67934800.0,6707200.0,14157000.0,293600.0,5278700.0,312900.0,1227300.0,5019200.0,0.0,16518000.0,10086100.0,3746100.0,6233000.0,17987500.0,4118800.0,7257700.0,1640500.0,12376600.0,6735200.0,16849800.0,332172000.0,2453000.0,4096300.0,43381500.0,32243000.0,1825800.0,,34848500.0,6994000.0,1647400.0,2689500.0,13603200.0,3926870000.0,0.0,0.0
2021-11-12,52162100.0,7584000.0,13592000.0,432500.0,3310200.0,381100.0,1780200.0,6933200.0,0.0,22360000.0,26392400.0,10613400.0,4841100.0,20526700.0,18995200.0,10162500.0,1625200.0,25414300.0,7960000.0,23831000.0,413054000.0,3540900.0,5687400.0,53516200.0,34730600.0,1993300.0,,53466700.0,6947200.0,2112900.0,2396500.0,18313800.0,3728600000.0,0.0,0.0
2021-11-15,52271300.0,5684800.0,13972000.0,750100.0,3428700.0,432700.0,1392300.0,50547600.0,0.0,23508000.0,17057100.0,8021400.0,5145400.0,27390000.0,7496200.0,10289200.0,1709200.0,25076600.0,10654400.0,16723000.0,384909000.0,3357100.0,5510200.0,33225700.0,33716900.0,2520100.0,,46980500.0,5157000.0,2419700.0,2727000.0,28896000.0,3488410000.0,0.0,0.0
2021-11-16,53100800.0,10038400.0,13194000.0,3145200.0,4344200.0,400600.0,1690700.0,16866800.0,0.0,18904000.0,14302000.0,6573700.0,24684700.0,21925200.0,7594700.0,13756500.0,2195500.0,18181100.0,8630000.0,20886800.0,264484000.0,2899400.0,7603900.0,31574800.0,27872900.0,6544900.0,,48857500.0,5555100.0,2365600.0,5736500.0,73986600.0,3972640000.0,0.0,0.0
2021-11-17,54527500.0,6596800.0,12532000.0,947600.0,4238000.0,293600.0,1609400.0,13475200.0,0.0,19594000.0,17919200.0,10006200.0,20327400.0,26527800.0,5414500.0,13288700.0,1412000.0,13602800.0,8220800.0,19053400.0,428508000.0,3332200.0,4900200.0,27994100.0,28703300.0,7449300.0,,47858300.0,6391400.0,908400.0,1798700.0,33116100.0,3969070000.0,0.0,0.0
2021-11-18,60612700.0,8506000.0,12712000.0,543600.0,3987000.0,376100.0,1664200.0,10194800.0,0.0,35608000.0,23421300.0,10183400.0,22398400.0,30637300.0,6358700.0,15380100.0,1751200.0,17487200.0,10240800.0,22463500.0,781711000.0,3498900.0,5509300.0,51039900.0,45721500.0,6567000.0,,50625600.0,13229700.0,5429400.0,2977500.0,24394200.0,4226410000.0,0.0,0.0
2021-11-19,41668900.0,8121200.0,19612000.0,827000.0,7758900.0,286600.0,1909800.0,10338800.0,0.0,33682000.0,45282700.0,10731600.0,8276000.0,33994000.0,7620700.0,15813700.0,2743100.0,26488500.0,7760000.0,21963400.0,533867000.0,5242200.0,6274300.0,30013100.0,45191700.0,3055500.0,,57315600.0,9071800.0,2201100.0,4026300.0,28119300.0,4253180000.0,0.0,0.0
2021-11-22,58674100.0,8246000.0,25898000.0,660300.0,6518700.0,327500.0,2190500.0,24297200.0,0.0,30594000.0,26266000.0,10876200.0,12180100.0,31042100.0,7634500.0,16905600.0,2438700.0,27116800.0,12837200.0,31031100.0,754335000.0,4157200.0,6625400.0,59899100.0,61715400.0,4425500.0,,72762000.0,16076100.0,2552400.0,4515300.0,29126400.0,4441100000.0,0.0,0.0
2021-11-23,62852700.0,10392400.0,17109000.0,643500.0,6711000.0,246600.0,2147000.0,29100000.0,0.0,27218000.0,33967100.0,11543700.0,10641200.0,33843800.0,7734000.0,13835900.0,2770000.0,17225000.0,11308000.0,30427600.0,532163000.0,3878000.0,7912800.0,44588000.0,70098700.0,4559500.0,,73206500.0,10984000.0,5577000.0,6669300.0,29907900.0,4277590000.0,0.0,0.0
2021-11-24,60677100.0,5400400.0,12084000.0,418300.0,2801000.0,257800.0,2316400.0,12521200.0,0.0,18040000.0,31158800.0,8322900.0,6161900.0,24099300.0,5230900.0,12598900.0,2642800.0,13566200.0,5980800.0,21661300.0,435162000.0,3309500.0,5665200.0,35233900.0,46954400.0,2970000.0,,61858800.0,6992600.0,1777600.0,2546100.0,18089400.0,3418430000.0,0.0,0.0
2021-11-26,36245100.0,4903200.0,14219000.0,260100.0,4871500.0,264800.0,1844800.0,8619200.0,0.0,30470000.0,36123400.0,13878500.0,3736300.0,62595400.0,8523100.0,14754300.0,2573300.0,14750700.0,5028000.0,24217200.0,283069000.0,3402900.0,6299800.0,20691200.0,51533300.0,1946500.0,,112669600.0,6766900.0,1458200.0,4147400.0,21039600.0,3517700000.0,0.0,0.0
2021-11-29,57438900.0,7191600.0,18703000.0,389300.0,4428300.0,729900.0,2919100.0,25586000.0,0.0,32596000.0,31728900.0,13908200.0,5822400.0,45982400.0,9188500.0,22712500.0,2084600.0,16650900.0,7626800.0,28563500.0,454964000.0,5305800.0,7113300.0,29114000.0,54447100.0,3522800.0,,86268800.0,7634000.0,1388400.0,4114400.0,33039600.0,4336410000.0,0.0,0.0
2021-11-30,75182500.0,10814800.0,22574000.0,651500.0,8946500.0,431600.0,4244200.0,20211600.0,0.0,42068000.0,35465700.0,19416800.0,6891700.0,64908400.0,14981700.0,30485200.0,3836100.0,25390000.0,14165600.0,42885600.0,622066000.0,7610000.0,11696400.0,38196400.0,81332700.0,10249400.0,,148559600.0,10561800.0,2968000.0,8850600.0,64818900.0,6625990000.0,0.0,0.0
2021-12-01,64039100.0,8917600.0,21980000.0,503700.0,5509100.0,1035500.0,2877100.0,32288400.0,0.0,34020000.0,41845200.0,24991000.0,6745500.0,69120100.0,9835800.0,18719600.0,3275300.0,30329600.0,12418400.0,33337600.0,484368000.0,5385600.0,8313500.0,48283700.0,77766500.0,7956000.0,,131939200.0,12924400.0,3421100.0,5950100.0,36621300.0,5366730000.0,0.0,0.0
2021-12-02,56161200.0,9863600.0,22619000.0,575600.0,4909500.0,440300.0,3277500.0,37364800.0,0.0,29194000.0,42383500.0,11448900.0,6549800.0,64315700.0,11334700.0,17074200.0,3290500.0,24396200.0,11199200.0,30766000.0,472890000.0,4619800.0,9468800.0,45802900.0,84416600.0,4761600.0,,127637800.0,8425500.0,3097100.0,6267700.0,39805800.0,5077180000.0,0.0,0.0
2021-12-03,65910000.0,7726000.0,20305000.0,753000.0,5842100.0,446200.0,2984400.0,31360400.0,0.0,41230000.0,47368800.0,19790900.0,6736800.0,64425200.0,8750500.0,21064400.0,3229900.0,27471000.0,9644800.0,41779300.0,544325000.0,6465900.0,11200800.0,56039600.0,105349100.0,8057600.0,,137331600.0,7809000.0,1476100.0,4143000.0,44142600.0,5240070000.0,0.0,0.0
2021-12-06,66776500.0,4812400.0,22482000.0,663500.0,5888700.0,343800.0,2432900.0,21101600.0,0.0,30618000.0,28211300.0,9863200.0,5532400.0,43878300.0,9692000.0,26624100.0,3616800.0,21758300.0,6240800.0,30032600.0,658938000.0,5403100.0,11935100.0,56459800.0,67588800.0,5911500.0,,98977500.0,5681200.0,2578600.0,4810700.0,32589300.0,4770800000.0,0.0,0.0
2021-12-07,53359400.0,7116000.0,29562000.0,652100.0,5144700.0,324500.0,2579800.0,17729600.0,0.0,32240000.0,42893500.0,7678400.0,6462900.0,44679200.0,8311300.0,23832700.0,2596200.0,18794000.0,15538800.0,31021900.0,593053000.0,5460100.0,7913400.0,35129000.0,56005300.0,3265800.0,,95484700.0,7459200.0,3742700.0,3876500.0,37739100.0,4492400000.0,0.0,0.0
2021-12-08,40977500.0,6197600.0,17998000.0,629700.0,3246100.0,216300.0,3037500.0,15924400.0,0.0,24270000.0,26598200.0,11126500.0,4611600.0,36546400.0,6216400.0,18026300.0,3453100.0,19937700.0,9236400.0,24761000.0,475551000.0,3891900.0,8329300.0,28425900.0,39204000.0,2973000.0,,72238800.0,5795700.0,1648400.0,3836600.0,34496400.0,4234600000.0,0.0,0.0
2021-12-09,53019900.0,9729600.0,29080000.0,587200.0,4361500.0,273800.0,3200500.0,13551200.0,0.0,23270000.0,24939100.0,9198400.0,6264300.0,34830300.0,8574200.0,13846400.0,2955100.0,16879200.0,5968800.0,22214200.0,488507000.0,3644500.0,8334300.0,30354700.0,49973700.0,3085400.0,,61272600.0,6103900.0,2272600.0,2682200.0,32351700.0,3903840000.0,0.0,0.0
2021-12-10,42224300.0,7390000.0,57087000.0,810200.0,4780700.0,309800.0,6333600.0,13306800.0,0.0,24458000.0,20247200.0,5051500.0,3626900.0,32924600.0,6572200.0,23153600.0,2529600.0,14528000.0,10593600.0,38095700.0,488825000.0,5025700.0,7172300.0,27594500.0,52545800.0,2680500.0,,77159800.0,5973900.0,1405400.0,2852400.0,38575500.0,3870110000.0,0.0,0.0
2021-12-13,42174000.0,10708400.0,26898000.0,565100.0,4070400.0,278800.0,3415200.0,16202400.0,0.0,27070000.0,17125800.0,5706900.0,5657300.0,33478400.0,11142300.0,31362800.0,2878800.0,22948700.0,6393600.0,28899400.0,598344000.0,5411800.0,8944000.0,38376000.0,50166400.0,4394300.0,,87724700.0,5854300.0,1558200.0,3952700.0,54039300.0,4397230000.0,0.0,0.0
2021-12-14,50754600.0,9210800.0,35956000.0,858300.0,3645300.0,317800.0,3494400.0,15366800.0,0.0,38446000.0,20310500.0,4749500.0,5066300.0,36543500.0,10482400.0,24806600.0,3695500.0,20461000.0,7929200.0,44438700.0,667035000.0,4985000.0,8677500.0,38864800.0,75199200.0,3153200.0,,97264100.0,6267300.0,3494300.0,4358100.0,46721400.0,4485430000.0,0.0,0.0
2021-12-15,72425800.0,14980400.0,29092000.0,549600.0,6931200.0,315000.0,2937100.0,17976800.0,0.0,36370000.0,31699000.0,8428000.0,6809000.0,51261000.0,8552200.0,24923800.0,2641800.0,24681300.0,11172800.0,35381100.0,698297000.0,5507800.0,9152600.0,39361900.0,73858000.0,2266200.0,,116899300.0,6700700.0,1504700.0,4531000.0,33489900.0,4910130000.0,0.0,0.0
2021-12-16,63369600.0,15025200.0,42748000.0,432900.0,4492000.0,573600.0,2683000.0,16326800.0,0.0,33650000.0,27374000.0,9085400.0,7132400.0,52743800.0,8998600.0,24696900.0,2347700.0,22635000.0,10875200.0,35034800.0,707366000.0,6909900.0,10852900.0,33950000.0,82591400.0,2764400.0,,116568600.0,9116100.0,1907200.0,3057900.0,39069600.0,4829500000.0,0.0,0.0
2021-12-17,55642100.0,22887600.0,50661000.0,865700.0,5651200.0,449900.0,5752000.0,21852400.0,0.0,50416000.0,27248200.0,7933100.0,11570300.0,62620900.0,16726200.0,51874400.0,5943200.0,40012600.0,23137600.0,47750300.0,713758000.0,10159600.0,24349400.0,44495200.0,80492500.0,12944600.0,,135511600.0,11725600.0,3752600.0,3848300.0,78581100.0,7987090000.0,0.0,0.0
2021-12-20,38195400.0,7094000.0,32770000.0,824500.0,6075000.0,472800.0,2033600.0,13956000.0,0.0,27192000.0,27560400.0,13772100.0,5446000.0,49993000.0,7954500.0,20879500.0,2824500.0,17901800.0,11438000.0,28326500.0,461847000.0,5263600.0,9202600.0,42265900.0,65336800.0,2151600.0,,107134800.0,6980800.0,2400100.0,2604000.0,31017900.0,4635700000.0,0.0,0.0
2021-12-21,57785200.0,10894400.0,36534000.0,759300.0,5342100.0,302100.0,2472800.0,11497600.0,0.0,28756000.0,24390500.0,7672800.0,3845800.0,38545300.0,7954200.0,15864900.0,2851800.0,16116800.0,6183600.0,24740600.0,524385000.0,3401400.0,6946000.0,33878600.0,48899500.0,1445400.0,,69806300.0,6122900.0,1101100.0,3112500.0,24620400.0,4072430000.0,0.0,0.0
2021-12-22,46923700.0,6585600.0,28383000.0,484700.0,3549300.0,386000.0,1454500.0,11457600.0,0.0,26322000.0,17433300.0,5538200.0,3889800.0,32442000.0,4178200.0,12447400.0,1795100.0,16764600.0,4616400.0,24831500.0,395184000.0,4362900.0,6626300.0,33894200.0,37042200.0,1359000.0,,58890200.0,9300100.0,1619100.0,4211000.0,17028000.0,3319610000.0,0.0,0.0
2021-12-23,48653800.0,9278800.0,23596000.0,324700.0,2294500.0,662500.0,1757800.0,10672800.0,0.0,26384000.0,15612100.0,7209700.0,3379900.0,22125400.0,3501500.0,11027300.0,1509800.0,13987700.0,4888800.0,19617800.0,343022000.0,3241700.0,5640900.0,24758300.0,29595500.0,3167000.0,,56439700.0,6512500.0,1208700.0,3279700.0,17592600.0,2913040000.0,0.0,0.0
2021-12-27,53296400.0,8426400.0,19442000.0,380700.0,3546900.0,359100.0,2262900.0,10949200.0,0.0,15976000.0,13396700.0,3471800.0,3519800.0,24196700.0,3704800.0,9860000.0,1485500.0,17795000.0,4068400.0,19947000.0,403686000.0,2868800.0,4548600.0,21782000.0,32820700.0,2290300.0,,56808600.0,6309900.0,1398500.0,2283600.0,16040700.0,2770290000.0,0.0,0.0
2021-12-28,58699100.0,6271600.0,17247000.0,236300.0,3285900.0,173400.0,1155000.0,6074800.0,0.0,18200000.0,17150700.0,8314500.0,3904800.0,23120300.0,3187000.0,8979900.0,1304000.0,16637600.0,4274400.0,15661500.0,420591000.0,2332100.0,5929400.0,20518800.0,33113700.0,2495600.0,,47274600.0,6321000.0,1282300.0,1864300.0,15783000.0,2707920000.0,0.0,0.0
2021-12-29,51300200.0,4598400.0,14797000.0,226700.0,2771300.0,245200.0,1753000.0,7702800.0,0.0,17788000.0,16760300.0,11879900.0,3245800.0,19444400.0,3662000.0,9996000.0,1318500.0,10747000.0,5177200.0,15042000.0,343139000.0,2299500.0,5346100.0,28217500.0,32248500.0,3205700.0,,54503000.0,5847700.0,1106300.0,2895400.0,13045200.0,2963310000.0,0.0,0.0
2021-12-30,44358000.0,5357600.0,11473000.0,215400.0,3474500.0,187800.0,1338700.0,7901200.0,0.0,15688000.0,12326100.0,10296000.0,2498800.0,23607700.0,4231800.0,7703900.0,1714600.0,10593300.0,4453200.0,15994500.0,308864000.0,1988900.0,5911500.0,29285200.0,23850100.0,2217800.0,,55329000.0,4187800.0,2279300.0,7636100.0,14949000.0,3124950000.0,0.0,0.0
2021-12-31,49448100.0,4335200.0,12046000.0,471300.0,2591000.0,225000.0,1509200.0,6872400.0,0.0,18136000.0,11505300.0,7584500.0,2184500.0,23997400.0,4409500.0,10021300.0,1519200.0,12870500.0,4420400.0,18000800.0,266530000.0,2914900.0,5327000.0,23556000.0,34752900.0,1534700.0,,65237400.0,3888200.0,1349500.0,3243500.0,17947800.0,2677820000.0,0.0,0.0
2022-01-03,59396600.0,9186400.0,22591000.0,443500.0,5237700.0,315000.0,2714100.0,21246400.0,0.0,28646000.0,35368400.0,27744600.0,2687900.0,30618800.0,6012200.0,20187300.0,2750600.0,14537900.0,7370000.0,28865100.0,391547000.0,5488900.0,9317300.0,34283600.0,40575900.0,1285800.0,,72668200.0,18592000.0,4275100.0,3925100.0,20706600.0,3831020000.0,0.0,0.0
2022-01-04,80200500.0,8997600.0,21103000.0,849300.0,7177200.0,995900.0,2097500.0,26013600.0,0.0,28400000.0,33609900.0,15911800.0,4880600.0,22013100.0,6748400.0,26141600.0,2506000.0,15998000.0,8363200.0,32674300.0,527154000.0,4717600.0,9253800.0,39643200.0,58027200.0,2199500.0,,71178700.0,25554900.0,2508200.0,4572900.0,33930000.0,4683170000.0,0.0,0.0
2022-01-05,65403200.0,8955200.0,34961000.0,1573200.0,16183100.0,653000.0,2887500.0,20013600.0,0.0,54618000.0,44808500.0,13715700.0,3054000.0,40582100.0,7016100.0,22507300.0,2473000.0,20564500.0,9478000.0,40054300.0,498064000.0,6564600.0,9330200.0,58445900.0,75739800.0,3087400.0,,104538900.0,17891200.0,3887900.0,4037900.0,35418000.0,4887960000.0,0.0,0.0
2022-01-06,64802900.0,5950400.0,28581000.0,760400.0,10257700.0,435300.0,2503100.0,25474400.0,0.0,37348000.0,42823200.0,10957400.0,4682000.0,39105900.0,7301600.0,17902300.0,2908400.0,27962800.0,9938400.0,39646100.0,454186000.0,4288700.0,7556000.0,49737100.0,70814300.0,2914000.0,,86858900.0,16249000.0,2417000.0,5284200.0,21828900.0,4295280000.0,0.0,0.0
2022-01-07,58441100.0,9308400.0,27832000.0,766000.0,6560000.0,372900.0,2323900.0,14127600.0,0.0,29760000.0,34630100.0,13318200.0,3140800.0,31583900.0,6986000.0,12307900.0,2209100.0,14722000.0,7350400.0,32720000.0,409939000.0,4916000.0,6098500.0,37989300.0,72652300.0,2108600.0,,85111600.0,21248100.0,4071600.0,6078300.0,19723500.0,4181510000.0,0.0,0.0
2022-01-10,84671300.0,9632000.0,29793000.0,593400.0,4845500.0,397500.0,4916800.0,28208000.0,0.0,44408000.0,52621800.0,8430700.0,4965600.0,45778100.0,7698400.0,20954300.0,3122400.0,24942400.0,12618800.0,44289500.0,594681000.0,5055900.0,8055000.0,77649400.0,91770500.0,2315100.0,,119362000.0,11857700.0,2855500.0,4341900.0,22731600.0,4511810000.0,0.0,0.0
2022-01-11,77153900.0,4464000.0,19037000.0,339300.0,4774700.0,408800.0,2457300.0,14652400.0,0.0,28730000.0,32513100.0,8086500.0,2954800.0,35209900.0,8341100.0,19369600.0,3206200.0,16226800.0,7484800.0,29386800.0,404089000.0,6452300.0,11957900.0,47442600.0,68295700.0,1692800.0,,74303100.0,12113100.0,2299700.0,6657100.0,21668700.0,4101590000.0,0.0,0.0
2022-01-12,69669600.0,4855200.0,18806000.0,498400.0,8995100.0,366400.0,1729500.0,24011200.0,0.0,26108000.0,24621400.0,7996500.0,2333900.0,35284500.0,8116200.0,15753800.0,3044000.0,14104900.0,7486800.0,34372200.0,383413000.0,5268000.0,7127500.0,39784200.0,54576400.0,3372800.0,,67605400.0,16389200.0,2179300.0,7344300.0,18946800.0,4048220000.0,0.0,0.0
2022-01-13,76618100.0,6226000.0,30048000.0,385300.0,4451700.0,553900.0,2428100.0,30261600.0,0.0,31436000.0,31699700.0,8431100.0,3362300.0,34489600.0,6159400.0,14318000.0,2371300.0,14797100.0,9558000.0,45366000.0,540171000.0,4310300.0,6551000.0,35492200.0,77994000.0,2534500.0,,91173100.0,52020000.0,2507700.0,3709100.0,24252600.0,4251730000.0,0.0,0.0
2022-01-14,71078400.0,7825200.0,25661000.0,633000.0,4929200.0,570600.0,3872500.0,18698800.0,0.0,29662000.0,31046200.0,10595700.0,2596900.0,42020900.0,5847700.0,19729600.0,3460100.0,16868500.0,16058000.0,39846400.0,395832000.0,4474500.0,10708000.0,35624900.0,80121200.0,2485000.0,,95890900.0,28255300.0,1810500.0,2994300.0,26867400.0,4338490000.0,0.0,0.0
2022-01-18,56527400.0,7104800.0,35825000.0,487400.0,5732800.0,431700.0,3801900.0,18930400.0,0.0,34872000.0,46331500.0,11594100.0,2938300.0,49434400.0,7815600.0,21976700.0,3076500.0,22645600.0,12410800.0,42333200.0,424270000.0,5789500.0,10988400.0,49067700.0,75450900.0,2466400.0,,109709100.0,15191400.0,2087100.0,4215900.0,21123900.0,4748700000.0,0.0,0.0
2022-01-19,69831800.0,8817200.0,22692000.0,484300.0,6927300.0,497600.0,2709400.0,17754000.0,0.0,28648000.0,31390200.0,10349700.0,3349000.0,46209100.0,5926500.0,18654700.0,2304700.0,20814700.0,11616400.0,45933900.0,488315000.0,6424500.0,14088300.0,48049100.0,81791500.0,2633400.0,,109357600.0,11155100.0,3156400.0,7263300.0,22674000.0,4465740000.0,0.0,0.0
2022-01-20,91157300.0,7412000.0,25225000.0,393900.0,4580400.0,440200.0,2893700.0,12689200.0,0.0,29908000.0,38217700.0,8297300.0,3009500.0,50466000.0,6011300.0,23002400.0,2602200.0,16925000.0,7876400.0,35380700.0,435181000.0,6284200.0,10799100.0,44690400.0,88610700.0,2009000.0,,122379700.0,11421900.0,1784000.0,5162700.0,22387200.0,4640870000.0,0.0,0.0
2022-01-21,95685300.0,10247200.0,38010000.0,632200.0,8736000.0,583600.0,3295600.0,25272400.0,0.0,55652000.0,57098000.0,13250000.0,3816900.0,85821000.0,10550300.0,26643200.0,3738100.0,28710700.0,12321200.0,57984400.0,718958000.0,6753200.0,10900400.0,73031300.0,143388900.0,3210000.0,,202271200.0,15573700.0,2037800.0,4244400.0,27508200.0,5589100000.0,0.0,0.0
2022-01-24,116210100.0,18511200.0,54256000.0,848000.0,9075800.0,691600.0,4412600.0,35025200.0,0.0,76622000.0,79230800.0,22377400.0,6162600.0,85782000.0,14054600.0,30185100.0,5153100.0,38878100.0,13711600.0,85731500.0,913982000.0,9263900.0,14838100.0,110518900.0,198685800.0,5387900.0,,251783900.0,17083400.0,2565900.0,6039800.0,28699200.0,6928110000.0,0.0,0.0
2022-01-25,85102900.0,8747200.0,38158000.0,1096000.0,7701200.0,790800.0,3076800.0,21112000.0,0.0,46960000.0,43642700.0,13534000.0,2847700.0,61088500.0,14081200.0,19027100.0,3908600.0,25108500.0,11171600.0,72848600.0,664616000.0,6536900.0,9369600.0,47456600.0,124398400.0,2515900.0,,167997300.0,11370500.0,1641500.0,5173300.0,29479500.0,5145050000.0,0.0,0.0
2022-01-26,94752600.0,8144400.0,49715000.0,487500.0,6453500.0,554100.0,3074900.0,20196000.0,0.0,49130000.0,63574900.0,12694700.0,4183400.0,71471700.0,9963200.0,19190200.0,3839000.0,28348800.0,10154800.0,90428900.0,755959000.0,6841800.0,10707100.0,69949700.0,146559500.0,2850900.0,,186391100.0,13592100.0,2274300.0,5850500.0,26185500.0,5570640000.0,0.0,0.0
2022-01-27,125954100.0,9303600.0,34183000.0,825100.0,7587100.0,1034100.0,2372300.0,15563600.0,0.0,31950000.0,47351000.0,11609400.0,4061400.0,59829000.0,9066700.0,18893800.0,5199000.0,21629900.0,9498000.0,53481300.0,573353000.0,6543500.0,9083000.0,52622900.0,95255700.0,5493300.0,,149878300.0,18599800.0,3074100.0,4854900.0,27759000.0,5214200000.0,0.0,0.0
2022-01-28,98749500.0,8095200.0,30254000.0,551000.0,7209100.0,713100.0,1918500.0,18070400.0,0.0,34362000.0,51496700.0,6713500.0,3457400.0,65870000.0,9783100.0,19101500.0,3833200.0,21871600.0,10424800.0,49743700.0,543774000.0,5796000.0,9494200.0,54887500.0,108167900.0,4508200.0,,164457400.0,14005900.0,2054600.0,4707900.0,25131900.0,5031090000.0,0.0,0.0
2022-01-31,97206000.0,6705600.0,40288000.0,495400.0,5667500.0,1010500.0,2480700.0,19759200.0,0.0,39986000.0,78932100.0,8258600.0,3802500.0,53393800.0,8054800.0,22045300.0,3174200.0,21579500.0,9159200.0,46444500.0,564680000.0,5908000.0,8950100.0,51039300.0,94326400.0,2799100.0,,152251400.0,10189100.0,2576800.0,6126000.0,20193600.0,5098610000.0,0.0,0.0
2022-02-01,122467900.0,6891600.0,25719000.0,419700.0,6725100.0,1391600.0,2347200.0,12028000.0,0.0,68644000.0,42377300.0,16338700.0,2885100.0,43429400.0,8154700.0,20841700.0,2496500.0,18023800.0,13928400.0,40950400.0,518925000.0,5952700.0,6284100.0,69012900.0,74433000.0,2765300.0,,123155400.0,6956300.0,2720900.0,4526700.0,20323200.0,4816830000.0,0.0,0.0
2022-02-02,180065000.0,8327200.0,24443000.0,327300.0,5932900.0,1176900.0,2547600.0,14101600.0,0.0,123200000.0,29261500.0,5997100.0,3767200.0,42777800.0,7382800.0,20225600.0,2371500.0,58458300.0,8352800.0,36636000.0,543419000.0,5767000.0,7558800.0,47204300.0,78777100.0,1825000.0,,117361000.0,8562900.0,2412600.0,6964000.0,18149700.0,4481580000.0,0.0,0.0
2022-02-03,103599500.0,6383600.0,30602000.0,363600.0,4029300.0,891200.0,2665100.0,12871600.0,0.0,71518000.0,44760800.0,8032600.0,2914000.0,39629400.0,6240400.0,19440500.0,2242200.0,188119900.0,13724400.0,43730000.0,410178000.0,4632700.0,10474500.0,47236900.0,95384800.0,1496000.0,,118024400.0,9926800.0,4568800.0,3931200.0,20741100.0,4401970000.0,0.0,0.0
2022-02-04,86212000.0,6838000.0,20548000.0,303700.0,4250700.0,900200.0,2387400.0,8322400.0,0.0,57998000.0,65508300.0,8616400.0,4387100.0,34291100.0,6392200.0,17403700.0,1989700.0,89342200.0,12339600.0,35096500.0,354829000.0,4592400.0,8959900.0,38989200.0,86318300.0,1426000.0,,118454400.0,5743200.0,2645400.0,5344000.0,22036500.0,4706290000.0,0.0,0.0
2022-02-07,81672500.0,4325600.0,18671000.0,431700.0,3580800.0,1192300.0,1863600.0,7954400.0,0.0,54974000.0,37620700.0,10294700.0,2845200.0,33242600.0,6065700.0,17846400.0,1959300.0,88613800.0,6144000.0,28533300.0,376868000.0,4813300.0,6430500.0,45646100.0,58198100.0,1682900.0,,84472900.0,6562900.0,3592600.0,4638900.0,20010300.0,4228480000.0,0.0,0.0
2022-02-08,84902800.0,5349200.0,14570000.0,317000.0,5034800.0,1541400.0,1462000.0,15286400.0,0.0,54284000.0,39549000.0,8111500.0,2744500.0,28341900.0,6296100.0,18771700.0,2920000.0,94729700.0,10278800.0,32421200.0,410359000.0,3957700.0,5048700.0,30317100.0,64720900.0,1782300.0,,81012000.0,7036200.0,3952700.0,4337800.0,19458900.0,4459620000.0,0.0,0.0
2022-02-09,92948900.0,8606800.0,22004000.0,286200.0,12556600.0,1080800.0,2256700.0,10286000.0,0.0,40144000.0,37641800.0,10113400.0,2659000.0,27329300.0,5387500.0,23595600.0,2379300.0,86563300.0,8712400.0,31284700.0,524282000.0,6780200.0,8077400.0,34451900.0,55766400.0,2471200.0,,92589900.0,10979700.0,1580100.0,4984600.0,21473700.0,4524350000.0,0.0,0.0
2022-02-10,108939900.0,8265600.0,24920000.0,535400.0,11233400.0,934900.0,2558900.0,13861200.0,0.0,39330000.0,57751400.0,16633900.0,5497100.0,44788100.0,10355300.0,23561500.0,3246600.0,49310400.0,12715200.0,45386200.0,513200000.0,7899800.0,7033000.0,41998200.0,112468500.0,2823900.0,,140103700.0,10474900.0,1350100.0,5460200.0,27810600.0,5314860000.0,0.0,0.0
2022-02-11,164723200.0,9787200.0,27281000.0,412200.0,5562300.0,779300.0,2349700.0,13074800.0,0.0,39958000.0,58997100.0,18315600.0,7508400.0,41516600.0,13125300.0,22781400.0,3592700.0,46156900.0,8466800.0,39175600.0,605472000.0,7299600.0,9341400.0,41831600.0,101569100.0,2432400.0,,153214600.0,9845700.0,1771800.0,4527200.0,23733300.0,5251500000.0,0.0,0.0
2022-02-14,135146400.0,16792400.0,19291000.0,341400.0,4179500.0,557600.0,1749600.0,10595600.0,0.0,34302000.0,36550200.0,11090000.0,4931400.0,32262700.0,8967600.0,23641300.0,2825800.0,38184000.0,11744000.0,36359500.0,440424000.0,6822500.0,9472200.0,40617900.0,80254400.0,1685800.0,,123006300.0,8081800.0,1553600.0,4181000.0,29363400.0,4600390000.0,0.0,0.0
2022-02-15,143975900.0,26996400.0,34284000.0,237700.0,3794400.0,642000.0,1984600.0,9884000.0,0.0,26680000.0,32724800.0,8490500.0,4535100.0,25847500.0,6631400.0,13408700.0,2171500.0,42685500.0,15679600.0,27058300.0,699869000.0,4943800.0,6659200.0,48523700.0,55128800.0,1682200.0,,88482700.0,9248700.0,1348500.0,2605400.0,21824400.0,4430830000.0,0.0,0.0
2022-02-16,119109600.0,11399600.0,22931000.0,161600.0,4049000.0,809600.0,1770800.0,11019600.0,0.0,25022000.0,38996000.0,9007700.0,2547500.0,30104800.0,8482400.0,15484700.0,2941800.0,45817500.0,10661200.0,29982100.0,732676000.0,4161700.0,9315700.0,58624400.0,58947100.0,1969500.0,,84863600.0,5749500.0,1166700.0,2270800.0,28490700.0,4283640000.0,0.0,0.0
2022-02-17,98179600.0,8053200.0,21424000.0,302800.0,3811500.0,606800.0,2022800.0,14577600.0,0.0,38950000.0,30755200.0,8749500.0,3007700.0,27140200.0,6227600.0,21468700.0,2831900.0,38747500.0,9392000.0,32461600.0,810595000.0,5156800.0,7925500.0,151385400.0,61801400.0,2320700.0,,102259100.0,7976700.0,1210500.0,2465600.0,53831400.0,4539420000.0,0.0,0.0
2022-02-18,114321200.0,9002400.0,19708000.0,331800.0,3938300.0,553600.0,2154700.0,13380400.0,0.0,45620000.0,43848800.0,8486800.0,3160100.0,36255400.0,6423200.0,21975000.0,2813500.0,37128400.0,21182000.0,34264000.0,761255000.0,5181600.0,8063200.0,137808100.0,80001500.0,2417900.0,,132642900.0,8389000.0,1685300.0,2877300.0,31103400.0,4708060000.0,0.0,0.0
2022-02-22,141648500.0,8068000.0,20204000.0,365700.0,3949300.0,734700.0,2451800.0,13124800.0,0.0,44990000.0,37004300.0,8392500.0,2664300.0,31847100.0,6868900.0,21731400.0,3980500.0,39852400.0,18291200.0,41736100.0,633422000.0,7733900.0,8179500.0,104501500.0,85967100.0,2709400.0,,124391800.0,9793500.0,2898600.0,3681900.0,25380900.0,5121900000.0,0.0,0.0
2022-02-23,120299400.0,8970400.0,22416000.0,393400.0,4555200.0,622800.0,2021400.0,14637600.0,0.0,32786000.0,36545400.0,7941800.0,2404000.0,31491500.0,8016900.0,19248500.0,3497200.0,44481400.0,12816000.0,37811200.0,566511000.0,5812800.0,6273000.0,93964500.0,86215400.0,3021300.0,,132578000.0,8114700.0,44348900.0,4535200.0,21030900.0,4797430000.0,0.0,0.0
2022-02-24,142956600.0,11578400.0,35316000.0,582300.0,14929000.0,694900.0,2859800.0,38298800.0,0.0,54456000.0,56132500.0,19162100.0,3690500.0,52221100.0,12883400.0,27207400.0,4856000.0,49957200.0,18889200.0,56989700.0,735801000.0,8888800.0,13145100.0,118793000.0,130614100.0,4007900.0,,213942900.0,27539100.0,17918800.0,5802200.0,31717500.0,6752130000.0,0.0,0.0
2022-02-25,127821000.0,8560000.0,22380000.0,661500.0,8473000.0,522000.0,2003000.0,21910800.0,0.0,36406000.0,44118800.0,8101900.0,2505300.0,33656200.0,11340400.0,21487800.0,4549700.0,37627600.0,23344400.0,32546700.0,528866000.0,6535600.0,8888800.0,75433700.0,78842100.0,3599300.0,,121804500.0,14258900.0,17192100.0,3879000.0,24997800.0,5177060000.0,0.0,0.0
2022-02-28,124666100.0,7883600.0,25005000.0,656000.0,14298100.0,460100.0,2408900.0,33342800.0,0.0,38864000.0,54006400.0,12291800.0,2709400.0,34975900.0,9373500.0,25879100.0,4410400.0,34239800.0,16318000.0,34627500.0,477319000.0,7677000.0,8669200.0,75390500.0,77515500.0,5433300.0,,145615000.0,26390800.0,7558800.0,6381500.0,26286600.0,6071370000.0,0.0,0.0
2022-03-01,126552200.0,7748400.0,24898000.0,524900.0,9652800.0,475600.0,2316000.0,27459200.0,0.0,26496000.0,43268500.0,28285600.0,2457900.0,40638900.0,8737800.0,15871100.0,3910700.0,27094900.0,10764400.0,31217800.0,412056000.0,5107900.0,8311900.0,64867200.0,67407000.0,5480000.0,370100.0,137785900.0,20377900.0,7668200.0,6823000.0,24024900.0,5846230000.0,0.0,0.0
2022-03-02,118354500.0,6338800.0,21771000.0,374400.0,7822700.0,506300.0,2571500.0,17182800.0,0.0,23520000.0,41489200.0,12303800.0,2193600.0,29978600.0,6793300.0,17319100.0,4482000.0,29452100.0,6836800.0,31873000.0,389642000.0,5452100.0,6111300.0,56698300.0,70609000.0,3918900.0,407500.0,117726500.0,13342400.0,7589400.0,4145000.0,23863800.0,5337870000.0,0.0,0.0
2022-03-03,123916700.0,6632400.0,26454000.0,305900.0,6446400.0,486000.0,3851800.0,20631200.0,0.0,24604000.0,23594200.0,12247400.0,2759600.0,30142700.0,7333700.0,21262800.0,4707400.0,27263500.0,15247200.0,27314500.0,365095000.0,5352200.0,7451200.0,46172000.0,71089400.0,8379900.0,434200.0,105501700.0,10841700.0,6230000.0,4018900.0,29885100.0,5039890000.0,0.0,0.0
2022-03-04,100609400.0,6258000.0,44757000.0,340200.0,12566400.0,473900.0,4417900.0,18886800.0,0.0,30430000.0,32141100.0,20102300.0,3533400.0,31610400.0,6302500.0,17163000.0,4184100.0,32130900.0,15372400.0,32356500.0,431415000.0,6340300.0,8639100.0,43502200.0,76936300.0,3406000.0,184000.0,113978200.0,22372100.0,8436600.0,5107400.0,35576400.0,5797380000.0,0.0,0.0
2022-03-07,92600000.0,11110400.0,26494000.0,688600.0,11014300.0,792200.0,3896900.0,20489600.0,0.0,45112000.0,43675900.0,13633200.0,3152300.0,39279800.0,11663400.0,29151400.0,5425000.0,38560600.0,21898000.0,43157200.0,450821000.0,6319500.0,8374500.0,63070600.0,89933800.0,7589600.0,219100.0,137896600.0,29422900.0,10042700.0,5599800.0,45870000.0,6940470000.0,0.0,0.0
2022-03-08,135348300.0,7235600.0,26993000.0,331900.0,16491100.0,1020200.0,3649700.0,26687200.0,0.0,40428000.0,57474500.0,10819400.0,2954000.0,45715800.0,11100300.0,30242100.0,5258800.0,37508100.0,17706800.0,48159500.0,557467000.0,6163700.0,9517200.0,49279600.0,116153900.0,6612200.0,82000.0,164772700.0,25650000.0,6391600.0,6063800.0,28305600.0,7243120000.0,0.0,0.0
2022-03-09,102310300.0,7629600.0,22560000.0,256800.0,19595900.0,423600.0,2789700.0,37148800.0,0.0,37026000.0,31143000.0,7932300.0,2301600.0,29048000.0,7248200.0,23022700.0,5630500.0,31894700.0,14150000.0,35204500.0,492742000.0,5764900.0,7044100.0,43591400.0,64723400.0,6396400.0,237600.0,116990800.0,14348400.0,7174900.0,4542500.0,22122900.0,5662670000.0,0.0,0.0
2022-03-10,102557400.0,6480000.0,19323000.0,298000.0,15200500.0,533100.0,1777700.0,96541600.0,0.0,27102000.0,46408900.0,11100100.0,1848400.0,25661000.0,6171400.0,20887300.0,5444900.0,24853000.0,11034400.0,30628000.0,428066000.0,6103700.0,9221000.0,52295400.0,69362700.0,4210300.0,1790200.0,93972700.0,11811000.0,6141800.0,3534200.0,27512700.0,4980830000.0,0.0,0.0
2022-03-11,87584400.0,5749600.0,19813000.0,274400.0,9962900.0,502400.0,1735100.0,31932400.0,0.0,31526000.0,40097000.0,5567600.0,1498100.0,24990000.0,5188000.0,19855600.0,6126300.0,34694500.0,6750000.0,27209300.0,367209000.0,4762600.0,7086100.0,37817400.0,66228400.0,4539600.0,1265400.0,95636300.0,18116400.0,6518900.0,3280300.0,19162200.0,4938640000.0,0.0,0.0
2022-03-14,89731700.0,7019200.0,25234000.0,389400.0,13226900.0,412700.0,1950000.0,23422000.0,0.0,38812000.0,61536700.0,8622500.0,2160800.0,34969500.0,7729500.0,17799400.0,4436100.0,31010500.0,7863600.0,30660700.0,385354000.0,6075600.0,7964600.0,49762600.0,79802600.0,7406300.0,504900.0,95729200.0,17959400.0,5718300.0,3805000.0,22646400.0,5574920000.0,0.0,0.0
2022-03-15,112425500.0,7037200.0,28260000.0,318100.0,12788700.0,391200.0,2547900.0,20344000.0,0.0,30920000.0,57385300.0,9294400.0,1845100.0,25464300.0,10554400.0,18607200.0,5087400.0,31721700.0,7982400.0,34245100.0,491996000.0,6203400.0,9868400.0,40451200.0,76471000.0,8386400.0,310200.0,106219100.0,13415600.0,5581900.0,3216300.0,22872600.0,5392470000.0,0.0,0.0
2022-03-16,113689800.0,6054400.0,29454000.0,350900.0,10110300.0,955500.0,3017200.0,30955600.0,0.0,35576000.0,66254800.0,12847300.0,2280300.0,31869700.0,9603300.0,17347300.0,4173200.0,40640300.0,12044000.0,37826300.0,671422000.0,6299000.0,6908900.0,62746600.0,105243000.0,11240000.0,322800.0,144954800.0,20347100.0,5783100.0,3992800.0,24615900.0,6309750000.0,0.0,0.0
2022-03-17,103201700.0,9699600.0,18174000.0,330300.0,15530400.0,973500.0,1974200.0,26094000.0,0.0,28264000.0,48573700.0,7215900.0,2409500.0,25783100.0,7472100.0,15586200.0,3752800.0,29499700.0,9377200.0,30816600.0,471941000.0,3587600.0,6003800.0,43948900.0,67810000.0,14658300.0,814800.0,102676900.0,8042000.0,5278000.0,3411400.0,19023000.0,4985090000.0,0.0,0.0
2022-03-18,105834800.0,19216000.0,41538000.0,1037300.0,9703600.0,970700.0,3597800.0,26416400.0,0.0,44566000.0,59780500.0,7509200.0,2877800.0,37092200.0,13809500.0,30197800.0,5336500.0,52128000.0,19112000.0,43390600.0,730719000.0,12123000.0,15570300.0,59125500.0,85446300.0,21492100.0,244000.0,106345500.0,10218200.0,4513500.0,4951500.0,31233300.0,8278430000.0,0.0,0.0
2022-03-21,101905900.0,6361600.0,25789000.0,287100.0,17911400.0,661700.0,3136900.0,25228400.0,0.0,26832000.0,62364300.0,11003600.0,3419500.0,26747500.0,7574900.0,17440100.0,3704000.0,30142300.0,9371200.0,28351200.0,591727000.0,5122600.0,6937500.0,39410900.0,73799100.0,8039000.0,261400.0,88349800.0,10366100.0,6229400.0,3329900.0,21350700.0,4869820000.0,0.0,0.0
2022-03-22,101672600.0,8939200.0,19262000.0,302300.0,8701700.0,347700.0,1777500.0,25567600.0,0.0,35496000.0,40148600.0,7710300.0,2224000.0,24699900.0,8442100.0,17559500.0,2938100.0,31998800.0,14169200.0,27599700.0,547007000.0,5779200.0,7292100.0,46210700.0,63345900.0,7025600.0,645400.0,74650400.0,10401200.0,7609900.0,2959100.0,20235000.0,4754840000.0,0.0,0.0
2022-03-23,90579200.0,8141600.0,13839000.0,360200.0,8768600.0,345800.0,1546800.0,18499600.0,0.0,25154000.0,36294900.0,11222700.0,2126600.0,19775000.0,5254200.0,15529200.0,2200500.0,23717300.0,10246800.0,25715400.0,502120000.0,4533700.0,5531900.0,33699400.0,70615500.0,3580100.0,267500.0,79426100.0,12905300.0,5698400.0,2566800.0,19625400.0,4550670000.0,0.0,0.0
2022-03-24,121961300.0,9593600.0,26016000.0,310500.0,6106800.0,698700.0,1614200.0,12221200.0,0.0,26396000.0,18435800.0,11112300.0,2040800.0,19781200.0,5012300.0,13151300.0,2337500.0,31502300.0,8886000.0,24484500.0,877379000.0,3160300.0,4203100.0,29535300.0,53555300.0,2505900.0,174100.0,64736900.0,10834000.0,4380100.0,3094400.0,13440900.0,4131390000.0,0.0,0.0
2022-03-25,95852400.0,6451600.0,14538000.0,294700.0,5630700.0,633200.0,1974900.0,11226800.0,0.0,24126000.0,36497500.0,9055600.0,2366000.0,19430400.0,4809500.0,12259800.0,2134800.0,40039000.0,6826400.0,22566500.0,579016000.0,4146800.0,5047700.0,24796900.0,57584200.0,6274300.0,395400.0,77101300.0,7432100.0,4676100.0,3268900.0,14085300.0,4305020000.0,0.0,0.0
2022-03-28,92966100.0,4076800.0,14427000.0,309000.0,6048700.0,436800.0,2056100.0,10764800.0,0.0,35050000.0,26886100.0,12858500.0,2445600.0,18999100.0,5604200.0,11485200.0,2041800.0,26224100.0,6643200.0,29578200.0,425494000.0,4308000.0,4234000.0,27152000.0,56833900.0,5616000.0,328800.0,68529800.0,8151200.0,4792600.0,3570700.0,20105700.0,4312260000.0,0.0,0.0
2022-03-29,94143000.0,5483200.0,23001000.0,466900.0,7337300.0,862900.0,2005400.0,17199600.0,0.0,34318000.0,49781100.0,7539900.0,10204400.0,29550600.0,5933400.0,14720600.0,2657400.0,31417900.0,10276800.0,30393400.0,488984000.0,4440400.0,5643400.0,46433700.0,68073000.0,4002400.0,303700.0,86581500.0,14076200.0,5330700.0,4380200.0,19934400.0,5085910000.0,0.0,0.0
2022-03-30,99476900.0,6964000.0,18626000.0,443000.0,6734400.0,447000.0,2086500.0,18206400.0,0.0,19884000.0,43905200.0,6430100.0,6765300.0,26251500.0,6277600.0,13641000.0,2227300.0,25588000.0,7790800.0,28163600.0,463487000.0,3871500.0,5779300.0,32164000.0,68757700.0,3287000.0,925600.0,79666900.0,15456300.0,4587900.0,4118500.0,24991500.0,4385570000.0,0.0,0.0
2022-03-31,147004800.0,6721600.0,21731000.0,491800.0,13149200.0,653000.0,3439800.0,16580800.0,0.0,37524000.0,40717600.0,9147200.0,4205300.0,26771600.0,11490400.0,16822900.0,3803400.0,24192300.0,10737200.0,33422100.0,523440000.0,6076200.0,7538600.0,22840000.0,67011400.0,2731000.0,1199800.0,121699900.0,13021600.0,5565200.0,4651100.0,27163800.0,4823020000.0,0.0,0.0
2022-04-01,111867100.0,4997200.0,16267000.0,689400.0,7555800.0,739900.0,1933500.0,15636800.0,0.0,25942000.0,31316100.0,10237000.0,2982500.0,25948500.0,6525600.0,12644900.0,2023000.0,19544800.0,9100400.0,27110500.0,517235000.0,3239600.0,5742600.0,23831600.0,54527800.0,2601300.0,1565000.0,89048800.0,12085100.0,6237100.0,4560100.0,20939700.0,4562940000.0,0.0,0.0
2022-04-04,90123900.0,6330000.0,16484000.0,517300.0,4972100.0,787600.0,2201800.0,12022000.0,0.0,25942000.0,32710900.0,7372100.0,3026600.0,20333900.0,6860600.0,11505800.0,2500700.0,28054800.0,8508400.0,24289600.0,397120000.0,3759900.0,5992000.0,40066800.0,45950200.0,3841100.0,702500.0,59601000.0,9077200.0,3067100.0,3590300.0,25332600.0,4547350000.0,0.0,0.0
2022-04-05,79532000.0,6911600.0,19778000.0,469000.0,8087100.0,817700.0,1826800.0,14261200.0,0.0,21418000.0,51886400.0,9675600.0,3675200.0,26509800.0,7446100.0,15721200.0,2532500.0,29727200.0,7997600.0,23156700.0,436615000.0,4480700.0,7653000.0,37677300.0,62738700.0,3379300.0,466200.0,74214500.0,12291000.0,4378600.0,6805200.0,18657900.0,4800620000.0,0.0,0.0
2022-04-06,105256600.0,12996400.0,23742000.0,340700.0,6884100.0,616000.0,2646200.0,17562000.0,0.0,32468000.0,67118000.0,9054400.0,3262800.0,34903900.0,10330900.0,19267400.0,2886000.0,28995100.0,9859200.0,40110400.0,703833000.0,4294800.0,8884700.0,40647700.0,90077100.0,4171600.0,476900.0,106898000.0,14902600.0,2471000.0,5816200.0,28018500.0,4986830000.0,0.0,0.0
2022-04-07,91895500.0,6186000.0,16583000.0,286700.0,15929400.0,506800.0,4804200.0,14176400.0,0.0,26234000.0,42831400.0,5518900.0,1941600.0,29291200.0,7385200.0,13960800.0,4041800.0,21037200.0,10494800.0,31411200.0,557992000.0,5041600.0,6889700.0,34727400.0,63777400.0,4508000.0,488800.0,78097200.0,12431000.0,3169500.0,6428100.0,27088200.0,4821490000.0,0.0,0.0
2022-04-08,92746700.0,4657200.0,20464000.0,284100.0,7177300.0,491000.0,3230200.0,26921600.0,0.0,25142000.0,42177200.0,8091800.0,1376400.0,25249600.0,7144500.0,12703500.0,2551000.0,18375700.0,13981200.0,24361900.0,524781000.0,3883100.0,6045400.0,24962500.0,61956100.0,2954800.0,3362400.0,79272700.0,11796200.0,3341000.0,6982700.0,23294400.0,4083200000.0,0.0,0.0
2022-04-11,95527700.0,5548400.0,23512000.0,384900.0,8361000.0,505000.0,2792700.0,12635600.0,0.0,36884000.0,42293400.0,7356400.0,6097900.0,33702300.0,5932000.0,12720100.0,2326700.0,20516600.0,11383200.0,34569300.0,575207000.0,3825100.0,6158400.0,26095800.0,66107400.0,2441600.0,1692000.0,89770500.0,12480500.0,3885500.0,5151600.0,24712800.0,4266290000.0,0.0,0.0
2022-04-12,89246400.0,6405600.0,17350000.0,385300.0,8400900.0,278200.0,2142000.0,34805600.0,0.0,32710000.0,38031000.0,12211000.0,3298000.0,33699800.0,5957500.0,18089900.0,2724900.0,20128800.0,11946400.0,30966700.0,662258000.0,3924300.0,7221500.0,26226500.0,72790200.0,3420800.0,1782500.0,84363600.0,13291500.0,4140800.0,5277000.0,26761200.0,4152090000.0,0.0,0.0
2022-04-13,77728400.0,4532000.0,20266000.0,454800.0,10098400.0,403400.0,2211800.0,32478800.0,0.0,27928000.0,31635500.0,6346100.0,3345000.0,22303600.0,5643100.0,11883000.0,2133800.0,19231800.0,11913600.0,21907200.0,516943000.0,4394000.0,5247700.0,21152900.0,61367800.0,2916600.0,2510200.0,74070400.0,15776800.0,2575000.0,5349300.0,29284500.0,3828150000.0,0.0,0.0
2022-04-14,73354400.0,6296400.0,27385000.0,285500.0,5949600.0,285900.0,2206200.0,17425600.0,0.0,31598000.0,45130400.0,6158700.0,3465000.0,27107000.0,6188200.0,16388400.0,2105900.0,18379500.0,25119200.0,28221600.0,569097000.0,4834300.0,7806500.0,23284100.0,73519400.0,2262600.0,1275900.0,97869500.0,17828500.0,3012600.0,4708900.0,22360500.0,4083090000.0,0.0,0.0
2022-04-18,80605800.0,5640800.0,21375000.0,312600.0,6193800.0,247800.0,2161900.0,14405200.0,0.0,20808000.0,20864100.0,4591500.0,4208900.0,22246400.0,6318700.0,11679400.0,1426600.0,16580800.0,8842000.0,20778000.0,525701000.0,3086000.0,6034500.0,25395600.0,58560600.0,2206900.0,1240800.0,66002500.0,10277400.0,3221700.0,5308600.0,14671800.0,3910490000.0,0.0,0.0
2022-04-19,77069500.0,5211200.0,16581000.0,379400.0,5050600.0,543800.0,2327800.0,10841600.0,0.0,26490000.0,29920800.0,7004900.0,3792700.0,22786700.0,14380800.0,11993800.0,2324500.0,20089900.0,7568400.0,22297700.0,512781000.0,3642000.0,7897000.0,31753900.0,56515700.0,2797700.0,1824400.0,77821000.0,10103000.0,4146700.0,5429700.0,15855000.0,4108120000.0,0.0,0.0
2022-04-20,62489000.0,8182800.0,13920000.0,487500.0,7778100.0,611600.0,1793300.0,13689600.0,0.0,31696000.0,25769700.0,7479300.0,17009100.0,20516200.0,8044900.0,14827100.0,2278700.0,43036500.0,8410400.0,22906700.0,468974000.0,4197600.0,10196100.0,31528600.0,65500000.0,3314300.0,856500.0,65224400.0,8596900.0,4125400.0,8990300.0,19821600.0,4290450000.0,0.0,0.0
2022-04-21,76680600.0,8438800.0,20352000.0,404700.0,11792700.0,317300.0,2027900.0,12722800.0,0.0,36446000.0,38695100.0,9137500.0,5955300.0,31547700.0,6969200.0,15120400.0,2476900.0,49954100.0,17076400.0,29454600.0,656209000.0,3701300.0,9365700.0,32009000.0,75801000.0,4182600.0,2914000.0,85417300.0,13038500.0,3047800.0,7014700.0,18168300.0,4636890000.0,0.0,0.0
2022-04-22,75017700.0,8434400.0,21064000.0,406800.0,9149500.0,765100.0,2878200.0,11267200.0,0.0,56884000.0,28243000.0,5451600.0,6286900.0,35686900.0,8003600.0,14902200.0,2643600.0,36426800.0,15947600.0,29405800.0,624713000.0,5864000.0,9394600.0,30386100.0,82562100.0,3065200.0,1529200.0,132471800.0,11650100.0,3708400.0,3623000.0,21046200.0,4651940000.0,0.0,0.0
2022-04-25,93481000.0,7032000.0,26959000.0,338100.0,9818700.0,891000.0,3154500.0,12071200.0,0.0,46128000.0,35914500.0,8617400.0,5347900.0,35556500.0,11176500.0,25082000.0,2523000.0,29281100.0,14010400.0,35678900.0,641566000.0,7369900.0,6986800.0,31727600.0,101755900.0,3307000.0,1509100.0,119647700.0,10654400.0,5055500.0,5130700.0,18057600.0,5240040000.0,0.0,0.0
2022-04-26,89127400.0,7280400.0,35809000.0,338700.0,8111300.0,408500.0,2057400.0,13348000.0,0.0,73054000.0,31171600.0,9575400.0,7300000.0,40513600.0,10190000.0,21982600.0,2948500.0,31747400.0,16802400.0,46518400.0,653143000.0,7386600.0,7769500.0,38666500.0,105819600.0,2727100.0,1067900.0,103996300.0,14176000.0,4863400.0,4039600.0,19601100.0,4689970000.0,0.0,0.0
2022-04-27,83125100.0,8140800.0,19313000.0,294700.0,6520600.0,455300.0,2261600.0,10423600.0,0.0,91820000.0,37598600.0,7908900.0,4767800.0,37808000.0,11090100.0,16971000.0,2706500.0,71062900.0,14757200.0,63477700.0,499460000.0,5180300.0,6754900.0,54508500.0,111204200.0,2522100.0,595200.0,122030000.0,15846300.0,6304400.0,3608800.0,17496900.0,4769680000.0,0.0,0.0
2022-04-28,91495400.0,8382400.0,22334000.0,637300.0,6969300.0,1278200.0,2118700.0,10404800.0,0.0,48884000.0,30808800.0,6943500.0,5371700.0,37405200.0,9403900.0,22010600.0,3547400.0,100890600.0,10667600.0,33646600.0,570327000.0,5235800.0,9306800.0,40074500.0,99450000.0,3462300.0,897300.0,105449100.0,15176200.0,4641000.0,5008500.0,14955900.0,4854180000.0,0.0,0.0
2022-04-29,82647700.0,7794000.0,26108000.0,238900.0,6636200.0,892900.0,2968000.0,11754800.0,0.0,42676000.0,35697100.0,10012500.0,4226200.0,41193400.0,8463100.0,20137100.0,3388000.0,49193400.0,13291600.0,37073900.0,500435000.0,6505600.0,10637000.0,30937500.0,91977900.0,2410100.0,830100.0,145491100.0,10629300.0,3632000.0,5342300.0,21088800.0,5084030000.0,0.0,0.0
2022-05-02,98304100.0,11936800.0,26725000.0,292600.0,6287600.0,1149100.0,3303400.0,9114400.0,0.0,35534000.0,38674400.0,11327000.0,6120200.0,38002100.0,7145400.0,24970300.0,3418700.0,49915300.0,13938400.0,35151100.0,572049000.0,7692100.0,10351600.0,41193800.0,115511800.0,2591300.0,674900.0,158312500.0,8251900.0,3397600.0,4692400.0,20016000.0,5163790000.0,0.0,0.0
2022-05-03,126381800.0,12529200.0,17064000.0,225700.0,6326100.0,456100.0,2398000.0,13354400.0,0.0,24968000.0,42665700.0,8129100.0,17096000.0,30246300.0,5898700.0,21686300.0,2562000.0,41556300.0,11220400.0,25978600.0,475751000.0,5564900.0,10344000.0,31372700.0,78185500.0,3598900.0,888300.0,100028200.0,9511900.0,1929800.0,4094100.0,17950500.0,4582050000.0,0.0,0.0
2022-05-04,225394100.0,8849200.0,23896000.0,359600.0,7458600.0,472700.0,2465200.0,24749200.0,0.0,49916000.0,55154900.0,11934700.0,13141900.0,38834700.0,5923000.0,19780200.0,3289300.0,41375900.0,14080400.0,33599300.0,648855000.0,6231500.0,7771000.0,43239900.0,116083400.0,4388900.0,1075500.0,144247900.0,9082500.0,2342300.0,5214600.0,20022600.0,5136360000.0,0.0,0.0
2022-05-05,153129800.0,11959600.0,32806000.0,922900.0,14922500.0,599000.0,3977000.0,19947600.0,0.0,45840000.0,53807900.0,11675700.0,8710900.0,41468700.0,7089200.0,20155200.0,2925900.0,41129200.0,15698800.0,43260400.0,626331000.0,6534300.0,8217100.0,40523600.0,154607400.0,2694800.0,681500.0,172929100.0,11517200.0,3199200.0,5171400.0,23234400.0,5077030000.0,0.0,0.0
2022-05-06,144286600.0,6698400.0,20745000.0,529400.0,10719100.0,515500.0,3560800.0,33142400.0,0.0,39710000.0,39256900.0,12538400.0,7052600.0,45457900.0,6434000.0,18984000.0,2964500.0,34747200.0,26542800.0,37780300.0,633297000.0,5824600.0,7304800.0,69691300.0,139572800.0,3087000.0,729500.0,151770800.0,7944900.0,2076300.0,9739100.0,34258200.0,5116940000.0,0.0,0.0
2022-05-09,144523700.0,11482000.0,30074000.0,1076000.0,13156900.0,591000.0,3292700.0,37101600.0,0.0,40802000.0,38442700.0,7301200.0,8236800.0,53682200.0,7855200.0,20055300.0,2918900.0,36303200.0,19686400.0,47726000.0,644455000.0,7269100.0,8540800.0,170871700.0,113387300.0,4957500.0,831800.0,155586100.0,11428600.0,2664500.0,9713400.0,28207200.0,5954520000.0,0.0,0.0
2022-05-10,137235500.0,8880400.0,29271000.0,671200.0,7932900.0,497500.0,2729400.0,29572400.0,0.0,39900000.0,48419700.0,8054600.0,7071800.0,53650800.0,8186700.0,21322200.0,3070800.0,34452500.0,11721600.0,39336400.0,761474000.0,5936700.0,7447400.0,86932400.0,124124600.0,4038400.0,642300.0,132497200.0,11690400.0,6103500.0,5004500.0,24861300.0,5885820000.0,0.0,0.0
2022-05-11,136137900.0,6088400.0,26660000.0,890700.0,7685100.0,668600.0,2782900.0,25913200.0,0.0,37534000.0,42473500.0,7167900.0,7444400.0,64377800.0,6138900.0,19648400.0,2833200.0,31153400.0,13918800.0,48975900.0,670167000.0,5376900.0,7692200.0,72894900.0,140326100.0,4751000.0,462600.0,142361000.0,11531300.0,5569900.0,7373900.0,27878700.0,5816140000.0,0.0,0.0
2022-05-12,129214200.0,11578000.0,25518000.0,600700.0,9244200.0,649300.0,2829500.0,23956000.0,0.0,53836000.0,49069700.0,8132400.0,7428000.0,52967400.0,6898600.0,22574700.0,2861000.0,38262200.0,12719200.0,51033800.0,708728000.0,6473500.0,9600800.0,82147300.0,120910900.0,5433600.0,681200.0,125090800.0,11592900.0,4539800.0,9500800.0,25244400.0,6286450000.0,0.0,0.0
2022-05-13,138068100.0,9163200.0,19449000.0,640300.0,10377600.0,607300.0,2338600.0,24976400.0,0.0,35038000.0,49084400.0,6016900.0,6825000.0,36517000.0,7732200.0,16167000.0,3255200.0,24549800.0,12822400.0,34925100.0,670437000.0,4714600.0,5675500.0,69242700.0,83684900.0,6332500.0,583100.0,104174400.0,11180600.0,3724800.0,5521600.0,19962300.0,5183340000.0,0.0,0.0
2022-05-16,131065700.0,5328400.0,14189000.0,441700.0,8573000.0,498700.0,1579700.0,16463200.0,0.0,25990000.0,33300100.0,3315600.0,6070000.0,28225500.0,5516700.0,13223200.0,2147100.0,27112600.0,10901200.0,32550900.0,521446000.0,5317200.0,5971000.0,46153200.0,59190400.0,5343800.0,390900.0,78622400.0,6729100.0,2216900.0,6949300.0,21449100.0,4415030000.0,0.0,0.0
2022-05-17,164227200.0,5062800.0,24676000.0,499200.0,7453000.0,559800.0,2602800.0,21264000.0,0.0,23054000.0,41666500.0,4286800.0,7037600.0,31833700.0,5751100.0,21300600.0,3204900.0,24872700.0,9336400.0,28828800.0,585830000.0,5012200.0,6509100.0,38620800.0,62715300.0,4119800.0,415500.0,83029700.0,7668800.0,2745800.0,5014500.0,132940200.0,4841410000.0,0.0,0.0
2022-05-18,142603200.0,9691600.0,35024000.0,465000.0,7225000.0,610100.0,9511600.0,23580400.0,0.0,35126000.0,47647800.0,4465500.0,8711900.0,36093800.0,8608800.0,31437300.0,3946100.0,23960000.0,12832000.0,31356000.0,545161000.0,8875400.0,9670700.0,29304600.0,79477100.0,12769900.0,441900.0,117674500.0,9610900.0,2734300.0,5070000.0,104253000.0,5103220000.0,0.0,0.0
2022-05-19,141506200.0,7832400.0,34884000.0,459700.0,5950600.0,386200.0,5839600.0,18328800.0,0.0,34144000.0,53929100.0,5137600.0,6715400.0,33627700.0,6874500.0,31493900.0,3518300.0,24446900.0,13018000.0,32692300.0,621310000.0,6423800.0,9694100.0,35780900.0,79920700.0,6447200.0,345500.0,98510700.0,7739000.0,4873700.0,7959700.0,71008500.0,5113550000.0,0.0,0.0
2022-05-20,164126800.0,10829600.0,40281000.0,412600.0,6843200.0,382500.0,5115000.0,32790000.0,0.0,48962000.0,56691000.0,5908800.0,5048400.0,42243700.0,7522100.0,29133800.0,3208200.0,31465600.0,15235600.0,39199300.0,739105000.0,5768800.0,7786900.0,40879100.0,91764200.0,5182500.0,557000.0,131432200.0,10469900.0,5960200.0,6190200.0,49356000.0,5130730000.0,0.0,0.0
2022-05-23,128773000.0,8199200.0,58586000.0,525900.0,4683100.0,321700.0,3687200.0,17555200.0,0.0,37184000.0,29917100.0,5720600.0,3717100.0,24644100.0,7040800.0,19406900.0,3053500.0,25059200.0,11812800.0,33175400.0,639889000.0,4657800.0,7134500.0,27755200.0,63648400.0,5860600.0,316800.0,76414900.0,6920500.0,3019000.0,4484600.0,43680900.0,4420030000.0,0.0,0.0
2022-05-24,123341400.0,7920800.0,25060000.0,319700.0,4554000.0,486300.0,3473400.0,16977600.0,0.0,76780000.0,42246500.0,6786600.0,3973200.0,26861800.0,6419800.0,16154200.0,5258200.0,50406300.0,11339600.0,29043900.0,588550000.0,6327600.0,7207400.0,47218700.0,73491100.0,4122500.0,835100.0,91448800.0,8788600.0,4667700.0,4046000.0,34584900.0,4923190000.0,0.0,0.0
2022-05-25,111771100.0,8012000.0,17842000.0,338900.0,4681000.0,325100.0,3225100.0,18063200.0,0.0,40258000.0,56661500.0,4274500.0,3486700.0,27950100.0,6558900.0,15360500.0,2641700.0,28030200.0,6978800.0,28547900.0,781132000.0,5781000.0,8217800.0,35068900.0,67144500.0,5137700.0,426700.0,91472900.0,9113500.0,7147600.0,5564900.0,27121800.0,4802560000.0,0.0,0.0
2022-05-26,128792700.0,8006800.0,39743000.0,315200.0,4754400.0,317100.0,5917600.0,22008800.0,0.0,37948000.0,64773400.0,3478900.0,5036500.0,25702700.0,6897600.0,16159800.0,1972300.0,23056500.0,6451600.0,25002100.0,996575000.0,5193800.0,5702600.0,39738900.0,59462200.0,3403700.0,222500.0,82168300.0,9762700.0,5967000.0,4707100.0,28197600.0,4709970000.0,0.0,0.0
2022-05-27,104348400.0,6560800.0,37301000.0,300900.0,5001400.0,285800.0,5719600.0,18088400.0,0.0,37914000.0,52813100.0,2508200.0,6495500.0,24952100.0,5853600.0,17709000.0,2063800.0,22562700.0,8494400.0,26910800.0,738379000.0,6713500.0,6028800.0,37064000.0,66985600.0,4981600.0,466600.0,84768700.0,6279000.0,5822300.0,5778600.0,25299900.0,4375620000.0,0.0,0.0
2022-05-31,125102900.0,16090000.0,30009000.0,396900.0,6848200.0,470600.0,4424500.0,23398400.0,0.0,50012000.0,68424700.0,6773200.0,7839700.0,29794500.0,16391400.0,43159000.0,3924700.0,26131100.0,16420000.0,37827700.0,664100000.0,13610000.0,12416700.0,41672300.0,60968300.0,5785200.0,389000.0,95937000.0,9621700.0,5310600.0,7762900.0,36912300.0,6822640000.0,0.0,0.0
2022-06-01,99351400.0,7649200.0,18345000.0,274800.0,4596100.0,355000.0,2319400.0,19908400.0,0.0,36606000.0,87646100.0,5555900.0,5081500.0,28352100.0,5175400.0,15408300.0,2264100.0,36623500.0,7775200.0,25292200.0,544514000.0,5613900.0,7036000.0,34438100.0,65341700.0,4402600.0,480400.0,86585800.0,6152400.0,9220400.0,4618700.0,28534800.0,4531800000.0,0.0,0.0
2022-06-02,120953800.0,7827600.0,29488000.0,307500.0,7962300.0,340400.0,4950600.0,33994800.0,0.0,37992000.0,34752500.0,3014300.0,4385100.0,24876000.0,8666500.0,14586000.0,2089700.0,31951600.0,10748000.0,44008200.0,648656000.0,4677300.0,6479800.0,41347000.0,59291300.0,5952500.0,488600.0,79609600.0,6335000.0,8995800.0,3846900.0,23214300.0,4405790000.0,0.0,0.0
2022-06-03,110844700.0,4296800.0,20562000.0,344400.0,3861200.0,318000.0,2857400.0,37212800.0,0.0,26136000.0,36008000.0,2687800.0,3319900.0,18972100.0,4234200.0,13539900.0,1838900.0,19465000.0,9365200.0,28059000.0,598779000.0,4222000.0,4720700.0,36632300.0,60914700.0,5059000.0,514300.0,71874300.0,9137100.0,14598500.0,3389000.0,18302700.0,3711110000.0,0.0,0.0
2022-06-06,96726900.0,4159600.0,14557000.0,376100.0,3466700.0,312500.0,2297000.0,27304000.0,0.0,33542000.0,35756100.0,4800600.0,5976700.0,24678700.0,5386500.0,15112800.0,1569300.0,30574200.0,14114800.0,22400300.0,422406000.0,3447800.0,4751100.0,35101100.0,51785000.0,5424300.0,708900.0,57508900.0,9440200.0,6891400.0,5238600.0,19855500.0,4332700000.0,0.0,0.0
2022-06-07,79022900.0,4828000.0,15895000.0,187900.0,20514600.0,280100.0,2435500.0,23163600.0,0.0,31590000.0,31499900.0,3230000.0,5055400.0,21661600.0,5447800.0,17886300.0,2782000.0,18828700.0,9448400.0,22860700.0,388914000.0,4168300.0,4918600.0,28049400.0,44900300.0,4945400.0,569100.0,59272400.0,7360200.0,5971600.0,6773300.0,47707800.0,4248210000.0,0.0,0.0
2022-06-08,97641900.0,3651200.0,24004000.0,197000.0,11364800.0,346300.0,1697000.0,11572000.0,0.0,26108000.0,25361600.0,2917900.0,5453800.0,21521700.0,4333100.0,10211500.0,2101300.0,22267200.0,7661600.0,17372300.0,363252000.0,2646800.0,4369600.0,29056300.0,38342100.0,4459800.0,321400.0,64350000.0,6446300.0,5353100.0,4206400.0,22522800.0,4159470000.0,0.0,0.0
2022-06-09,95299000.0,8524000.0,18787000.0,288300.0,4676300.0,209500.0,3087500.0,11658000.0,0.0,25798000.0,49468700.0,4178600.0,4089600.0,21697200.0,5509600.0,13382200.0,2682600.0,23501600.0,8456000.0,26439700.0,395574000.0,3522900.0,4625700.0,30527400.0,55900500.0,5430100.0,659700.0,86289800.0,8086700.0,4997600.0,3390400.0,19880100.0,4134170000.0,0.0,0.0
2022-06-10,102135400.0,11502400.0,24018000.0,313800.0,5792900.0,320700.0,2549900.0,16806800.0,0.0,41452000.0,59907000.0,4443400.0,5176100.0,37153600.0,6647300.0,14967600.0,1992300.0,27450800.0,12268400.0,31422800.0,465248000.0,5203300.0,6630800.0,30225800.0,85963500.0,5398400.0,440400.0,132893900.0,10460400.0,5388900.0,3853500.0,25238100.0,4889640000.0,0.0,0.0
2022-06-13,98148800.0,11939600.0,31619000.0,509800.0,8744400.0,427900.0,3113400.0,22481200.0,0.0,47252000.0,122714600.0,9200800.0,5082700.0,39712700.0,7997000.0,23064200.0,4697000.0,31749300.0,11746800.0,46135800.0,604153000.0,6300700.0,8549500.0,40943000.0,94442000.0,6252000.0,715700.0,170004900.0,14603700.0,6325300.0,7472000.0,24897900.0,5636890000.0,0.0,0.0
2022-06-14,84066600.0,10707600.0,24380000.0,555000.0,7710000.0,562600.0,2224600.0,13132000.0,0.0,33706000.0,62818600.0,7829800.0,3952000.0,30282400.0,7116800.0,24620000.0,3564800.0,27244300.0,18730400.0,28651500.0,469680000.0,6159200.0,9980200.0,30564100.0,64697500.0,4188400.0,392500.0,104011800.0,10449600.0,6433100.0,8304200.0,21544200.0,5153890000.0,0.0,0.0
2022-06-15,95774800.0,6016000.0,19141000.0,649400.0,8040600.0,579100.0,2250200.0,14540000.0,0.0,39698000.0,70628200.0,10256200.0,6368100.0,32150500.0,7796100.0,19684700.0,3152100.0,30008300.0,14905600.0,33111700.0,563936000.0,5940100.0,12178100.0,38235300.0,86051400.0,4989700.0,659900.0,125666800.0,11742500.0,5400000.0,9339700.0,25914000.0,5530480000.0,0.0,0.0
2022-06-16,102433300.0,7040400.0,37244000.0,625100.0,8252900.0,928800.0,2906600.0,15107200.0,0.0,51684000.0,61583400.0,9168800.0,5456000.0,43810600.0,7056700.0,15053800.0,3272000.0,26944100.0,16495600.0,33169200.0,545749000.0,7207900.0,9683300.0,36793500.0,81910300.0,5210400.0,737000.0,134473300.0,10505200.0,5474900.0,7894600.0,30706800.0,5644930000.0,0.0,0.0
2022-06-17,105212300.0,10749600.0,43504000.0,1249500.0,6756200.0,740700.0,3623400.0,17459200.0,0.0,51376000.0,49281000.0,7029700.0,6562600.0,40327300.0,12486600.0,34781900.0,7236300.0,31374200.0,19236800.0,43084800.0,630334000.0,9881800.0,17113300.0,45518000.0,82703400.0,11889800.0,1583400.0,111113900.0,9735500.0,4339700.0,11501800.0,36838800.0,8520740000.0,0.0,0.0
2022-06-21,87780600.0,6376000.0,21901000.0,760600.0,5547400.0,515900.0,2420600.0,18081200.0,0.0,47416000.0,45924600.0,10342000.0,5844000.0,34665400.0,8219700.0,17705000.0,3263500.0,50724900.0,11835200.0,29928300.0,483089000.0,4449600.0,9017000.0,48887600.0,51633700.0,4988900.0,971000.0,76811900.0,9604000.0,4084500.0,5046400.0,23916600.0,5292260000.0,0.0,0.0
2022-06-22,86634700.0,5426400.0,24721000.0,479500.0,5386500.0,279300.0,1827500.0,11946000.0,0.0,30774000.0,38204800.0,9501900.0,4738900.0,29303500.0,10593100.0,15207100.0,3054300.0,47267800.0,9929200.0,25939900.0,437135000.0,4706500.0,8374500.0,43430600.0,67472900.0,4078100.0,667600.0,90059400.0,7868700.0,4048000.0,4595100.0,20235000.0,5058990000.0,0.0,0.0
2022-06-23,100614600.0,9006000.0,16707000.0,473900.0,5089900.0,218800.0,2030100.0,17377200.0,0.0,28362000.0,30961800.0,9247200.0,3056700.0,27089800.0,10223500.0,17190900.0,1937000.0,40499200.0,7171600.0,25861400.0,463680000.0,5810700.0,6418300.0,44618000.0,57457800.0,4934100.0,602800.0,79292100.0,10370300.0,2701600.0,5669200.0,18040800.0,5098640000.0,0.0,0.0
2022-06-24,88553900.0,9580800.0,21201000.0,803700.0,7869700.0,345900.0,2862600.0,24527600.0,0.0,41164000.0,38198600.0,5127000.0,18820700.0,37138500.0,9374400.0,18147100.0,3104800.0,68736000.0,11886400.0,33923200.0,472153000.0,5951500.0,19440600.0,67826000.0,58422300.0,29129000.0,2315200.0,98050300.0,10670100.0,9564700.0,11738000.0,31845900.0,8120260000.0,0.0,0.0
2022-06-27,74663500.0,5361600.0,13207000.0,451500.0,4624400.0,228800.0,2034700.0,11452000.0,0.0,36420000.0,25658200.0,5439400.0,3395500.0,24745400.0,5908600.0,12142100.0,2059200.0,29174600.0,9614800.0,24615100.0,427968000.0,4595800.0,5618500.0,44768000.0,54151500.0,4202200.0,678100.0,66009600.0,7358000.0,3144800.0,4359500.0,19889100.0,4325310000.0,0.0,0.0
2022-06-28,95618600.0,5872000.0,15667000.0,370800.0,6093100.0,396600.0,1754600.0,12445200.0,0.0,35792000.0,39303800.0,3763300.0,2874700.0,25909200.0,9245700.0,13150100.0,2381700.0,27744500.0,14062000.0,27295500.0,461149000.0,4372900.0,6077300.0,45589000.0,61609800.0,4355100.0,424000.0,86548900.0,8289200.0,2000700.0,4875200.0,15399000.0,4270120000.0,0.0,0.0
2022-06-29,104140900.0,4384800.0,14444000.0,333100.0,3763200.0,449000.0,1275600.0,8952400.0,0.0,24716000.0,36806800.0,3559600.0,3166200.0,21292500.0,7097900.0,11795500.0,2997200.0,28595200.0,10275600.0,20069800.0,482352000.0,3653600.0,5174600.0,40408700.0,57302700.0,5416600.0,581800.0,65676000.0,7981300.0,4448900.0,4657200.0,19111500.0,4211240000.0,0.0,0.0
2022-06-30,105368600.0,6088000.0,18890000.0,306100.0,5314300.0,346200.0,3852400.0,16858400.0,0.0,43170000.0,45139900.0,5409500.0,3177100.0,31466300.0,10777200.0,15514200.0,2786200.0,35250600.0,10290400.0,31730900.0,686070000.0,6295100.0,7410100.0,33636400.0,79313600.0,4976700.0,404700.0,112508300.0,14201600.0,8105700.0,4965100.0,19166100.0,4840070000.0,0.0,0.0
2022-07-01,87734200.0,6034800.0,21315000.0,279000.0,5213300.0,329400.0,2660400.0,14841600.0,0.0,35476000.0,38849300.0,63222900.0,2211500.0,24598600.0,5498400.0,15143200.0,2531400.0,31423900.0,7270400.0,22837700.0,577610000.0,3918700.0,5937200.0,33504400.0,56675100.0,2876800.0,946900.0,74839700.0,19531700.0,5359500.0,3340900.0,17460900.0,4046950000.0,0.0,0.0
2022-07-05,95589000.0,8260000.0,20711000.0,355800.0,5062900.0,488000.0,2489400.0,25536400.0,0.0,39342000.0,38316200.0,6651400.0,2319200.0,25151100.0,5676400.0,15921200.0,2390700.0,28618600.0,14489600.0,22941000.0,651397000.0,4971600.0,5760900.0,55854800.0,61829300.0,4258000.0,439800.0,81438000.0,22253100.0,4408700.0,5959900.0,18218100.0,5076590000.0,0.0,0.0
2022-07-06,85458900.0,8221200.0,22975000.0,279200.0,5604400.0,399200.0,2262300.0,12828800.0,0.0,37432000.0,44706000.0,4754700.0,2414000.0,25697600.0,5335600.0,13450500.0,1948600.0,23085900.0,14718400.0,23824400.0,529066000.0,4209100.0,5485200.0,54604300.0,63194700.0,3155200.0,499600.0,70426200.0,11530500.0,8316100.0,4709800.0,21300000.0,4417720000.0,0.0,0.0
2022-07-07,83640900.0,6466400.0,21319000.0,271700.0,4909800.0,370900.0,2125200.0,13941200.0,0.0,40936000.0,44430400.0,4058100.0,2772300.0,24822500.0,5725800.0,14828400.0,2396700.0,24083400.0,13417600.0,20859900.0,492903000.0,5150200.0,6623400.0,35672500.0,56620100.0,3115500.0,549100.0,64525900.0,15847800.0,3638900.0,4068900.0,17487300.0,4057770000.0,0.0,0.0
2022-07-08,83405900.0,7185600.0,12713000.0,214600.0,3462100.0,567200.0,2607800.0,12572800.0,0.0,38238000.0,31230300.0,3664900.0,2286300.0,20547000.0,3828300.0,11311500.0,1450300.0,19249200.0,12604800.0,19658800.0,467972000.0,3482900.0,4294200.0,36737100.0,59895500.0,3123500.0,632400.0,72397800.0,10004200.0,1969900.0,3026700.0,14751000.0,3521620000.0,0.0,0.0
2022-07-11,76150300.0,4624000.0,21449000.0,235100.0,3558000.0,193100.0,1891100.0,9681200.0,0.0,31196000.0,28213700.0,2765700.0,2197500.0,22031500.0,3645200.0,12702100.0,1478100.0,21885600.0,8399200.0,19455200.0,437321000.0,4921300.0,5482900.0,34015100.0,55273900.0,2393700.0,227100.0,58366900.0,9519600.0,3211800.0,3355300.0,11532900.0,3423480000.0,0.0,0.0
2022-07-12,77873200.0,7118800.0,21159000.0,287900.0,3840300.0,204500.0,1775300.0,16498000.0,0.0,29960000.0,24036500.0,3669200.0,2144900.0,23864200.0,4708800.0,14731100.0,2112800.0,16639700.0,8493600.0,35868500.0,458483000.0,5201600.0,5204400.0,42765800.0,55797100.0,1951700.0,430500.0,62219200.0,10363700.0,3344200.0,3799800.0,13732200.0,3817210000.0,0.0,0.0
2022-07-13,79355000.0,5993600.0,17665000.0,209800.0,2788100.0,221300.0,2008400.0,11796800.0,0.0,43722000.0,46874900.0,6809400.0,1950200.0,25535600.0,5291700.0,13145300.0,2205300.0,16555100.0,8762400.0,29497400.0,521918000.0,4533100.0,5075600.0,32461300.0,73939400.0,1865900.0,362700.0,84224600.0,14706500.0,2941100.0,3551100.0,12689100.0,4109390000.0,0.0,0.0
2022-07-14,83493600.0,5766800.0,19957000.0,207200.0,6369100.0,242600.0,3715600.0,11882000.0,0.0,37004000.0,53953100.0,5370400.0,1965500.0,25102200.0,5359600.0,14433000.0,2371000.0,23765200.0,11165600.0,25102800.0,456235000.0,4218300.0,4867000.0,26702100.0,63741800.0,2107100.0,378900.0,89704800.0,23377000.0,2942800.0,5687800.0,20905500.0,4199690000.0,0.0,0.0
2022-07-15,76050600.0,5034800.0,18714000.0,225700.0,5013600.0,170500.0,4265100.0,11713200.0,0.0,46770000.0,48360800.0,3834000.0,1910100.0,34935900.0,5691100.0,21968400.0,2627200.0,23342800.0,25701200.0,29774100.0,385935000.0,4659100.0,6264600.0,34918100.0,63818100.0,2176300.0,301200.0,79060400.0,14061000.0,3447500.0,4025100.0,21184200.0,4143800000.0,0.0,0.0
2022-07-18,90464300.0,5500000.0,18042000.0,338600.0,3832100.0,212000.0,2464100.0,10762000.0,0.0,43164600.0,33302800.0,3150700.0,2542100.0,23031500.0,7605700.0,10780800.0,2164400.0,23574300.0,9154000.0,20975000.0,670517000.0,3479700.0,6047500.0,32428400.0,59519600.0,2276000.0,297600.0,63203600.0,11352500.0,2239100.0,4135200.0,14243700.0,4046870000.0,0.0,0.0
2022-07-19,85047500.0,7309600.0,27257000.0,296200.0,5136800.0,578000.0,2391000.0,10240000.0,0.0,36530900.0,31028200.0,2996100.0,2264900.0,24234600.0,13256400.0,10998200.0,2181300.0,25933700.0,9738000.0,25012600.0,702366000.0,4201600.0,5943600.0,29033800.0,55172600.0,2893400.0,579900.0,78506000.0,10673100.0,2674100.0,3764400.0,16995300.0,4041070000.0,0.0,0.0
2022-07-20,88348600.0,9024800.0,27412000.0,313900.0,5259200.0,244600.0,1740700.0,12326800.0,0.0,35600400.0,82881900.0,53057500.0,3309200.0,26049300.0,7455800.0,11010500.0,2183700.0,24784300.0,10332400.0,22788300.0,760538000.0,3460700.0,8635300.0,40845200.0,67769400.0,3165100.0,1226100.0,71843800.0,11664800.0,3432300.0,4827100.0,18564900.0,4185300000.0,0.0,0.0
2022-07-21,90449300.0,7733600.0,13912000.0,227000.0,3816400.0,357400.0,1716100.0,10027600.0,0.0,32676200.0,52282000.0,5344300.0,2389600.0,21709900.0,5729200.0,11959600.0,2056500.0,27195800.0,9094800.0,22404700.0,557049000.0,3088300.0,8310200.0,51691200.0,55049400.0,1937000.0,1017000.0,64903900.0,7135000.0,2135500.0,4230800.0,18764700.0,4132790000.0,0.0,0.0
2022-07-22,76989700.0,7196800.0,17867000.0,185700.0,4965100.0,274500.0,1800800.0,11206400.0,0.0,48901200.0,51055800.0,7747100.0,2083000.0,25116100.0,4257000.0,11644700.0,2226600.0,42583900.0,7822400.0,21881300.0,536671000.0,3757800.0,5292700.0,38915500.0,57127700.0,1859100.0,1012200.0,72197300.0,8612100.0,3593600.0,3575100.0,13616400.0,3979240000.0,0.0,0.0
2022-07-25,70083000.0,7748400.0,15061000.0,252100.0,3556400.0,406200.0,1452700.0,6795200.0,0.0,34690900.0,26032000.0,2994500.0,1535200.0,19267200.0,4437300.0,14941700.0,2860400.0,26166300.0,7512000.0,21056000.0,480748000.0,3357200.0,5262100.0,21485000.0,40582400.0,1729800.0,892700.0,53631500.0,5960900.0,2204700.0,3285000.0,20535300.0,3568340000.0,0.0,0.0
2022-07-26,69180400.0,9024000.0,17958000.0,263800.0,8237400.0,1357100.0,3334800.0,14134800.0,0.0,47991000.0,24151200.0,4736300.0,2001000.0,19391200.0,4525500.0,20118000.0,5272300.0,28468400.0,6706400.0,39348000.0,397865000.0,3732100.0,5375700.0,21997800.0,50074100.0,2315800.0,771700.0,52946400.0,6977700.0,1502300.0,7887900.0,95391600.0,3778950000.0,0.0,0.0
2022-07-27,78301600.0,9391200.0,25699000.0,276900.0,12156900.0,1196600.0,2060100.0,11299600.0,0.0,59858500.0,35075700.0,7475300.0,1607800.0,21670700.0,4648500.0,12142900.0,2718300.0,43846600.0,9097600.0,45994000.0,569776000.0,4479000.0,5500000.0,29810900.0,69304400.0,2062000.0,803000.0,82342100.0,9399500.0,2043700.0,2702600.0,42159600.0,4112180000.0,0.0,0.0
2022-07-28,79009200.0,15828800.0,14867000.0,275000.0,5560700.0,792100.0,2083300.0,10992400.0,0.0,32816600.0,42335900.0,5768100.0,2223100.0,22838500.0,5513000.0,10837000.0,2849100.0,73214300.0,7719600.0,33459300.0,474646000.0,3134200.0,7115700.0,27172900.0,55139900.0,2935600.0,696800.0,73966600.0,10668200.0,2028700.0,3494700.0,33262200.0,4413000000.0,0.0,0.0
2022-07-29,76630700.0,7899600.0,18482000.0,389400.0,4751800.0,685900.0,2131500.0,10540400.0,0.0,37223400.0,33606800.0,5961100.0,1921300.0,21760600.0,6451400.0,13734200.0,2653800.0,42065400.0,12046400.0,32152800.0,435460000.0,4215500.0,18694700.0,31106600.0,57501000.0,2742300.0,1131200.0,87003700.0,10366200.0,2963100.0,4894800.0,30141900.0,4616360000.0,0.0,0.0
2022-08-01,96477500.0,10364400.0,11485000.0,312500.0,3926400.0,300300.0,2256000.0,9689600.0,0.0,26034300.0,31595600.0,9672400.0,2756200.0,23905600.0,5461400.0,12831500.0,2384000.0,40596700.0,12096000.0,21539600.0,476469000.0,4034600.0,12590000.0,31694700.0,46358800.0,2751900.0,1361300.0,69997500.0,20102600.0,2515200.0,3020200.0,24996300.0,4202810000.0,0.0,0.0
2022-08-02,116734100.0,17637600.0,13072000.0,268600.0,4939200.0,395000.0,1984200.0,11085200.0,0.0,20236000.0,40604400.0,9269700.0,2105300.0,17492600.0,5794200.0,15241900.0,2375200.0,27374500.0,12388000.0,22754200.0,489527000.0,3781100.0,7495000.0,40958800.0,48676500.0,2414900.0,972100.0,63435400.0,15541600.0,4071700.0,2875000.0,19695000.0,4727710000.0,0.0,0.0
2022-08-03,131142000.0,10842400.0,19228000.0,226800.0,3970500.0,657200.0,1693300.0,12540400.0,0.0,28499000.0,35660900.0,7829500.0,3126700.0,19157700.0,5010000.0,11317000.0,2305300.0,31721900.0,11917200.0,23518900.0,418146000.0,4401300.0,6811000.0,35796500.0,53735700.0,3714900.0,833300.0,67820600.0,20779400.0,9989300.0,2604100.0,32003100.0,4351760000.0,0.0,0.0
2022-08-04,125855800.0,8594000.0,16293000.0,226300.0,3418600.0,571100.0,2000500.0,20145200.0,0.0,21602900.0,24386400.0,9873200.0,3978200.0,14838900.0,5651600.0,11795600.0,2089600.0,23938200.0,12317600.0,18098700.0,409652000.0,3822500.0,6124700.0,32093400.0,38973700.0,5339900.0,901200.0,45656600.0,13472500.0,6395900.0,3411800.0,53106000.0,4283320000.0,0.0,0.0
2022-08-05,93859900.0,9990000.0,14357000.0,258400.0,3504600.0,771000.0,1711500.0,11004000.0,0.0,19159500.0,31006700.0,10047200.0,4247800.0,18540300.0,5235500.0,10445400.0,1818500.0,25832700.0,27740800.0,16774600.0,386068000.0,3295600.0,4580300.0,50264800.0,53894000.0,2925600.0,648900.0,56814900.0,13293500.0,4955400.0,4760700.0,32007000.0,4085940000.0,0.0,0.0
2022-08-08,92606800.0,10299600.0,13722000.0,316000.0,4355300.0,314000.0,1344100.0,12755200.0,0.0,19138300.0,19465600.0,6681300.0,3667400.0,22188700.0,4629800.0,9165200.0,2253500.0,27299100.0,10736800.0,18739200.0,981859000.0,2846100.0,4486800.0,125272600.0,43878500.0,3594300.0,1375400.0,53886100.0,12120300.0,3033500.0,3798500.0,18175200.0,4221090000.0,0.0,0.0
2022-08-09,89473700.0,8875600.0,20072000.0,380100.0,3664300.0,503400.0,1877300.0,7286000.0,0.0,19086500.0,24675700.0,3814700.0,3070400.0,18247300.0,5532500.0,7910900.0,2315800.0,18655100.0,24868000.0,23405200.0,668263000.0,3228800.0,3977300.0,58788900.0,39764200.0,3608900.0,412900.0,44931800.0,13075000.0,5297800.0,3838300.0,19325100.0,3913090000.0,0.0,0.0
2022-08-10,83416100.0,8998400.0,19519000.0,803600.0,3125900.0,452300.0,2336600.0,15605200.0,0.0,30930400.0,38121800.0,7260300.0,4736100.0,20796400.0,5603400.0,8857300.0,2967900.0,30262100.0,14324000.0,24687800.0,597422000.0,4041100.0,4641300.0,46054900.0,51459600.0,5215400.0,1094000.0,68665700.0,10704600.0,4786900.0,2967900.0,25251000.0,4546010000.0,0.0,0.0
2022-08-11,77516900.0,6286000.0,14268000.0,348500.0,3547800.0,291300.0,2340200.0,11653200.0,0.0,24293700.0,37778700.0,8309300.0,2952000.0,23727600.0,9328700.0,8507800.0,2007000.0,24079100.0,8354400.0,20065900.0,509327000.0,2743800.0,5954300.0,44790900.0,45897700.0,5927800.0,1063200.0,59489700.0,11158800.0,3215200.0,3323500.0,23854500.0,4630200000.0,0.0,0.0
2022-08-12,72316300.0,4502800.0,18399000.0,477100.0,3285400.0,337700.0,1918200.0,7068800.0,0.0,19096300.0,16912300.0,4128600.0,3073500.0,21726600.0,14606900.0,9489300.0,1530800.0,21274000.0,11858800.0,22619700.0,478094000.0,3756200.0,5038700.0,30638200.0,40928400.0,8655900.0,542200.0,61694500.0,12098800.0,3879600.0,2716300.0,26625000.0,3788010000.0,0.0,0.0
2022-08-15,61327100.0,4614800.0,14329000.0,322800.0,3740100.0,193800.0,1848000.0,9752000.0,0.0,19494800.0,18441100.0,3441100.0,3837700.0,17414800.0,10072000.0,9863300.0,2342700.0,15878700.0,7255200.0,18085700.0,457666000.0,3043100.0,6008000.0,33263400.0,38266600.0,7152000.0,619400.0,54048300.0,15949500.0,3469700.0,3192700.0,26516100.0,3696830000.0,0.0,0.0
2022-08-16,60220700.0,5382800.0,14782000.0,330200.0,4669000.0,241700.0,2498000.0,11704800.0,0.0,19041200.0,22963200.0,3241800.0,21302900.0,18833100.0,7453600.0,9569600.0,1828000.0,21156700.0,6095600.0,18102900.0,451240000.0,3395700.0,7093000.0,40603900.0,41186900.0,5618100.0,1566900.0,59289000.0,10566100.0,4084900.0,3706400.0,91773300.0,4329820000.0,0.0,0.0
2022-08-17,63735600.0,5190000.0,19022000.0,250100.0,4800300.0,393200.0,1835200.0,8950400.0,0.0,22847000.0,28774600.0,6366700.0,6813600.0,22428000.0,7406600.0,8144000.0,1699100.0,20118100.0,5044800.0,18253400.0,446799000.0,2666200.0,4834600.0,33933600.0,47842200.0,5060100.0,1022200.0,63563400.0,9093100.0,3508300.0,3232500.0,41792100.0,3885030000.0,0.0,0.0
2022-08-18,76059500.0,6928400.0,23459000.0,318900.0,3441600.0,650400.0,1619200.0,6570400.0,0.0,17987700.0,19089300.0,3709200.0,5666600.0,18368100.0,8312100.0,6532000.0,1591900.0,18844500.0,6662800.0,17186200.0,415447000.0,3010600.0,3829000.0,26365600.0,41937200.0,5040300.0,930500.0,49023200.0,10947700.0,2982500.0,3623700.0,19197600.0,3340330000.0,0.0,0.0
2022-08-19,67221700.0,6004000.0,16923000.0,405600.0,7475800.0,220800.0,1617000.0,8942400.0,0.0,21809500.0,45428900.0,6678000.0,5497200.0,27416400.0,8128500.0,8921100.0,1833800.0,26240800.0,7636000.0,20570000.0,441588000.0,3704000.0,6502500.0,40560200.0,51770600.0,3295700.0,732500.0,68016900.0,9602800.0,2441800.0,3863400.0,22918800.0,3761340000.0,0.0,0.0
2022-08-22,61837300.0,5703600.0,18555000.0,631300.0,4523200.0,173400.0,1860900.0,9882000.0,0.0,21456600.0,42014200.0,4125800.0,3411700.0,22937000.0,5462600.0,9087900.0,1986700.0,19499700.0,8033200.0,25061100.0,409593000.0,3385000.0,6380700.0,37824900.0,51098900.0,4783400.0,853100.0,77695600.0,8054000.0,4354400.0,3630300.0,18667200.0,3907430000.0,0.0,0.0
2022-08-23,52927000.0,6697600.0,9003000.0,329700.0,3962700.0,179300.0,1359000.0,13640800.0,0.0,15870400.0,33240000.0,7755000.0,2341200.0,20069800.0,5566300.0,8443800.0,2211100.0,18111800.0,8868400.0,17527400.0,369986000.0,2575000.0,5268200.0,25658500.0,39497100.0,4953100.0,1150600.0,49105200.0,8462500.0,2899900.0,3662100.0,16955100.0,3823520000.0,0.0,0.0
2022-08-24,56520400.0,6209600.0,11883000.0,231100.0,16524200.0,189800.0,1145800.0,12892400.0,0.0,17734600.0,16917400.0,3504600.0,4483900.0,16038300.0,5684300.0,6844700.0,1777200.0,20891500.0,5410800.0,18137000.0,522661000.0,3340600.0,5903200.0,26576400.0,38057100.0,5845900.0,3036300.0,49177800.0,7085800.0,1583300.0,3435400.0,15766500.0,3583630000.0,0.0,0.0
2022-08-25,61016200.0,7527200.0,17345000.0,225200.0,8820300.0,205600.0,1483300.0,12169200.0,0.0,16956800.0,20080000.0,6645300.0,2887900.0,14795000.0,5678700.0,7913900.0,1330400.0,15550500.0,6018000.0,16583400.0,770691000.0,3401800.0,5097600.0,25635600.0,38098300.0,3638400.0,1059000.0,50942300.0,6602100.0,2570600.0,4571100.0,19414500.0,3566870000.0,0.0,0.0
2022-08-26,65552500.0,5240000.0,25682000.0,266000.0,4772100.0,405900.0,1886800.0,14334400.0,0.0,37245700.0,34460600.0,5535900.0,4455700.0,24177200.0,5667100.0,10089500.0,2357800.0,24023600.0,8430400.0,27549300.0,769127000.0,5246600.0,6086600.0,34150400.0,69047700.0,2691300.0,1604000.0,103087000.0,9381500.0,2808500.0,3672000.0,21331800.0,3832750000.0,0.0,0.0
2022-08-29,61142500.0,4753200.0,16580000.0,252700.0,16768700.0,207200.0,1579900.0,10828000.0,0.0,21191200.0,28020200.0,4416900.0,2057600.0,19753300.0,5259200.0,9115900.0,2017500.0,20052700.0,6897600.0,20338500.0,496132000.0,4184500.0,5272100.0,28566200.0,48321900.0,2977500.0,1919200.0,65370800.0,9639700.0,2213400.0,3433800.0,17381700.0,3396510000.0,0.0,0.0
2022-08-30,69087100.0,4374800.0,18282000.0,239800.0,14042200.0,471600.0,1872700.0,29146800.0,0.0,27513300.0,66233900.0,4474200.0,3319700.0,22548900.0,6973300.0,8456800.0,2051300.0,19567900.0,9518400.0,22767100.0,530181000.0,4026300.0,5203700.0,27189200.0,51184500.0,3414300.0,2801700.0,85652400.0,8392300.0,1515300.0,4375500.0,14468100.0,3835860000.0,0.0,0.0
2022-08-31,64991700.0,8630000.0,32445000.0,270900.0,9031000.0,411000.0,2179800.0,62945200.0,0.0,28627000.0,39161800.0,5797600.0,2732200.0,22412500.0,8741700.0,14633600.0,3119200.0,40953000.0,13138400.0,24791800.0,573710000.0,5597900.0,8406900.0,28691500.0,50044000.0,6814100.0,826200.0,76029700.0,8887100.0,3630000.0,7453900.0,22460700.0,4542490000.0,0.0,0.0
2022-09-01,94854700.0,8159600.0,31930000.0,295900.0,7997200.0,285200.0,2280600.0,27545200.0,0.0,28360900.0,38499700.0,10324200.0,2442600.0,30706600.0,7509600.0,14939700.0,2577800.0,30145700.0,9256000.0,23263400.0,1178865000.0,4846100.0,7446500.0,39079700.0,57990700.0,4504700.0,1277300.0,78740100.0,11566000.0,4762200.0,3535100.0,21741900.0,4152250000.0,0.0,0.0
2022-09-02,84924400.0,5008800.0,40426000.0,569300.0,6653900.0,261600.0,1901700.0,17400000.0,0.0,24160700.0,22364500.0,5741900.0,2116600.0,27468200.0,5803700.0,11809800.0,1791300.0,22634200.0,13853200.0,22855400.0,743157000.0,5801500.0,7077800.0,25965000.0,64666800.0,4269900.0,852100.0,99632100.0,8850100.0,2851000.0,2519300.0,17234400.0,3665850000.0,0.0,0.0
2022-09-06,68727300.0,5686000.0,24738000.0,478700.0,13477800.0,233700.0,1933400.0,11859200.0,0.0,25068300.0,28820900.0,6769400.0,2140000.0,23837100.0,7394600.0,12181800.0,2645700.0,19339800.0,9825600.0,21328200.0,535751000.0,4900100.0,8217200.0,30429400.0,57005400.0,2864500.0,1744500.0,76637400.0,12704400.0,1548100.0,5326800.0,21899700.0,4127340000.0,0.0,0.0
2022-09-07,67891200.0,5636400.0,20440000.0,357100.0,5646800.0,255600.0,1827900.0,12818800.0,0.0,23167000.0,26853200.0,7169700.0,4190000.0,24781200.0,4590600.0,13290700.0,4185200.0,16831200.0,6981200.0,24126700.0,512657000.0,6074600.0,6609400.0,30330000.0,49260400.0,4454300.0,641700.0,70964200.0,9843500.0,1378400.0,4030100.0,17058900.0,3890320000.0,0.0,0.0
2022-09-08,89089300.0,7344800.0,22535000.0,229800.0,6673300.0,419300.0,1600800.0,12737200.0,0.0,24238300.0,26928000.0,5773600.0,2949700.0,25273200.0,5838400.0,17193500.0,2448900.0,22530800.0,8911200.0,20319900.0,624873000.0,3888100.0,7380500.0,26303600.0,55649800.0,2956400.0,791300.0,80821700.0,8181700.0,2343000.0,2890000.0,16956000.0,3966850000.0,0.0,0.0
2022-09-09,68907700.0,6674400.0,23019000.0,230100.0,7434000.0,518400.0,1930900.0,16698800.0,0.0,23197700.0,29526800.0,5780600.0,3018200.0,23208800.0,5500600.0,11855900.0,2007000.0,22086800.0,9910400.0,22084700.0,486612000.0,3662000.0,6434300.0,27822300.0,56125200.0,3563700.0,1006500.0,76706900.0,7084700.0,4838400.0,3995500.0,16140600.0,3901940000.0,0.0,0.0
2022-09-12,71922500.0,5406400.0,18157000.0,332300.0,4034200.0,237600.0,1522400.0,12171600.0,0.0,22966800.0,30276100.0,4034200.0,3295400.0,23134600.0,6365300.0,13026900.0,2204300.0,23220400.0,10999600.0,18747700.0,484159000.0,5953300.0,5818700.0,30544800.0,45905700.0,2998400.0,778000.0,69256300.0,7903000.0,4121400.0,3347100.0,14284500.0,3814200000.0,0.0,0.0
2022-09-13,80921200.0,7251200.0,35136000.0,293200.0,6414400.0,269300.0,2881400.0,15614000.0,0.0,38172900.0,47111300.0,5100500.0,2841400.0,34144700.0,6726400.0,18532800.0,2604900.0,44444100.0,11224400.0,33353300.0,714956000.0,6926200.0,6350200.0,29770700.0,79562200.0,3928900.0,983800.0,122947100.0,12835100.0,3496900.0,3683500.0,17687400.0,4224550000.0,0.0,0.0
2022-09-14,71483000.0,7906000.0,20605000.0,314800.0,6436800.0,330100.0,2007300.0,10806800.0,0.0,26395100.0,29672400.0,3866600.0,2474700.0,25278300.0,9555700.0,12881600.0,2745200.0,43064200.0,8775200.0,23913000.0,588507000.0,5156900.0,6137800.0,29422500.0,54907200.0,2784300.0,640700.0,85023700.0,8849600.0,4740900.0,3449800.0,19934700.0,4293240000.0,0.0,0.0
2022-09-15,81818000.0,8521200.0,36574000.0,287300.0,7206400.0,187600.0,1749600.0,11040400.0,0.0,34188300.0,46282300.0,4622600.0,2272800.0,25378700.0,7174500.0,11451900.0,2289500.0,34606300.0,8068400.0,31530900.0,523625000.0,5461000.0,5320700.0,51700600.0,65299400.0,11927900.0,1062700.0,87633800.0,10533100.0,2073900.0,4091400.0,20189400.0,4441830000.0,0.0,0.0
2022-09-16,75300200.0,28912800.0,59012000.0,1338500.0,9215500.0,369100.0,3004800.0,19808400.0,0.0,42797200.0,56479900.0,4718200.0,4046500.0,41155900.0,20201500.0,20493500.0,4304100.0,40122800.0,17133600.0,39791800.0,670751000.0,12012600.0,9321500.0,42155500.0,79920400.0,8818900.0,2331600.0,103084800.0,10604500.0,3532400.0,8706200.0,41874300.0,7954650000.0,0.0,0.0
2022-09-19,64966900.0,8262000.0,17948000.0,271800.0,3504200.0,227600.0,1441300.0,8962000.0,0.0,23036800.0,26891900.0,3879000.0,1897200.0,25412200.0,7380900.0,12596200.0,2195800.0,22169500.0,6300400.0,26826900.0,569685000.0,3720900.0,6056000.0,29238800.0,52613800.0,3573700.0,809800.0,73278500.0,10378600.0,2385200.0,3615200.0,16853100.0,3766850000.0,0.0,0.0
2022-09-20,51129100.0,5068800.0,17132000.0,292100.0,5654300.0,177900.0,1843100.0,8626400.0,0.0,26517100.0,32769500.0,4869100.0,1587400.0,22247500.0,7143400.0,11984600.0,2140200.0,23217400.0,5884800.0,26660300.0,524818000.0,3872000.0,5589800.0,30349600.0,51271100.0,2816300.0,658200.0,77274900.0,8202800.0,2641800.0,3129500.0,13963500.0,4058050000.0,0.0,0.0
2022-09-21,82069700.0,7376400.0,20669000.0,452100.0,5028100.0,403200.0,2082600.0,13520400.0,0.0,31487300.0,37851300.0,5414900.0,1994200.0,29357100.0,8071200.0,14165300.0,2438800.0,38338600.0,8660800.0,28625600.0,807679000.0,5134500.0,6413900.0,36814500.0,82931000.0,4143400.0,544400.0,106746600.0,10869000.0,2627800.0,2874800.0,24903600.0,4078330000.0,0.0,0.0
2022-09-22,101436900.0,5921600.0,23540000.0,477300.0,4527300.0,412100.0,3133100.0,14303200.0,0.0,34298600.0,48278100.0,6662400.0,2815000.0,33468600.0,7401100.0,11657600.0,2300500.0,34418500.0,7788800.0,31061200.0,759162000.0,4290600.0,5061600.0,49138300.0,62757100.0,10496500.0,771600.0,89472600.0,10817900.0,5368400.0,2848900.0,16744500.0,4284600000.0,0.0,0.0
2022-09-23,87690000.0,9527600.0,29649000.0,434000.0,8857000.0,250600.0,5377800.0,11922000.0,0.0,31625400.0,53312000.0,7630600.0,2464100.0,40336900.0,9598600.0,14824000.0,2672100.0,31710700.0,8184000.0,34176000.0,663309000.0,4565100.0,6523600.0,34197300.0,74815200.0,6160900.0,857100.0,122346900.0,12685500.0,4132200.0,4406800.0,27195300.0,5144270000.0,0.0,0.0
2022-09-26,82898700.0,5262800.0,19361000.0,375200.0,5854500.0,391200.0,4001900.0,10999600.0,0.0,27072700.0,42287400.0,8015500.0,1960900.0,30597800.0,8735500.0,18670100.0,3179100.0,30497000.0,11447200.0,27694200.0,547343000.0,5326400.0,7396400.0,45429800.0,71176700.0,4953300.0,1346500.0,92581200.0,13441500.0,5170900.0,3717000.0,23011200.0,4886140000.0,0.0,0.0
2022-09-27,94871800.0,4740800.0,17850000.0,418200.0,7821900.0,499300.0,2412400.0,8651600.0,0.0,30072800.0,45295500.0,8668400.0,1459900.0,42406600.0,8686700.0,23829300.0,4193800.0,30826500.0,11169200.0,27018700.0,553854000.0,5400700.0,7722200.0,31794700.0,69780100.0,4715700.0,783100.0,108294100.0,12430600.0,3914100.0,5809600.0,17171700.0,4577740000.0,0.0,0.0
2022-09-28,72389500.0,8472400.0,27605000.0,261700.0,6385800.0,645400.0,2419500.0,9834000.0,0.0,32466300.0,48935800.0,8471700.0,1598700.0,35186500.0,8660900.0,21480100.0,4202400.0,32658500.0,11356800.0,29029700.0,542414000.0,5480900.0,10455100.0,31955900.0,79652100.0,3364900.0,637500.0,110802200.0,12943600.0,2642400.0,3833000.0,16838400.0,4684850000.0,0.0,0.0
2022-09-29,102552400.0,8028000.0,39997000.0,372300.0,3346700.0,387700.0,1963900.0,8384800.0,0.0,31047200.0,38068800.0,6056500.0,1630100.0,31464000.0,7008100.0,14570700.0,3053200.0,38985400.0,11830400.0,27484200.0,532763000.0,5167700.0,7128500.0,57845800.0,81216000.0,3735600.0,556400.0,112952300.0,16120300.0,2322900.0,7073500.0,15241500.0,4681810000.0,0.0,0.0
2022-09-30,81664100.0,5876000.0,27202000.0,447200.0,5510600.0,411400.0,2436700.0,10392000.0,0.0,32941500.0,42928700.0,8847200.0,8108900.0,40643800.0,8985200.0,16124600.0,3629300.0,33166400.0,11843200.0,35694800.0,565638000.0,5971900.0,9431900.0,47454800.0,78482400.0,2975300.0,494600.0,153711200.0,10472400.0,2685600.0,4597700.0,19602300.0,5645360000.0,0.0,0.0
2022-10-03,83841600.0,5007200.0,21479000.0,287300.0,4965700.0,521700.0,2338500.0,10248800.0,0.0,27982000.0,48967900.0,10579900.0,2732100.0,33611600.0,8657000.0,16277600.0,3286700.0,27723100.0,9375200.0,28880400.0,547478000.0,5093400.0,8477700.0,35524000.0,61267400.0,4025200.0,538300.0,89756500.0,11945100.0,7401600.0,5198000.0,17574900.0,4806680000.0,0.0,0.0
2022-10-04,77160500.0,6338000.0,27277000.0,322300.0,5720600.0,467300.0,2175600.0,11225200.0,0.0,28850800.0,45901300.0,7361400.0,4339500.0,37537300.0,6236100.0,18861400.0,3685700.0,34670700.0,9535200.0,34888400.0,584182000.0,4596800.0,7211600.0,36313300.0,66696900.0,3203900.0,946800.0,103602800.0,14900700.0,4771200.0,4833600.0,16134300.0,5146580000.0,0.0,0.0
2022-10-05,87127400.0,4993200.0,18493000.0,557400.0,3753800.0,604700.0,1587700.0,8504400.0,0.0,22176900.0,47833500.0,8603700.0,2577600.0,25281400.0,4539400.0,14324900.0,3033000.0,27979300.0,8540400.0,20347100.0,507131000.0,3538600.0,5071100.0,37790200.0,55766300.0,2709900.0,745200.0,88065700.0,14037100.0,3558000.0,4434400.0,14553900.0,4293180000.0,0.0,0.0
2022-10-06,98325900.0,6798400.0,17250000.0,470300.0,4176900.0,462900.0,2430700.0,10627600.0,0.0,22324000.0,37196000.0,11298400.0,1822400.0,22635900.0,5890700.0,17192800.0,2999200.0,36231100.0,8606400.0,20239900.0,644157000.0,4623400.0,5530800.0,27653400.0,53489400.0,2182000.0,575600.0,82333500.0,11796800.0,3685000.0,4290400.0,14200500.0,4252100000.0,0.0,0.0
2022-10-07,163786300.0,6787600.0,28425000.0,404000.0,3850600.0,304900.0,2568100.0,10367200.0,0.0,27502800.0,33983000.0,5085300.0,2564300.0,26536100.0,6363500.0,11479800.0,2294300.0,33214800.0,11103200.0,37769600.0,672478000.0,4779200.0,6095400.0,29550500.0,71354700.0,2434300.0,546200.0,107789500.0,14758600.0,2473300.0,3270800.0,17080500.0,4449660000.0,0.0,0.0
2022-10-10,112241800.0,12425600.0,33454000.0,564900.0,6008500.0,388300.0,1616300.0,14010800.0,0.0,18225100.0,37759700.0,3829100.0,2163200.0,23386400.0,5315600.0,10239100.0,2668700.0,24024000.0,8570000.0,29743600.0,698699000.0,4839200.0,6923300.0,26923300.0,60393000.0,2136500.0,554600.0,76042800.0,16042200.0,5607900.0,4969200.0,11411700.0,3834320000.0,0.0,0.0
2022-10-11,114054800.0,7869600.0,28046000.0,523500.0,6008900.0,477500.0,2341400.0,13704800.0,0.0,26507100.0,46344600.0,5498500.0,2791900.0,28009100.0,6212200.0,14303900.0,3169200.0,38481400.0,15901600.0,30474000.0,667482000.0,5222600.0,5516200.0,40775800.0,66522500.0,3005300.0,591200.0,92482800.0,28699300.0,6192100.0,4973500.0,21276000.0,4759030000.0,0.0,0.0
2022-10-12,89264200.0,11608800.0,15046000.0,269400.0,47933300.0,278400.0,2043900.0,12282000.0,0.0,21876400.0,32784800.0,5847400.0,1882900.0,26796700.0,4341700.0,18377400.0,2709300.0,34605200.0,10416800.0,21903900.0,492590000.0,9795300.0,6823500.0,30201600.0,50580200.0,5588000.0,501700.0,76991800.0,16468700.0,3354300.0,4601600.0,16947600.0,4006830000.0,0.0,0.0
2022-10-13,131159800.0,15800400.0,27980000.0,365300.0,18498400.0,234400.0,3390900.0,14313200.0,0.0,34574500.0,48832500.0,6220100.0,2844500.0,45376500.0,6465100.0,16220700.0,5026900.0,34325700.0,16126800.0,42551800.0,850103000.0,8412700.0,6910500.0,36040900.0,112894100.0,2763600.0,698400.0,147254500.0,36639300.0,9816700.0,3843400.0,20545500.0,5021680000.0,0.0,0.0
2022-10-14,96959300.0,8473200.0,22816000.0,402100.0,16128900.0,211500.0,2301600.0,15993200.0,0.0,25410700.0,37152100.0,5886200.0,1725400.0,29608600.0,5684600.0,15997900.0,2918300.0,23559400.0,14808800.0,30198600.0,713432000.0,5937900.0,5516800.0,37430100.0,77244300.0,2685100.0,515800.0,123737000.0,19440900.0,4166000.0,2511300.0,16641000.0,4243030000.0,0.0,0.0
2022-10-17,76977600.0,8793600.0,24120000.0,302900.0,12556600.0,505200.0,2097500.0,12991200.0,0.0,28419200.0,33820000.0,3215200.0,1911600.0,28199200.0,6710800.0,13721400.0,2758200.0,29612200.0,9090000.0,28142300.0,580774000.0,6401800.0,6664600.0,31751700.0,64576500.0,2297600.0,435900.0,93168200.0,11280100.0,5278400.0,3498300.0,17812500.0,4352780000.0,0.0,0.0
2022-10-18,103064500.0,9424000.0,20341000.0,471100.0,10635200.0,516200.0,1864000.0,14843200.0,0.0,24060700.0,37648400.0,4006600.0,1966500.0,34523100.0,10883600.0,11823100.0,3123600.0,25445000.0,8754800.0,26329600.0,659362000.0,4547400.0,7114200.0,37120400.0,69781000.0,3412000.0,907600.0,97162900.0,16656100.0,16244000.0,2961700.0,16842300.0,4483740000.0,0.0,0.0
2022-10-19,75704800.0,9288800.0,12702000.0,611400.0,6833400.0,646800.0,1207600.0,8131200.0,0.0,23811100.0,33194000.0,5762600.0,1571500.0,27146900.0,10044600.0,10182300.0,3021300.0,30691000.0,8840800.0,19985700.0,523131000.0,5200200.0,9993700.0,26594000.0,53115400.0,2119000.0,747300.0,79746900.0,12385200.0,8678400.0,3410100.0,11339400.0,4223800000.0,0.0,0.0
2022-10-20,79552600.0,6243200.0,23402000.0,346000.0,7374400.0,324200.0,1709500.0,8371200.0,0.0,25323200.0,47281100.0,5738400.0,1771200.0,26710700.0,5659900.0,16905100.0,2410700.0,26356300.0,8814000.0,21811000.0,652398000.0,4314000.0,8168000.0,26689500.0,60605500.0,2141800.0,655600.0,88283100.0,11300900.0,11496700.0,4054200.0,12754800.0,4496620000.0,0.0,0.0
2022-10-21,95366400.0,8714400.0,26980000.0,354400.0,5967400.0,361900.0,2508400.0,10774400.0,0.0,32458700.0,60211200.0,7528500.0,1309700.0,45402700.0,8487600.0,15034100.0,3254900.0,46348600.0,13277600.0,26299700.0,609494000.0,5071500.0,6394600.0,30705700.0,77897700.0,1743900.0,930800.0,131038400.0,13699000.0,5760900.0,4248900.0,18134700.0,5078020000.0,0.0,0.0
2022-10-24,76305400.0,5509600.0,25287000.0,810100.0,5864200.0,505000.0,2366200.0,8219600.0,0.0,27176400.0,29551200.0,6210800.0,1746500.0,27284500.0,6855500.0,17416700.0,4125100.0,63563400.0,8609200.0,24911200.0,517457000.0,5316500.0,6946000.0,28062200.0,63963600.0,1892200.0,860500.0,85436900.0,25010800.0,4174400.0,3992200.0,18806700.0,4747930000.0,0.0,0.0
2022-10-25,85501900.0,12796400.0,18246000.0,629600.0,6064000.0,1611400.0,2130900.0,8500400.0,0.0,40611400.0,37459200.0,6301500.0,2707200.0,33105700.0,5661900.0,28829900.0,2689000.0,38433200.0,6554800.0,34775500.0,505482000.0,5220000.0,6776000.0,31001500.0,59014500.0,3068200.0,522200.0,78846300.0,21700600.0,5039100.0,4838400.0,15051300.0,4843120000.0,0.0,0.0
2022-10-26,79761600.0,15498800.0,29291000.0,531100.0,6858400.0,996600.0,2088700.0,9435600.0,0.0,88114100.0,50552100.0,6692700.0,2849100.0,37084700.0,6123800.0,15831400.0,3582600.0,82791500.0,10037200.0,82543200.0,532953000.0,5136000.0,6612800.0,33530900.0,63492400.0,3027400.0,678200.0,104087300.0,14006000.0,7201100.0,3419400.0,20754300.0,4817310000.0,0.0,0.0
2022-10-27,83871400.0,21060000.0,18512000.0,395200.0,8849400.0,953700.0,1576600.0,9143200.0,0.0,60710900.0,49481500.0,7238100.0,2447500.0,28651800.0,5390900.0,16026100.0,4145700.0,232316600.0,9918400.0,40424600.0,583113000.0,5424100.0,6676700.0,28940800.0,57760300.0,2304500.0,595600.0,81971800.0,12937600.0,6037500.0,3738400.0,16602900.0,4687320000.0,0.0,0.0
2022-10-28,78198600.0,12880400.0,23094000.0,372400.0,8098100.0,952000.0,2369300.0,7490800.0,0.0,43697300.0,123446800.0,5659800.0,1878400.0,33221600.0,6073900.0,12888900.0,4647600.0,95928300.0,8682000.0,40647700.0,521040000.0,6715300.0,6996400.0,20697400.0,62651300.0,3057300.0,497300.0,100302000.0,11972300.0,4651600.0,4167400.0,13648200.0,4459410000.0,0.0,0.0
2022-10-31,73274100.0,13500400.0,19259000.0,556300.0,7242400.0,704800.0,2192200.0,8760800.0,0.0,31675000.0,60269700.0,4586900.0,2494000.0,25699400.0,7810000.0,14016400.0,3336100.0,121361400.0,11808000.0,28357300.0,486341000.0,4877200.0,8346300.0,31376100.0,47742000.0,2280200.0,783800.0,96631300.0,10802800.0,4395200.0,4428700.0,22572000.0,4820620000.0,0.0,0.0
2022-11-01,83806700.0,21069200.0,16324000.0,631600.0,4366200.0,564000.0,1586300.0,10324000.0,0.0,47161400.0,39586700.0,6066400.0,2143400.0,27446700.0,6985000.0,10659500.0,2740900.0,110189600.0,10776400.0,30592300.0,432817000.0,4084500.0,6428300.0,29800000.0,45895900.0,2114600.0,535700.0,85407600.0,11561900.0,4321200.0,2978700.0,14814300.0,4481210000.0,0.0,0.0
2022-11-02,142669400.0,13444800.0,21070000.0,842400.0,5130000.0,495000.0,2464400.0,17731200.0,0.0,57038300.0,50659500.0,7581400.0,1868300.0,38139600.0,6877300.0,14549200.0,3069900.0,71821100.0,9143200.0,38407000.0,672628000.0,4970600.0,7318100.0,36042600.0,79803100.0,2681000.0,560900.0,126990400.0,16547200.0,3673200.0,4376400.0,15522000.0,4899000000.0,0.0,0.0
2022-11-03,95279900.0,8249600.0,23887000.0,795700.0,4215900.0,487900.0,2010400.0,16001200.0,0.0,61288000.0,37507100.0,8403900.0,1658300.0,29093200.0,4819900.0,9194000.0,3225400.0,60664000.0,10364800.0,36633900.0,500065000.0,3753800.0,5204000.0,36419500.0,70038900.0,3168200.0,414900.0,87100100.0,11040900.0,5025900.0,4399000.0,10976400.0,4625290000.0,0.0,0.0
2022-11-04,84791300.0,15840000.0,28891000.0,535800.0,7648000.0,349900.0,1987300.0,32994000.0,0.0,51124900.0,39849100.0,5287000.0,2237700.0,25842400.0,5300900.0,9725900.0,3256500.0,55638100.0,24734400.0,36789100.0,612576000.0,3922400.0,5555400.0,64338900.0,78313200.0,2586000.0,652400.0,103505200.0,14662800.0,3230800.0,7181200.0,14669400.0,5400180000.0,0.0,0.0
2022-11-07,62722500.0,7578000.0,17687000.0,554400.0,6028100.0,260700.0,2036000.0,21655600.0,0.0,34078900.0,24913000.0,4289300.0,1461400.0,20689900.0,6621000.0,8849700.0,3029500.0,81987300.0,12164400.0,33498000.0,410061000.0,3246100.0,6746800.0,99332800.0,47333800.0,2485200.0,592300.0,68286900.0,8507100.0,3503300.0,5051000.0,11364000.0,4341620000.0,0.0,0.0
2022-11-08,75938000.0,12930800.0,20743000.0,718800.0,4470000.0,443600.0,1709900.0,18299200.0,0.0,30429000.0,39489200.0,4679200.0,3762100.0,20265200.0,5148400.0,10081600.0,2628800.0,52088300.0,10422800.0,28192500.0,595292000.0,3724700.0,5266200.0,56353900.0,63213800.0,2019000.0,400800.0,84641100.0,14102800.0,3478600.0,3912900.0,15068400.0,4607640000.0,0.0,0.0
2022-11-09,62940300.0,12337600.0,23695000.0,1628000.0,5348900.0,275800.0,1640500.0,14873600.0,0.0,31769100.0,45728900.0,3658100.0,3297900.0,27277000.0,6150000.0,10115200.0,2610800.0,107677300.0,7858800.0,27852900.0,454414000.0,4723600.0,5690700.0,42517300.0,64862100.0,4027200.0,458300.0,78495500.0,15086800.0,3066500.0,3345200.0,15932100.0,4645010000.0,0.0,0.0
2022-11-10,107996300.0,14522800.0,33970000.0,871700.0,6269100.0,380400.0,3098300.0,20918000.0,0.0,51620100.0,67165700.0,9608300.0,4050800.0,38572800.0,7877500.0,16804800.0,4510900.0,80671000.0,13318400.0,46268000.0,700819000.0,6704100.0,8068700.0,58579800.0,99256700.0,5296600.0,451300.0,141455800.0,21367900.0,5087200.0,3465900.0,20310600.0,5781260000.0,0.0,0.0
2022-11-11,111709500.0,11499200.0,26728000.0,842500.0,5723500.0,400500.0,2393500.0,18480800.0,0.0,33090500.0,20934800.0,2840200.0,3027400.0,28765400.0,11074700.0,18972100.0,4742800.0,59961700.0,10777600.0,34620200.0,655487000.0,7390500.0,7175200.0,55324100.0,66961800.0,4028300.0,734800.0,93839900.0,15524700.0,3802000.0,3527600.0,19270800.0,5593310000.0,0.0,0.0
2022-11-14,108892800.0,13107600.0,21608000.0,654800.0,3736600.0,558300.0,1820200.0,12174800.0,0.0,30179500.0,37932800.0,4130800.0,3930500.0,26499600.0,6581500.0,16361000.0,3357400.0,53395000.0,7029200.0,31123300.0,527852000.0,5633000.0,8516200.0,37402700.0,55290700.0,3349000.0,774900.0,71903500.0,11575300.0,2306400.0,3675500.0,37525800.0,4561930000.0,0.0,0.0
2022-11-15,108946300.0,9685600.0,23315000.0,725400.0,4619800.0,419100.0,2502200.0,15868400.0,0.0,41640800.0,50673700.0,6841600.0,6816900.0,26128800.0,9351000.0,13295800.0,5429100.0,50670500.0,12259200.0,31390100.0,545876000.0,5153600.0,7732400.0,34454100.0,73985400.0,4809200.0,723400.0,93194500.0,48742400.0,5622600.0,3885200.0,76548600.0,5015310000.0,0.0,0.0
2022-11-16,79968000.0,5824000.0,25405000.0,645500.0,3196300.0,472600.0,1833600.0,10158000.0,0.0,29105200.0,31124900.0,6140100.0,2695800.0,24802000.0,5500900.0,14199500.0,4132700.0,33287800.0,9308800.0,24093300.0,649547000.0,4701100.0,6193700.0,28436000.0,48859800.0,5544000.0,684000.0,68508500.0,24006600.0,5325600.0,3395200.0,32593200.0,4165320000.0,0.0,0.0
2022-11-17,82320800.0,7471200.0,20375000.0,539800.0,4074700.0,369400.0,1902500.0,15709600.0,0.0,26052600.0,34338000.0,5986800.0,5582500.0,20835700.0,4464100.0,11212600.0,2467400.0,35093800.0,7166400.0,23123500.0,710894000.0,3920300.0,5186300.0,33746500.0,55462100.0,3553400.0,429100.0,74496300.0,24278400.0,3607900.0,2599100.0,24791400.0,4051780000.0,0.0,0.0
2022-11-18,73223200.0,7818400.0,14536000.0,853800.0,3958800.0,277800.0,1584400.0,21619600.0,0.0,28342300.0,31663800.0,3102100.0,3034500.0,27269100.0,6555700.0,10415600.0,2699200.0,33357700.0,8347200.0,27613500.0,492072000.0,4498100.0,5671400.0,27245200.0,53588600.0,2205700.0,388000.0,92922500.0,18578400.0,2389400.0,3763000.0,18987000.0,4037360000.0,0.0,0.0
2022-11-21,51536300.0,5042000.0,18622000.0,353400.0,5601900.0,250700.0,1268300.0,11548800.0,0.0,21647400.0,19070500.0,4477700.0,2345600.0,19038900.0,5706600.0,15399400.0,2974200.0,24351100.0,10195600.0,26394700.0,404739000.0,4397600.0,6377200.0,36605600.0,40083500.0,3720000.0,450000.0,51243200.0,18659700.0,2597400.0,2292200.0,21157200.0,3850690000.0,0.0,0.0
2022-11-22,55450200.0,6710000.0,18920000.0,409800.0,3832700.0,394700.0,1809100.0,15404800.0,0.0,23438500.0,24572500.0,5532800.0,1689300.0,16869700.0,4707900.0,12319600.0,2770400.0,29029000.0,11966000.0,19665700.0,472866000.0,4109600.0,5372900.0,27327800.0,41873400.0,2867500.0,453600.0,60429000.0,16504700.0,2076400.0,2276600.0,16898400.0,3887990000.0,0.0,0.0
2022-11-23,81623600.0,6086400.0,13964000.0,412800.0,2281600.0,275400.0,1288200.0,10312400.0,0.0,18868100.0,30316300.0,5236500.0,2242200.0,19758800.0,5389200.0,8990400.0,2514800.0,21343100.0,7904000.0,19508500.0,427241000.0,2511000.0,4296000.0,24182900.0,46390000.0,3245800.0,336500.0,68261600.0,14683800.0,1497400.0,1865800.0,16920600.0,3279720000.0,0.0,0.0
2022-11-25,26018900.0,2579600.0,7455000.0,266000.0,1511700.0,131200.0,744200.0,4090000.0,0.0,9701400.0,9465900.0,1345400.0,756700.0,13393400.0,3058600.0,5165500.0,1596600.0,12007600.0,3470400.0,9200800.0,167934000.0,1837000.0,2411100.0,10824400.0,15498800.0,3209900.0,358000.0,30545400.0,5908300.0,1138800.0,1271600.0,8777400.0,1706460000.0,0.0,0.0
2022-11-28,45383800.0,5498400.0,23505000.0,365000.0,4658000.0,437100.0,1684300.0,13528800.0,0.0,26237500.0,31668900.0,4218400.0,1998900.0,17465600.0,6183100.0,12267500.0,3160500.0,23309400.0,8002800.0,24778200.0,303741000.0,6411400.0,6628200.0,19438000.0,38714200.0,3842500.0,565500.0,67881600.0,13214200.0,2479200.0,1896900.0,17674800.0,3615430000.0,0.0,0.0
2022-11-29,51846400.0,4440400.0,12694000.0,428200.0,2768100.0,369800.0,1685700.0,42218400.0,0.0,20061700.0,27162300.0,3356600.0,1631500.0,14020600.0,6700500.0,10969600.0,2873500.0,23899200.0,9396400.0,17956300.0,298384000.0,4375400.0,5634200.0,22150800.0,35618900.0,4053900.0,453800.0,52310000.0,11502300.0,1933700.0,2631200.0,13841700.0,3546040000.0,0.0,0.0
2022-11-30,88468400.0,11393200.0,47349000.0,836600.0,4101000.0,304800.0,3601800.0,154592000.0,0.0,43647500.0,41702100.0,7127100.0,3408600.0,28030100.0,13288000.0,30433900.0,5196500.0,43348600.0,18096400.0,47594200.0,565298000.0,7915600.0,12396800.0,32745700.0,74718100.0,4943700.0,703300.0,144566700.0,21667300.0,2282900.0,7650700.0,31338000.0,6579360000.0,0.0,0.0
2022-12-01,59833400.0,6571600.0,23006000.0,772700.0,3776100.0,458600.0,6970400.0,57771200.0,0.0,28687100.0,42134200.0,17629100.0,2318800.0,21996400.0,6282600.0,12001400.0,2599600.0,36551400.0,8461600.0,26041500.0,470977000.0,4683300.0,6927400.0,34424400.0,51547300.0,3203500.0,616600.0,76398200.0,15975100.0,2557100.0,4111800.0,22732200.0,4527130000.0,0.0,0.0
2022-12-02,64377200.0,8066800.0,19320000.0,449400.0,3632800.0,498900.0,3632100.0,35404000.0,0.0,21480700.0,27535800.0,5783700.0,2881700.0,22574800.0,5823900.0,13643500.0,2807500.0,39950500.0,6749200.0,21528500.0,371389000.0,3547700.0,4938300.0,18794000.0,53583200.0,2498700.0,519800.0,85342700.0,10519800.0,3201300.0,1941600.0,20733000.0,4012620000.0,0.0,0.0
2022-12-05,47022200.0,5273200.0,18548000.0,423100.0,4499300.0,366500.0,2455300.0,23122800.0,0.0,24405100.0,29736500.0,6295800.0,3261300.0,25449300.0,5120600.0,9185100.0,2586900.0,35474900.0,6826000.0,23435300.0,352255000.0,4083200.0,5402500.0,32158200.0,41482100.0,3028700.0,647000.0,77289800.0,11523300.0,2045500.0,2570600.0,23608200.0,4280820000.0,0.0,0.0
2022-12-06,64965200.0,8334000.0,19655000.0,1060600.0,5457100.0,362000.0,2995900.0,18963600.0,0.0,24910700.0,24976800.0,5745500.0,3876800.0,18502100.0,7943500.0,10099500.0,3573000.0,43689200.0,6259600.0,22463700.0,352694000.0,5835100.0,6866700.0,32868100.0,53937600.0,3437500.0,415000.0,77972200.0,13992100.0,3117100.0,3779300.0,20625600.0,4368380000.0,0.0,0.0
2022-12-07,59180100.0,11263600.0,16524000.0,1164700.0,7005600.0,234200.0,2072600.0,18620800.0,0.0,31045400.0,24614200.0,5386200.0,2317300.0,17177800.0,5702600.0,12307600.0,2766400.0,29461100.0,4713200.0,20481500.0,372388000.0,4241700.0,6175500.0,28351600.0,45614300.0,3145300.0,444300.0,65927900.0,14925300.0,2911900.0,3313600.0,17550300.0,4118050000.0,0.0,0.0
2022-12-08,56734100.0,10896800.0,27514000.0,536100.0,5843700.0,200700.0,2901000.0,17170400.0,0.0,32213300.0,23839500.0,5325800.0,2050700.0,20971400.0,4798500.0,9946200.0,3022700.0,30619400.0,4294000.0,22611800.0,515456000.0,3800800.0,5187100.0,23107700.0,42594900.0,2720700.0,570500.0,60737900.0,11197500.0,2774200.0,2201700.0,13512600.0,4006900000.0,0.0,0.0
2022-12-09,59058300.0,7669200.0,37028000.0,399200.0,3176700.0,252600.0,4211100.0,12058400.0,0.0,28225400.0,20687300.0,4343100.0,1617800.0,22046500.0,4561000.0,13914900.0,1677400.0,26033400.0,5467600.0,20609700.0,465338000.0,3116100.0,5868200.0,23367300.0,47860500.0,1816200.0,384100.0,81447700.0,13787900.0,2469000.0,3274300.0,27929400.0,3888260000.0,0.0,0.0
2022-12-12,60968300.0,7929600.0,23416000.0,394700.0,4337900.0,429000.0,2276400.0,12138400.0,0.0,29420000.0,22415700.0,5192200.0,2150300.0,22765400.0,4882400.0,11647900.0,3230500.0,24747100.0,6102800.0,30665100.0,457328000.0,4691400.0,6142400.0,22672400.0,35732500.0,2277800.0,353100.0,75405800.0,11516600.0,2398700.0,2360000.0,19432200.0,3904130000.0,0.0,0.0
2022-12-13,72458000.0,10816000.0,40414000.0,596100.0,4362900.0,420700.0,2626700.0,17820400.0,0.0,40593700.0,45923300.0,7856600.0,3858800.0,38445300.0,9177500.0,17521600.0,3390100.0,44701100.0,6656000.0,42196900.0,656589000.0,5634900.0,7680600.0,41033800.0,80667700.0,3899500.0,906500.0,123782500.0,16938000.0,2798900.0,5246100.0,23408100.0,5079360000.0,0.0,0.0
2022-12-14,67278000.0,8597600.0,35218000.0,412300.0,3547900.0,385200.0,2145000.0,15744000.0,0.0,28733600.0,57177300.0,6533200.0,3240600.0,32406900.0,9533600.0,12826700.0,2660900.0,36922000.0,11089600.0,35410900.0,496888000.0,5392500.0,7385600.0,22653800.0,64984400.0,3473500.0,1120000.0,108111300.0,17910000.0,1893800.0,3566400.0,20334600.0,4472340000.0,0.0,0.0
2022-12-15,58557000.0,10186400.0,36876000.0,393200.0,3501700.0,282300.0,3437700.0,12948800.0,0.0,40107000.0,41666500.0,4344200.0,5457100.0,33546700.0,7602400.0,12212300.0,2735300.0,34531000.0,7867600.0,35560400.0,478542000.0,6127800.0,7117200.0,25417100.0,60554100.0,2852100.0,836000.0,117705900.0,17080200.0,1879200.0,3407400.0,17514000.0,4493900000.0,0.0,0.0
2022-12-16,62438600.0,13683200.0,49549000.0,709700.0,5169100.0,488000.0,4909200.0,20167600.0,0.0,58011800.0,38197100.0,4432800.0,4233000.0,38502400.0,18841800.0,33631500.0,5932500.0,67064000.0,24451600.0,86102000.0,478232000.0,15708100.0,19966400.0,32655600.0,68300400.0,6088700.0,1939500.0,119858000.0,11929100.0,4501500.0,5457400.0,40343100.0,7493660000.0,0.0,0.0
2022-12-19,46246900.0,6730400.0,25092000.0,471000.0,4313400.0,212900.0,1939200.0,16856000.0,0.0,29493000.0,24135100.0,3951100.0,3166000.0,25614000.0,5736000.0,10919700.0,2160800.0,29769900.0,6690000.0,29696400.0,354039000.0,4447800.0,5881800.0,41511600.0,44167900.0,4313500.0,1029900.0,79878100.0,12561300.0,2309400.0,3304100.0,15067500.0,3969610000.0,0.0,0.0
2022-12-20,52431300.0,6849200.0,29831000.0,579000.0,4459600.0,241600.0,1993700.0,13815200.0,0.0,23453800.0,32917800.0,4199800.0,2835700.0,18050800.0,6174700.0,10286500.0,1785600.0,28742500.0,6099600.0,25150800.0,403260000.0,3249000.0,5646100.0,30215600.0,51064200.0,5952600.0,984200.0,74427200.0,12080600.0,1624400.0,4042400.0,17009400.0,3985370000.0,0.0,0.0
2022-12-21,44167600.0,4728400.0,25619000.0,500100.0,4509600.0,240400.0,1462400.0,27170800.0,0.0,24745600.0,23211500.0,4406600.0,2052700.0,22997200.0,5472000.0,10411300.0,2366800.0,20392800.0,4955600.0,23690600.0,325025000.0,4236900.0,5024700.0,34408600.0,46394700.0,3780600.0,405700.0,78167400.0,10806100.0,1621200.0,4215300.0,13726500.0,3775200000.0,0.0,0.0
2022-12-22,73917700.0,6910800.0,27553000.0,370300.0,4088700.0,316500.0,1906100.0,17511200.0,0.0,27658300.0,26893700.0,2143100.0,5613300.0,21297600.0,5709100.0,9666700.0,2366700.0,23618100.0,6154800.0,28651700.0,565045000.0,4304700.0,5904900.0,28066000.0,60278400.0,2610100.0,475900.0,100120900.0,13019700.0,1663200.0,2380400.0,13082400.0,3956950000.0,0.0,0.0
2022-12-23,45923000.0,3981600.0,13761000.0,306600.0,4147600.0,108100.0,1229500.0,13300800.0,0.0,23003000.0,13196500.0,3164900.0,4519200.0,11647700.0,3683400.0,6463300.0,1269000.0,17796600.0,2861200.0,21207000.0,349326000.0,2197800.0,3401800.0,20419000.0,39373600.0,1903800.0,245000.0,59857300.0,7452600.0,1282300.0,2249500.0,9547500.0,2819280000.0,0.0,0.0
2022-12-27,36086000.0,2807600.0,16677000.0,291200.0,4368600.0,268900.0,1230800.0,12407600.0,0.0,20097300.0,22108000.0,4780800.0,4232500.0,13553800.0,3067300.0,7320700.0,1674700.0,21392300.0,6000400.0,16688600.0,464902000.0,3045000.0,4215100.0,34573300.0,38009000.0,3028100.0,400300.0,51638200.0,8974800.0,2087400.0,2208200.0,10044600.0,3030300000.0,0.0,0.0
2022-12-28,39526500.0,4346000.0,15410000.0,290300.0,3176400.0,337800.0,1324100.0,14128000.0,0.0,19523200.0,41064800.0,3161200.0,3397600.0,19648000.0,2645400.0,7159400.0,1427800.0,19612500.0,4486800.0,17457100.0,351066000.0,2694300.0,4197500.0,30096800.0,47139000.0,3218100.0,252400.0,70911500.0,10275700.0,1633200.0,5352700.0,15246300.0,3083520000.0,0.0,0.0
2022-12-29,41428500.0,4895200.0,18176000.0,296200.0,3100700.0,332200.0,1465000.0,12571200.0,0.0,23333500.0,33378900.0,4021800.0,4854400.0,22311300.0,2828800.0,7169300.0,1393900.0,22366200.0,4416000.0,19770700.0,354923000.0,2549200.0,3809100.0,42694200.0,45893600.0,3993100.0,340800.0,66970900.0,11142500.0,3452000.0,1954800.0,9171900.0,3003680000.0,0.0,0.0
2022-12-30,37127000.0,3355600.0,14376000.0,341500.0,2972300.0,310100.0,1803200.0,12595600.0,0.0,23986300.0,15170300.0,5043800.0,2348600.0,21275600.0,4216600.0,7650200.0,1720100.0,19583800.0,4577200.0,21938500.0,310490000.0,3136200.0,4532000.0,27830900.0,37858300.0,2692100.0,337500.0,84022200.0,7784100.0,2354000.0,3424700.0,11505900.0,2979870000.0,0.0,0.0
2023-01-03,46851800.0,6774800.0,20173000.0,441500.0,5738700.0,374700.0,1978100.0,13790000.0,0.0,28131200.0,28787700.0,6808300.0,2736600.0,22503800.0,6344900.0,12180500.0,2743800.0,35528500.0,6027200.0,25740000.0,401277000.0,5137400.0,6447300.0,29969900.0,42335300.0,3877200.0,480200.0,74850700.0,9276200.0,3458300.0,3868900.0,17249700.0,3959140000.0,0.0,0.0
2023-01-04,47477100.0,18456400.0,17074000.0,438100.0,4351400.0,308400.0,2097300.0,12152800.0,0.0,34854800.0,37120100.0,7800100.0,2001400.0,22973500.0,9788800.0,13387900.0,2584100.0,32397100.0,6976000.0,50623400.0,431324000.0,4771300.0,7313400.0,31660500.0,47754900.0,2126800.0,503200.0,85934100.0,12316400.0,2505300.0,3934000.0,13338300.0,4414080000.0,0.0,0.0
2023-01-05,46159500.0,14831600.0,16277000.0,537100.0,3578200.0,418600.0,2169300.0,40006800.0,0.0,27194400.0,35142000.0,3177900.0,1883500.0,17032600.0,6255300.0,9814700.0,1945600.0,25447100.0,7396400.0,39585600.0,389168000.0,3647100.0,5373800.0,34186000.0,45396700.0,2669900.0,336000.0,76970500.0,10039200.0,2951600.0,2319200.0,13274400.0,3893450000.0,0.0,0.0
2023-01-06,70161300.0,9314000.0,35261000.0,372900.0,6323200.0,269400.0,5174500.0,27089200.0,0.0,41381500.0,60041200.0,6807700.0,1728800.0,21986900.0,5706000.0,9990000.0,2855400.0,27584500.0,7762800.0,43613600.0,405044000.0,3713200.0,7882200.0,30596400.0,54659700.0,3133200.0,477800.0,104189600.0,13744100.0,2504700.0,3411900.0,21231900.0,3923560000.0,0.0,0.0
2023-01-09,69741300.0,7245200.0,37739000.0,740700.0,5537600.0,297900.0,2384800.0,25726800.0,0.0,29003900.0,35806900.0,4988000.0,3357800.0,18366500.0,7925300.0,9442600.0,2654600.0,26649100.0,7204000.0,27369800.0,504231000.0,3319200.0,5727000.0,31028900.0,45568700.0,2333300.0,750800.0,73978100.0,22247600.0,4388600.0,2912000.0,17756700.0,4311770000.0,0.0,0.0
2023-01-10,41149600.0,5217200.0,44635000.0,489500.0,3428800.0,583500.0,1649900.0,30820000.0,0.0,30467800.0,35695500.0,4026900.0,2284500.0,18751100.0,5047500.0,10134600.0,1718400.0,28684400.0,9967200.0,27033900.0,384101000.0,3817300.0,4716400.0,28236600.0,35247800.0,1998700.0,595700.0,65358100.0,10269000.0,2425000.0,2873600.0,11970600.0,3851030000.0,0.0,0.0
2023-01-11,44470100.0,5926400.0,22502000.0,637900.0,4241500.0,516400.0,1576400.0,21000400.0,0.0,26862000.0,31826700.0,7118700.0,2697800.0,18222700.0,6494800.0,10823000.0,2391400.0,25423000.0,7910400.0,28669300.0,353285000.0,4369900.0,8691300.0,25936700.0,44077000.0,2464100.0,413000.0,68881100.0,11771400.0,1817900.0,2395400.0,14834700.0,4303360000.0,0.0,0.0
2023-01-12,70066200.0,6387200.0,19514000.0,519200.0,3445300.0,364800.0,1628200.0,19219200.0,0.0,30258100.0,29404900.0,5768000.0,2986600.0,29650800.0,4269400.0,13907300.0,1933000.0,30757700.0,8033200.0,27269500.0,551409000.0,4246600.0,7801600.0,30152500.0,60600000.0,3219000.0,652300.0,90157700.0,36086800.0,1886400.0,3315700.0,12472800.0,4440260000.0,0.0,0.0
2023-01-13,45757400.0,7999600.0,19647000.0,774900.0,2971500.0,502500.0,1405900.0,16841200.0,0.0,26329200.0,26301500.0,5573500.0,4058400.0,22120000.0,6088000.0,13986400.0,2168900.0,22423800.0,8000800.0,21333300.0,447287000.0,4720400.0,5535800.0,20981000.0,44802900.0,6578400.0,852700.0,63903900.0,18719900.0,1840500.0,2806900.0,13699800.0,3939700000.0,0.0,0.0
2023-01-17,42621300.0,10824800.0,15835000.0,582100.0,2930100.0,587100.0,1539900.0,26614000.0,0.0,32602400.0,30961200.0,3709000.0,3102200.0,22422600.0,6053300.0,18327800.0,3640200.0,21147600.0,11163600.0,29831300.0,511102000.0,5032600.0,9611800.0,30910300.0,36269700.0,5194000.0,745900.0,62677300.0,21850000.0,1798000.0,3593700.0,15122400.0,4235560000.0,0.0,0.0
2023-01-18,39538700.0,9951200.0,15703000.0,559100.0,4951400.0,562300.0,1925500.0,20896400.0,0.0,29116700.0,52989700.0,7926400.0,2382900.0,23507800.0,7047800.0,19679400.0,3276500.0,20215500.0,12368000.0,30028700.0,439624000.0,5032600.0,10461200.0,32743400.0,47754500.0,6095100.0,581800.0,99632300.0,19209800.0,2442900.0,3684600.0,22674300.0,4298710000.0,0.0,0.0
2023-01-19,47189900.0,6972000.0,22692000.0,567000.0,3208000.0,581600.0,1919500.0,18950000.0,0.0,37000400.0,50070900.0,4234100.0,1799600.0,24624500.0,6939500.0,14894500.0,2845400.0,28625200.0,8727200.0,28623000.0,452932000.0,4720400.0,12683700.0,24841700.0,44150400.0,4902600.0,568200.0,86958900.0,13651100.0,2197000.0,3749800.0,17342100.0,3991500000.0,0.0,0.0
2023-01-20,47757600.0,8554800.0,22950000.0,585200.0,7307500.0,244700.0,2588600.0,16538800.0,0.0,63191100.0,36625400.0,8822700.0,3701100.0,36070300.0,8620600.0,14237700.0,2588600.0,28688600.0,9848000.0,35389800.0,564967000.0,5779100.0,8603300.0,28751700.0,60613600.0,4876300.0,605400.0,91806400.0,14287200.0,1491000.0,3420300.0,29543100.0,4013360000.0,0.0,0.0
2023-01-23,84293200.0,7890400.0,23429000.0,1460300.0,3549000.0,328800.0,2709400.0,14615200.0,0.0,40005100.0,26764800.0,4334900.0,3860000.0,20329900.0,8425400.0,12613400.0,2434000.0,27470100.0,8192000.0,31934000.0,655163000.0,5440400.0,7473100.0,31633300.0,52799900.0,4296100.0,1127600.0,84178800.0,22875100.0,4017500.0,2798200.0,13149900.0,3945210000.0,0.0,0.0
2023-01-24,60822600.0,7675600.0,13825000.0,577800.0,3103400.0,373500.0,1510200.0,20328800.0,0.0,33078500.0,27774500.0,3540300.0,1794800.0,19263500.0,10541800.0,10103300.0,2517100.0,21970200.0,8250000.0,40234400.0,496204000.0,4125600.0,6822500.0,22649500.0,44875100.0,3699900.0,1197600.0,59524900.0,11370500.0,2496700.0,2632500.0,13669200.0,3320430000.0,0.0,0.0
2023-01-25,49932600.0,8468800.0,13766000.0,556000.0,3752900.0,670700.0,1329800.0,30584800.0,0.0,42330000.0,25857700.0,2924700.0,1582700.0,18174600.0,7099800.0,11265800.0,3097400.0,26622000.0,7292400.0,66526600.0,449537000.0,3852800.0,6902600.0,37147900.0,50872000.0,4641900.0,1894600.0,84800300.0,14147300.0,3616400.0,2231800.0,12491700.0,3724020000.0,0.0,0.0
2023-01-26,49583900.0,6474800.0,24525000.0,718400.0,3793300.0,998800.0,1576400.0,24278000.0,0.0,30114000.0,25512400.0,2875400.0,3110200.0,18369100.0,6946100.0,11884800.0,2222500.0,25482100.0,7529600.0,33454500.0,489535000.0,4558400.0,5398600.0,28005600.0,51596300.0,3034500.0,1087200.0,72287400.0,15759400.0,4217200.0,2012100.0,15819000.0,3809590000.0,0.0,0.0
2023-01-27,58118600.0,8716000.0,19344000.0,880900.0,7614800.0,554200.0,2034100.0,24382800.0,0.0,33879800.0,35813400.0,5524100.0,4102600.0,20019900.0,6058100.0,14087000.0,2203200.0,35771900.0,6300000.0,26498900.0,542142000.0,5451400.0,6870800.0,37555200.0,56441900.0,3663700.0,1049100.0,68346200.0,13646600.0,3144100.0,1899800.0,18412800.0,3907760000.0,0.0,0.0
2023-01-30,48105200.0,7096400.0,16984000.0,812600.0,6129300.0,670400.0,1855900.0,21072400.0,0.0,27226200.0,32002000.0,2584600.0,2272700.0,18395100.0,23259100.0,15632000.0,2862400.0,28040100.0,6638000.0,25867400.0,488611000.0,5191500.0,6369300.0,28567800.0,49405800.0,2232400.0,1324500.0,74202000.0,14079800.0,1808100.0,2132900.0,15897600.0,3802000000.0,0.0,0.0
2023-01-31,71669100.0,6803200.0,23719000.0,790200.0,5403300.0,547600.0,1924100.0,18593200.0,0.0,29870700.0,41006600.0,4856400.0,2490900.0,21567900.0,11612500.0,14344400.0,5477900.0,29842100.0,6761200.0,26541100.0,498017000.0,4665500.0,9373400.0,40984000.0,46705100.0,2053900.0,3376800.0,86811800.0,13342100.0,2066500.0,2573000.0,14103600.0,4679320000.0,0.0,0.0
2023-02-01,152548200.0,15002000.0,26553000.0,511400.0,6862700.0,482100.0,2080200.0,21574800.0,0.0,35531100.0,46900900.0,20159100.0,4175100.0,27007300.0,9865300.0,12535400.0,3557700.0,55661000.0,7983600.0,31259900.0,660477000.0,4147700.0,7207900.0,50123700.0,67562200.0,6022400.0,1179800.0,101459200.0,16788500.0,2065700.0,2495800.0,12849300.0,4856930000.0,0.0,0.0
2023-02-02,97762100.0,18964800.0,24188000.0,681300.0,6740600.0,952600.0,2287400.0,28503200.0,0.0,69883800.0,56399900.0,5823000.0,7545200.0,31020400.0,10099000.0,16947200.0,3735600.0,150475700.0,9396000.0,39940400.0,564276000.0,5653800.0,6444300.0,71889700.0,83070600.0,7139900.0,927800.0,101654500.0,14925300.0,2340500.0,3012000.0,17806800.0,5624360000.0,0.0,0.0
2023-02-03,66557800.0,8339600.0,19093000.0,461400.0,5859300.0,542800.0,1844100.0,16076400.0,0.0,65309300.0,39682300.0,5267000.0,4767500.0,24981500.0,6868500.0,15404400.0,3008500.0,76809700.0,10383200.0,29077300.0,429366000.0,5308200.0,5993100.0,64785500.0,76170800.0,6147300.0,811900.0,94736800.0,12242200.0,3013600.0,5011300.0,17155500.0,4694510000.0,0.0,0.0
2023-02-06,53008900.0,8419200.0,18709000.0,558500.0,3824700.0,470900.0,1740100.0,15458800.0,0.0,31999600.0,40944200.0,5500400.0,9931600.0,18160100.0,7021000.0,11330900.0,2863900.0,42483800.0,5697200.0,22518000.0,452197000.0,5640000.0,6108100.0,38845500.0,40802300.0,4660200.0,601400.0,60295300.0,12425200.0,3748500.0,4087200.0,17454000.0,4114240000.0,0.0,0.0
2023-02-07,65291900.0,9198800.0,24025000.0,2400500.0,3744600.0,398500.0,1927300.0,16461200.0,0.0,49010200.0,37101300.0,5678900.0,5826600.0,27074100.0,7310800.0,14922700.0,2514000.0,47080700.0,8498400.0,50841400.0,664150000.0,6044700.0,6278300.0,42201800.0,67584000.0,4685400.0,961800.0,90990700.0,15258900.0,4991300.0,1930600.0,16341300.0,4355860000.0,0.0,0.0
2023-02-08,54140400.0,11512000.0,15290000.0,1162000.0,4146300.0,243600.0,2062900.0,20848400.0,0.0,94743500.0,34066600.0,6137600.0,3321200.0,17933500.0,6054700.0,11012000.0,2801800.0,36139100.0,6482000.0,54686000.0,559651000.0,5687300.0,7123800.0,35105500.0,56720900.0,2148000.0,684100.0,76227500.0,12899700.0,5075000.0,1398800.0,11691300.0,4029820000.0,0.0,0.0
2023-02-09,46525400.0,8660400.0,18837000.0,810500.0,8910900.0,300100.0,1517300.0,14563600.0,0.0,119455000.0,42581900.0,7358300.0,4728600.0,20516600.0,7949500.0,12515300.0,3534600.0,37118800.0,6140400.0,42375100.0,523876000.0,9619400.0,6547400.0,33366700.0,49137800.0,3479800.0,586500.0,78694900.0,16997400.0,3937700.0,2709200.0,13064400.0,4270200000.0,0.0,0.0
2023-02-10,49332600.0,7745200.0,21035000.0,630200.0,6125400.0,316800.0,1536800.0,13846000.0,0.0,54980700.0,65905000.0,5290000.0,2746900.0,15248700.0,7028000.0,14420700.0,3049900.0,33433600.0,4694000.0,25818500.0,550737000.0,6176000.0,8108900.0,43042400.0,50050100.0,4209200.0,626500.0,70769700.0,11511400.0,3260200.0,1872100.0,15002700.0,3891520000.0,0.0,0.0
2023-02-13,45400000.0,12510000.0,19847000.0,562900.0,4099300.0,505900.0,1452600.0,10682800.0,0.0,50076100.0,38741300.0,17262300.0,2522000.0,15754400.0,6414700.0,16191800.0,2418300.0,31463200.0,4417200.0,44630900.0,474919000.0,5205100.0,5081600.0,87397100.0,39636700.0,2050200.0,525400.0,64913500.0,7803500.0,2269400.0,1590500.0,16015800.0,3448620000.0,0.0,0.0
2023-02-14,55979700.0,29936000.0,17571000.0,426100.0,4484700.0,747600.0,1257300.0,15724000.0,0.0,54726100.0,54193600.0,7133600.0,3956000.0,21889600.0,6316000.0,20505700.0,2202100.0,24034600.0,7884400.0,37047900.0,675474000.0,5203000.0,5253500.0,216055200.0,64079100.0,3523500.0,393800.0,88389300.0,15345100.0,2557300.0,2431500.0,13831200.0,3929200000.0,0.0,0.0
2023-02-15,46430200.0,11473200.0,12683000.0,395500.0,3960000.0,422200.0,1422600.0,16794000.0,0.0,50169000.0,44897600.0,4964700.0,5529600.0,18721200.0,12621800.0,13171400.0,1862000.0,25308900.0,7652800.0,28922400.0,420575000.0,4125500.0,5530300.0,153210400.0,43100600.0,4612900.0,448500.0,61555700.0,30208300.0,3354500.0,3412900.0,14674200.0,4075980000.0,0.0,0.0
2023-02-16,57755200.0,9157200.0,17449000.0,405200.0,4855300.0,321400.0,1456000.0,16876400.0,0.0,42462600.0,89945400.0,27126400.0,3491500.0,21366300.0,11177000.0,16538300.0,2785400.0,25827500.0,8491600.0,29603600.0,412026000.0,4973200.0,7595700.0,88638800.0,59498600.0,2740500.0,472000.0,76431500.0,15568400.0,2939900.0,4614000.0,16312200.0,4143660000.0,0.0,0.0
2023-02-17,47826600.0,7675600.0,14215000.0,836700.0,4126500.0,470600.0,1340400.0,14853200.0,0.0,34284100.0,75910300.0,4540500.0,3684500.0,23892200.0,12401900.0,16814700.0,3055600.0,24171300.0,5444800.0,30000100.0,465888000.0,3952100.0,8034700.0,62137800.0,58230700.0,3420400.0,490000.0,89257800.0,11235300.0,3823900.0,3582100.0,24770700.0,4045480000.0,0.0,0.0
2023-02-21,44045600.0,5539600.0,22737000.0,527100.0,6495100.0,543800.0,1811800.0,14483200.0,0.0,33629300.0,98782400.0,11382100.0,2904900.0,26004000.0,9423900.0,14278300.0,2824300.0,34592600.0,7072400.0,28397400.0,410015000.0,5797300.0,6899500.0,65226600.0,46526700.0,3117400.0,688000.0,82655900.0,14007600.0,4883400.0,3216000.0,54393900.0,4121590000.0,0.0,0.0
2023-02-22,50286800.0,8826000.0,23475000.0,459700.0,4464700.0,944900.0,1332000.0,21040400.0,0.0,30884000.0,70093300.0,30136400.0,2515200.0,24651700.0,9820200.0,12409600.0,2192000.0,22433200.0,7427200.0,22491100.0,513184000.0,5299500.0,6126300.0,55346000.0,51389200.0,4199500.0,615400.0,83742300.0,10106400.0,11976700.0,3114100.0,29844000.0,4079320000.0,0.0,0.0
2023-02-23,76391300.0,6332400.0,18939000.0,664000.0,2567600.0,331500.0,1546300.0,20244400.0,0.0,41206400.0,47908100.0,7059800.0,2380900.0,21311700.0,9385100.0,12222800.0,4217000.0,20017800.0,6898800.0,29219100.0,1117995000.0,3801400.0,5835400.0,60015500.0,69294400.0,3013500.0,430000.0,96242400.0,15468300.0,7040300.0,1819900.0,22021200.0,3952940000.0,0.0,0.0
2023-02-24,46700000.0,5308800.0,15353000.0,605800.0,3212200.0,365300.0,1587600.0,19202400.0,0.0,36585100.0,47576500.0,10757200.0,2326900.0,24280700.0,8689700.0,9736200.0,2645300.0,19791300.0,8374400.0,24990900.0,589716000.0,2959100.0,5260700.0,41518600.0,74332000.0,2598500.0,374800.0,108194400.0,8817600.0,3492300.0,2340200.0,20623500.0,3877700000.0,0.0,0.0
2023-02-27,45617300.0,6678000.0,18321000.0,815500.0,3375200.0,274000.0,1501700.0,22007600.0,0.0,27502300.0,40292000.0,3693200.0,1413200.0,17562900.0,7267100.0,8849800.0,2024800.0,19277000.0,6388400.0,21190000.0,452994000.0,3208500.0,5820900.0,35270000.0,48995000.0,3518800.0,377700.0,80444700.0,10609400.0,2715300.0,2603300.0,16647300.0,3836950000.0,0.0,0.0
2023-02-28,44220100.0,8226800.0,27822000.0,4875300.0,4371500.0,592400.0,1918200.0,14015200.0,0.0,30142000.0,32999000.0,4690000.0,1745300.0,19542600.0,9062300.0,16082200.0,2853400.0,46051100.0,11913200.0,22491000.0,455963000.0,4317100.0,6709900.0,32937000.0,48243100.0,4606100.0,529200.0,96438600.0,7520400.0,3105900.0,4883500.0,18054000.0,5043400000.0,0.0,0.0
2023-03-01,44266000.0,7070800.0,15484000.0,2166900.0,3681600.0,281100.0,1759300.0,11073200.0,0.0,31111200.0,45341400.0,8328600.0,1927000.0,22532800.0,6767000.0,13275800.0,2058900.0,30998400.0,22704800.0,27565300.0,460026000.0,5359100.0,7101800.0,27939100.0,58287000.0,6103300.0,426400.0,99706800.0,8176700.0,3630400.0,4455300.0,14180100.0,4249480000.0,0.0,0.0
2023-03-02,60108600.0,7820400.0,27525000.0,1050800.0,2849100.0,352300.0,2379200.0,15396000.0,0.0,32204400.0,37886100.0,12952800.0,2179000.0,18104400.0,8762500.0,11758300.0,2385900.0,17352000.0,11188000.0,24808200.0,389415000.0,4476300.0,5924600.0,36538700.0,53565900.0,4333900.0,720500.0,85127800.0,9761600.0,3145900.0,5173500.0,14785500.0,4244900000.0,0.0,0.0
2023-03-03,54536200.0,7320000.0,46088000.0,922500.0,3699400.0,260300.0,5354200.0,19513200.0,0.0,35160100.0,50123300.0,5696900.0,2405800.0,22774300.0,5747200.0,13101800.0,2725800.0,45877700.0,7647600.0,30760100.0,412393000.0,3627100.0,5259400.0,43229100.0,60511500.0,4576200.0,430600.0,90120000.0,10844000.0,3580800.0,3455700.0,16888800.0,4084730000.0,0.0,0.0
2023-03-06,54541300.0,9174800.0,24983000.0,804200.0,4182800.0,303200.0,3104700.0,30331600.0,0.0,32639300.0,33430800.0,3766400.0,2333700.0,23266700.0,8148200.0,16282700.0,2217600.0,33209400.0,10971600.0,24109800.0,437429000.0,3611400.0,4943100.0,28316200.0,56736300.0,3422300.0,363100.0,72795900.0,9960000.0,3333600.0,16329100.0,16720800.0,4000870000.0,0.0,0.0
2023-03-07,70959000.0,5931200.0,19334000.0,720300.0,6560000.0,291300.0,2659100.0,39109600.0,0.0,27835500.0,40222100.0,5053300.0,2225500.0,25865700.0,7457700.0,13961200.0,2766600.0,36701500.0,6909600.0,21473200.0,515154000.0,4094900.0,5606800.0,26819600.0,65955800.0,2061900.0,402200.0,108310600.0,8761100.0,1725800.0,14242600.0,17387400.0,3922500000.0,0.0,0.0
2023-03-08,69529800.0,15441600.0,20912000.0,820700.0,5050700.0,712700.0,1548500.0,98787600.0,0.0,34103300.0,54303900.0,5163500.0,2135800.0,22505900.0,6230500.0,10851600.0,2314000.0,19432400.0,4958400.0,17340200.0,513573000.0,2920200.0,5518800.0,38723600.0,50876300.0,2063200.0,302000.0,74746600.0,8813000.0,2076900.0,7018500.0,19090800.0,3535570000.0,0.0,0.0
2023-03-09,79496700.0,16618800.0,21775000.0,746200.0,6424500.0,254800.0,1629400.0,32122400.0,0.0,28813500.0,52669500.0,12498800.0,3300100.0,33546900.0,7439400.0,13900900.0,2339300.0,26582800.0,5549600.0,26653400.0,501257000.0,4042100.0,4467200.0,29005900.0,71456700.0,2924100.0,495300.0,111945300.0,10354700.0,2730100.0,6133000.0,15415800.0,4445260000.0,0.0,0.0
2023-03-10,70273600.0,11646400.0,26098000.0,598400.0,6145500.0,575300.0,2123000.0,32198000.0,0.0,35941000.0,81516000.0,11041300.0,3782800.0,69274200.0,8504300.0,13745800.0,3093100.0,25665000.0,6555600.0,28333900.0,474866000.0,4129900.0,5928000.0,41953600.0,98593600.0,6357600.0,968800.0,189253000.0,11928800.0,4830100.0,5888500.0,20065200.0,5518190000.0,0.0,0.0
2023-03-13,65269100.0,9258800.0,22364000.0,714100.0,5654400.0,648300.0,1799600.0,25046800.0,0.0,37335600.0,78478100.0,23930600.0,3784400.0,74171500.0,10799600.0,21956000.0,3552400.0,24728000.0,7709600.0,33339700.0,421890000.0,8265100.0,8337100.0,63183500.0,97123600.0,4392800.0,650200.0,157790000.0,11847600.0,4944600.0,7722300.0,28142100.0,6558020000.0,0.0,0.0
2023-03-14,66616300.0,12854400.0,25893000.0,930900.0,4039100.0,894200.0,2422900.0,26229200.0,0.0,36050200.0,66395600.0,47886700.0,2361400.0,48946200.0,8421200.0,19496900.0,3194400.0,41642600.0,6465600.0,33620300.0,474910000.0,6480800.0,9219700.0,33460100.0,73602500.0,3162800.0,686200.0,149752400.0,11100100.0,3306200.0,6022000.0,25542600.0,5665870000.0,0.0,0.0
2023-03-15,86177400.0,12148400.0,22963000.0,610200.0,7582800.0,700800.0,2226300.0,24494800.0,0.0,50622100.0,81454700.0,25157400.0,2366100.0,54405800.0,7757700.0,21089900.0,3419400.0,42123600.0,10369200.0,46028000.0,524486000.0,7099800.0,8823500.0,28217400.0,83631500.0,3826900.0,1053500.0,172996900.0,12171500.0,3688700.0,6411500.0,33133500.0,6594010000.0,0.0,0.0
2023-03-16,115839200.0,20572000.0,31716000.0,438500.0,4176100.0,614800.0,1979600.0,27759600.0,0.0,65492000.0,63386700.0,13961000.0,1816700.0,52392300.0,7605500.0,15658300.0,3097900.0,50447100.0,8202800.0,54768800.0,583253000.0,4734400.0,7063400.0,20255400.0,98198100.0,2383800.0,858700.0,143254200.0,13184600.0,2995000.0,5547100.0,28905600.0,5695790000.0,0.0,0.0
2023-03-17,94080800.0,18563600.0,79303000.0,941600.0,3836000.0,372600.0,3959300.0,22915600.0,0.0,61028500.0,55132200.0,12293700.0,2666100.0,70239900.0,20540700.0,27351200.0,5075300.0,50141100.0,18917200.0,69527400.0,848547000.0,8854600.0,16018800.0,20920800.0,89923700.0,3314300.0,1105000.0,140553400.0,13287700.0,4399400.0,5046400.0,43081200.0,9354280000.0,0.0,0.0
2023-03-20,92008900.0,11242400.0,25857000.0,699400.0,3490500.0,232600.0,1623800.0,16982800.0,0.0,32960400.0,38540800.0,7982400.0,2310000.0,46103200.0,7129000.0,12904100.0,2108900.0,25186300.0,9994800.0,43466600.0,432747000.0,4367000.0,8379200.0,25497400.0,56359500.0,3171500.0,771200.0,93055800.0,8217500.0,4987600.0,4331100.0,33928500.0,5347140000.0,0.0,0.0
2023-03-21,85285300.0,14372800.0,25000000.0,611700.0,3686700.0,212000.0,1664000.0,18952000.0,0.0,42110300.0,38203400.0,9851600.0,5128100.0,34465900.0,8376800.0,13716500.0,3120100.0,31827000.0,6936800.0,34558700.0,547408000.0,3812000.0,7753200.0,27104500.0,49757000.0,2856100.0,604200.0,91524200.0,12299700.0,2253100.0,3389300.0,19013400.0,4920240000.0,0.0,0.0
2023-03-22,110816300.0,12150800.0,25799000.0,422800.0,2432300.0,259400.0,1299700.0,14956400.0,0.0,43427400.0,55263500.0,10705200.0,2518200.0,56098200.0,7943500.0,10494200.0,2240800.0,28477800.0,5602400.0,34873300.0,797295000.0,4380800.0,5729100.0,34151000.0,75791900.0,2785700.0,473900.0,111746600.0,12812400.0,2532900.0,3333100.0,18548400.0,4533010000.0,0.0,0.0
2023-03-23,84088900.0,11962400.0,27162000.0,505200.0,3915000.0,328400.0,1565900.0,12843200.0,0.0,40797800.0,54660900.0,7118800.0,3364700.0,47720900.0,9051500.0,15479000.0,2263800.0,27389700.0,9933200.0,36610900.0,564889000.0,4655600.0,5788400.0,22662200.0,74576000.0,2563200.0,616100.0,119351300.0,11169700.0,2125000.0,3234500.0,22044300.0,4991600000.0,0.0,0.0
2023-03-24,64712400.0,10000800.0,17228000.0,296000.0,3658500.0,215200.0,1635200.0,10805600.0,0.0,30393300.0,44225600.0,9135800.0,2341100.0,47519700.0,5696200.0,12975600.0,2229200.0,27716400.0,5369600.0,28172000.0,454920000.0,3713800.0,6144800.0,17901200.0,57195200.0,4152800.0,524200.0,107682400.0,7653700.0,1880400.0,4852300.0,22752300.0,4583970000.0,0.0,0.0
2023-03-27,57461400.0,7770800.0,14707000.0,469600.0,3830100.0,325000.0,1452100.0,10251600.0,0.0,31120900.0,30905100.0,8284400.0,3741600.0,33880600.0,6772300.0,12777400.0,2799100.0,18527200.0,5979600.0,26840200.0,361026000.0,4078600.0,5917200.0,20666800.0,50287400.0,2904900.0,489300.0,74010400.0,9349800.0,2611300.0,4108800.0,26775600.0,4233540000.0,0.0,0.0
2023-03-28,59150100.0,15169600.0,12439000.0,448000.0,2347500.0,315800.0,1407800.0,10778000.0,0.0,32057900.0,38277200.0,13324800.0,4003700.0,28555100.0,6115300.0,10925700.0,2036000.0,19127300.0,5834800.0,21878600.0,356104000.0,2850000.0,4213800.0,14860500.0,48585900.0,1673100.0,676400.0,62871700.0,7521300.0,1967800.0,2799400.0,21282900.0,4014600000.0,0.0,0.0
2023-03-29,55326000.0,14022400.0,26395000.0,835400.0,3587600.0,793900.0,1643000.0,10783200.0,0.0,28779600.0,44457300.0,13404700.0,3382800.0,25564800.0,6012000.0,9441000.0,2053400.0,18851100.0,7025200.0,25087000.0,393694000.0,4496000.0,4987700.0,15339700.0,53274300.0,2634000.0,379300.0,77497900.0,9264000.0,3241600.0,3517400.0,24216900.0,4145250000.0,0.0,0.0
2023-03-30,59678500.0,11673200.0,21523000.0,572600.0,2817600.0,314200.0,1545500.0,13703200.0,0.0,33086200.0,37130200.0,4157500.0,4318500.0,26728600.0,4555700.0,9870700.0,1788800.0,22608300.0,6974800.0,25053400.0,364516000.0,2743000.0,4117700.0,21001600.0,58354800.0,2426300.0,565300.0,69840000.0,10232800.0,2696500.0,2154000.0,21879000.0,3930860000.0,0.0,0.0
2023-03-31,55861100.0,12121600.0,22097000.0,1411200.0,4032800.0,423300.0,2082000.0,18113600.0,0.0,36863400.0,54218900.0,6330100.0,33616000.0,39602900.0,9890000.0,14440900.0,2902500.0,25440300.0,10994000.0,32766000.0,433933000.0,4479800.0,7685900.0,26174800.0,62138100.0,3511200.0,464600.0,112062600.0,8701800.0,3137000.0,2284300.0,20868000.0,4525120000.0,0.0,0.0
2023-04-03,50655300.0,12870800.0,15682000.0,537100.0,3429300.0,530400.0,1804700.0,11152000.0,0.0,25035400.0,43302900.0,7226600.0,10188100.0,27609000.0,6841900.0,12300700.0,2352700.0,17924600.0,9691000.0,24883300.0,398716000.0,3902300.0,5721700.0,22512000.0,47126800.0,1868800.0,357200.0,67391100.0,6863600.0,2261300.0,3017900.0,19766700.0,4234700000.0,0.0,0.0
2023-04-04,43195900.0,6091600.0,13429000.0,466200.0,4853300.0,484400.0,1913300.0,12183200.0,0.0,24420100.0,46144300.0,6763200.0,18441900.0,33487200.0,8314500.0,11433400.0,2282300.0,21026400.0,8177800.0,25824300.0,368592000.0,3306400.0,6714300.0,23961200.0,45875400.0,3308300.0,418800.0,66601500.0,6338400.0,2943100.0,2587200.0,18113700.0,4227800000.0,0.0,0.0
2023-04-05,52979300.0,8589600.0,16908000.0,682700.0,3471500.0,378400.0,1941500.0,31183200.0,0.0,28290500.0,37633900.0,6257100.0,12436300.0,28247300.0,16704200.0,12789600.0,2600800.0,19396600.0,10123800.0,22064800.0,515015000.0,3826300.0,6094800.0,54946900.0,62795700.0,4079700.0,342200.0,65200200.0,9171800.0,3206800.0,2736200.0,26540700.0,3968020000.0,0.0,0.0
2023-04-06,47778400.0,10709200.0,14493000.0,507700.0,2138900.0,772300.0,4114700.0,15956800.0,0.0,48711500.0,35719600.0,4264700.0,6841100.0,26366300.0,9615400.0,9644200.0,1731000.0,26104400.0,11024400.0,29770300.0,397654000.0,3389700.0,5399700.0,23488600.0,46916500.0,3058400.0,584000.0,63743300.0,5874500.0,3482100.0,3021900.0,17891700.0,3486690000.0,0.0,0.0
2023-04-10,52536300.0,5932000.0,15400000.0,395600.0,2070100.0,1236800.0,1653600.0,10694400.0,0.0,27067400.0,29083900.0,6025100.0,5715400.0,22237800.0,5354000.0,7952600.0,1941800.0,16106100.0,5646400.0,23103000.0,395279000.0,2408100.0,4891800.0,29184700.0,45134700.0,4070700.0,387300.0,63681000.0,12232900.0,3449700.0,2735100.0,14519100.0,3423650000.0,0.0,0.0
2023-04-11,51935800.0,7226800.0,16518000.0,637200.0,3723600.0,529400.0,1547400.0,16058800.0,0.0,26311800.0,28875100.0,5459000.0,7215000.0,21876200.0,5903800.0,9913000.0,2732900.0,16710100.0,5630200.0,27276600.0,314378000.0,3586700.0,6311800.0,35617900.0,40113600.0,2798700.0,573100.0,59297900.0,11079200.0,2925500.0,2742400.0,18370500.0,3665830000.0,0.0,0.0
2023-04-12,53383100.0,7584800.0,14112000.0,550800.0,3236600.0,472100.0,2063700.0,22071200.0,0.0,24370300.0,41457600.0,5857200.0,4389000.0,27018100.0,5764100.0,9593700.0,2557400.0,18972200.0,7143800.0,27403400.0,446259000.0,3620900.0,6137900.0,28771300.0,62813300.0,2632100.0,366600.0,86420400.0,11299100.0,2689300.0,2962600.0,11209800.0,3633120000.0,0.0,0.0
2023-04-13,40572500.0,6674800.0,17265000.0,843400.0,4456400.0,658300.0,1600500.0,18993600.0,0.0,24843600.0,95864000.0,39858200.0,3771700.0,23259900.0,5640600.0,9871400.0,3229300.0,23310400.0,7241400.0,24222700.0,353615000.0,4303600.0,5489500.0,27983300.0,54613800.0,2111400.0,357500.0,85814800.0,7910500.0,4092600.0,3680400.0,13272600.0,3596590000.0,0.0,0.0
2023-04-14,38734800.0,5595600.0,17465000.0,764500.0,2901200.0,226600.0,1675300.0,11650000.0,0.0,26578000.0,43767600.0,4968500.0,3389300.0,29600400.0,7225100.0,8946000.0,2054700.0,21591200.0,5156800.0,20987900.0,395660000.0,2572900.0,4478800.0,42364500.0,56278300.0,2221900.0,342100.0,78161500.0,7656400.0,2621000.0,3169600.0,10464900.0,3575690000.0,0.0,0.0
2023-04-17,47250800.0,4230000.0,13201000.0,485500.0,2420600.0,241900.0,1411800.0,9386000.0,0.0,37571200.0,26391100.0,5681000.0,3321700.0,22177300.0,8046400.0,9452400.0,2371000.0,15481900.0,5288400.0,23836200.0,321471000.0,3224400.0,4296400.0,26047500.0,43007000.0,2415000.0,479900.0,66436400.0,8163600.0,2362000.0,2382100.0,16166700.0,3611180000.0,0.0,0.0
2023-04-18,46246300.0,6544800.0,16806000.0,503500.0,3237300.0,244100.0,1339600.0,7707600.0,0.0,26596400.0,28030700.0,5061300.0,3666500.0,22873100.0,14571500.0,9035700.0,2086700.0,12281000.0,6701800.0,20161800.0,604812000.0,2438600.0,4158400.0,21185300.0,46746900.0,2292400.0,337000.0,63560000.0,8468200.0,3716200.0,2834600.0,13482300.0,3536640000.0,0.0,0.0
2023-04-19,37344500.0,11825600.0,19060000.0,1370900.0,2724200.0,453600.0,1098800.0,11436800.0,0.0,20905700.0,26979400.0,4648100.0,2708400.0,19306800.0,6752000.0,9769500.0,2254000.0,15898100.0,3783400.0,17150300.0,358660000.0,2209900.0,3837600.0,18193700.0,38960100.0,2416800.0,250500.0,55227300.0,11191300.0,4485600.0,3231700.0,12433500.0,3572560000.0,0.0,0.0
2023-04-20,47082700.0,9182400.0,20239000.0,588200.0,3742300.0,590600.0,2936500.0,9783200.0,0.0,27820800.0,30203900.0,4608000.0,3137100.0,20336300.0,9498800.0,10706400.0,2274200.0,16475400.0,6675400.0,23244400.0,427713000.0,3868200.0,5370900.0,23573000.0,62462100.0,3870000.0,329400.0,75840400.0,19206300.0,1937500.0,1985800.0,13641600.0,3772080000.0,0.0,0.0
2023-04-21,41118300.0,6270800.0,14807000.0,513200.0,2348600.0,482100.0,1508600.0,7750400.0,0.0,25800100.0,33061800.0,5948100.0,2363000.0,25972800.0,7014200.0,12931100.0,2171200.0,17717200.0,8970000.0,21676400.0,345103000.0,3781800.0,14876900.0,14896700.0,59002300.0,2115600.0,357200.0,73457400.0,13175400.0,2575300.0,1809400.0,25335000.0,3611750000.0,0.0,0.0
2023-04-24,40423800.0,9402800.0,12338000.0,614900.0,1801200.0,532800.0,1374100.0,8217600.0,0.0,23542800.0,24661600.0,5143700.0,4702000.0,17781000.0,5278900.0,15532300.0,2995200.0,15750900.0,5864400.0,26611000.0,339282000.0,3540200.0,8109800.0,20439300.0,44043100.0,2156500.0,313000.0,64332100.0,10567600.0,5059300.0,4038000.0,13579500.0,3290940000.0,0.0,0.0
2023-04-25,52771500.0,11003200.0,23670000.0,529000.0,3580100.0,537700.0,1789900.0,24426400.0,0.0,46664100.0,34575300.0,13076800.0,3922400.0,28857900.0,6263100.0,12818900.0,5845200.0,19198200.0,6504800.0,45772200.0,378527000.0,6231600.0,8341800.0,21849100.0,57121600.0,2263500.0,263200.0,97766700.0,13423700.0,6829700.0,3717100.0,17246700.0,3978640000.0,0.0,0.0
2023-04-26,47786600.0,13028400.0,17179000.0,508000.0,4607100.0,885900.0,1441900.0,10826800.0,0.0,53347600.0,33762700.0,5903000.0,3079300.0,30309800.0,5518200.0,13179600.0,3290000.0,41992700.0,6391000.0,64599200.0,406337000.0,4481700.0,4843700.0,21396700.0,55400500.0,2392800.0,318500.0,80447000.0,11583500.0,16760500.0,2636700.0,12910200.0,3837030000.0,0.0,0.0
2023-04-27,53087200.0,9014400.0,18250000.0,675300.0,4184700.0,938200.0,1361600.0,12389200.0,0.0,50089200.0,39687600.0,5065800.0,2497900.0,33424100.0,5739700.0,13795800.0,3142300.0,71196500.0,8105200.0,46462600.0,377161000.0,4574500.0,4805600.0,21385500.0,65430400.0,1889900.0,348600.0,92968400.0,10013700.0,6112600.0,2603300.0,12861000.0,3750550000.0,0.0,0.0
2023-04-28,50686100.0,9546800.0,16183000.0,660400.0,6813800.0,848600.0,1170200.0,20764400.0,0.0,36139800.0,33821100.0,8525900.0,2645100.0,31911900.0,6024900.0,13687600.0,2838200.0,39554000.0,6107600.0,36469600.0,292216000.0,4608900.0,5754700.0,24924400.0,59712600.0,1862000.0,522200.0,89433100.0,8262600.0,5048600.0,3165200.0,14088600.0,4087800000.0,0.0,0.0
2023-05-01,59358700.0,17197200.0,17030000.0,1026200.0,5980700.0,965900.0,2203200.0,14897600.0,0.0,26681700.0,37748300.0,17442000.0,3298400.0,27420100.0,4893400.0,9091500.0,2124400.0,29143900.0,7968600.0,21294100.0,570329000.0,3137800.0,3844600.0,19134200.0,41013400.0,1657100.0,539200.0,62122300.0,4931100.0,3492900.0,2539600.0,11409600.0,3321370000.0,0.0,0.0
2023-05-02,70483500.0,65663200.0,28357000.0,1187700.0,4769600.0,1009000.0,1940800.0,12309600.0,0.0,30997200.0,39045300.0,8540700.0,2767400.0,40851100.0,7541700.0,10948400.0,2083800.0,24350100.0,8750200.0,26404400.0,402730000.0,3712200.0,5262900.0,38008000.0,56519400.0,2227600.0,1074700.0,103998500.0,6875000.0,3744800.0,2937000.0,11329500.0,4486130000.0,0.0,0.0
2023-05-03,109482200.0,20181600.0,19816000.0,17765900.0,4132200.0,573200.0,1426400.0,7634400.0,0.0,21795400.0,33178300.0,9534800.0,2418500.0,43261400.0,5937200.0,11084600.0,2425500.0,34463900.0,12700600.0,22360800.0,383387000.0,3389600.0,5775000.0,24322400.0,59882100.0,3924200.0,702200.0,91531800.0,7151600.0,5293100.0,1951100.0,12334500.0,4246510000.0,0.0,0.0
2023-05-04,122840500.0,16893200.0,17684000.0,1007400.0,3315100.0,523000.0,1487000.0,8520800.0,0.0,23419500.0,45207600.0,12014100.0,2591500.0,42382100.0,5128000.0,11938300.0,2005300.0,17889400.0,15255000.0,22519900.0,321850000.0,4267600.0,4892600.0,29989300.0,50224500.0,2563400.0,557400.0,94901900.0,7290600.0,3302300.0,2640200.0,14011200.0,4920090000.0,0.0,0.0
2023-05-05,78491100.0,12140000.0,24876000.0,796600.0,2790900.0,513200.0,1709200.0,11990800.0,0.0,26639300.0,31591500.0,11254400.0,4138300.0,35456800.0,5194500.0,9039000.0,1815800.0,27000500.0,16492600.0,28197100.0,361494000.0,4146500.0,3989200.0,45848800.0,51806100.0,3309200.0,594700.0,87891800.0,6865000.0,4187300.0,3008400.0,14556000.0,4186270000.0,0.0,0.0
2023-05-08,95503200.0,8765200.0,13934000.0,685400.0,2846600.0,321800.0,1015000.0,24230800.0,0.0,26511400.0,18367400.0,7022400.0,4032600.0,22109900.0,4994900.0,7240700.0,2969600.0,16400500.0,11522600.0,21318600.0,344979000.0,2249900.0,4950700.0,105304000.0,36465800.0,4072000.0,716400.0,50046800.0,6746600.0,2130000.0,2426000.0,14926200.0,3641640000.0,0.0,0.0
2023-05-09,68674800.0,8847600.0,16990000.0,1135900.0,3954600.0,580800.0,1571800.0,13555600.0,0.0,36360100.0,21732900.0,7317200.0,3731900.0,21465500.0,5520500.0,9067700.0,1637500.0,16865600.0,11148000.0,21340800.0,314869000.0,3087600.0,4472100.0,223573300.0,31768800.0,4784500.0,770300.0,49220100.0,7287800.0,3253100.0,6624300.0,15209700.0,3810140000.0,0.0,0.0
2023-05-10,95619500.0,8802400.0,19174000.0,3724200.0,3665800.0,594500.0,1257600.0,15982400.0,0.0,63153400.0,35392700.0,9930800.0,5292600.0,27281900.0,6756600.0,10134000.0,1849300.0,19119000.0,8522200.0,30078000.0,369350000.0,4352900.0,4754900.0,149375000.0,60446600.0,6138700.0,712400.0,96142900.0,7442300.0,2510000.0,8049200.0,15827700.0,4057160000.0,0.0,0.0
2023-05-11,57061000.0,7244800.0,14430000.0,1816900.0,2836500.0,275800.0,1046700.0,10231200.0,0.0,78900000.0,25265500.0,5979600.0,9256500.0,25884600.0,5867600.0,9581500.0,1955100.0,20449000.0,7436200.0,31680200.0,322149000.0,3690200.0,3495300.0,73754100.0,44278500.0,4852900.0,1279200.0,70157100.0,8730900.0,1672000.0,3650500.0,11926800.0,3752900000.0,0.0,0.0
2023-05-12,53829700.0,7116000.0,11942000.0,889400.0,2715500.0,474500.0,1472800.0,8105600.0,0.0,41102300.0,27553200.0,5107300.0,9156500.0,20406400.0,3904200.0,8740800.0,1801700.0,16161400.0,8211000.0,19774700.0,274222000.0,2741000.0,5252900.0,62123900.0,48432800.0,3631500.0,843600.0,70481500.0,5069800.0,1711300.0,3458700.0,16119300.0,3533740000.0,0.0,0.0
2023-05-15,51749200.0,6594800.0,14614000.0,781600.0,2150600.0,361000.0,1135700.0,12562400.0,0.0,36266800.0,19764500.0,4459100.0,7741700.0,24310000.0,5104500.0,8150000.0,1700500.0,20653200.0,5479400.0,16336500.0,293926000.0,2946400.0,5414900.0,53555500.0,33375600.0,4372600.0,668600.0,54289400.0,8707300.0,2162400.0,3242100.0,16113900.0,3562170000.0,0.0,0.0
2023-05-16,90622900.0,8424000.0,14967000.0,639700.0,4711800.0,274300.0,1229300.0,7854000.0,0.0,45035600.0,40998700.0,7194000.0,12604300.0,24212900.0,5599200.0,9129600.0,2859500.0,18163800.0,6030400.0,26730300.0,449405000.0,5803100.0,5591500.0,42311900.0,40019200.0,3354800.0,766400.0,57705500.0,11283200.0,1630200.0,2840100.0,15512100.0,3654200000.0,0.0,0.0
2023-05-17,75240900.0,9409600.0,24133000.0,830700.0,2805100.0,332200.0,2069500.0,12590400.0,0.0,33323600.0,38534100.0,5542600.0,13777000.0,38231600.0,6840700.0,11583000.0,2802100.0,21193100.0,8483000.0,24315000.0,432535000.0,4878800.0,4286900.0,63834500.0,47486100.0,5290100.0,839500.0,87287000.0,23215600.0,2741100.0,3512200.0,26985900.0,4039080000.0,0.0,0.0
2023-05-18,74338700.0,13197600.0,26389000.0,1137500.0,2454700.0,228500.0,2298900.0,15808400.0,0.0,35234200.0,29129200.0,9448900.0,14432000.0,30446600.0,5173000.0,13595100.0,2410700.0,22943300.0,7064800.0,27276000.0,748725000.0,3709400.0,6997600.0,171402300.0,64213500.0,4189500.0,761700.0,97177200.0,14879000.0,4900300.0,2611500.0,46768500.0,3980500000.0,0.0,0.0
2023-05-19,67880200.0,13318800.0,22968000.0,1060200.0,2298000.0,249400.0,1635000.0,24164000.0,0.0,41353400.0,36044900.0,12923500.0,7209900.0,34316300.0,6527100.0,14251400.0,2371200.0,21733600.0,13734400.0,27546700.0,473908000.0,3883000.0,4754100.0,150269300.0,61554900.0,3961700.0,728900.0,103793300.0,9295200.0,3661200.0,2772300.0,27594000.0,4041900000.0,0.0,0.0
2023-05-22,65424200.0,10478800.0,17796000.0,859800.0,5008200.0,152600.0,1943800.0,13733600.0,0.0,35253000.0,34897700.0,7034700.0,26211100.0,28207200.0,5675900.0,15055400.0,2514700.0,27738500.0,7960200.0,24115700.0,372000000.0,5787000.0,7876200.0,76377100.0,43015900.0,4460200.0,1953800.0,60745400.0,9259800.0,7543800.0,2456000.0,16117800.0,3728520000.0,0.0,0.0
2023-05-23,73099100.0,10950800.0,36088000.0,784700.0,3784600.0,452200.0,1800200.0,12892400.0,0.0,34046300.0,32415500.0,8264200.0,17921000.0,32708900.0,5793000.0,13932700.0,2943900.0,17748100.0,10006400.0,30797200.0,356253000.0,6382300.0,6116000.0,148701800.0,48216700.0,7344700.0,2506300.0,86383500.0,7656700.0,5738800.0,2062700.0,16302300.0,4155320000.0,0.0,0.0
2023-05-24,65910500.0,12674400.0,23021000.0,693400.0,4919200.0,350200.0,1600600.0,19463200.0,0.0,34182600.0,38083200.0,7415400.0,15813900.0,28744200.0,5015100.0,11090100.0,2262100.0,17724300.0,8700400.0,23384900.0,721419000.0,3721000.0,5755400.0,90496900.0,62891200.0,4342300.0,1686700.0,89213700.0,9443900.0,4048800.0,2972800.0,20515200.0,0.0,0.0,0.0
2023-05-25,108514700.0,32553600.0,49263000.0,816300.0,5534600.0,512800.0,3421900.0,14225600.0,0.0,42317000.0,21457900.0,11647700.0,16432900.0,36202600.0,6886100.0,14463600.0,2748100.0,22371400.0,8560200.0,43301700.0,1543911000.0,4712700.0,6510300.0,106557800.0,66862800.0,3260800.0,1361100.0,90961600.0,60793200.0,29409700.0,2598300.0,21299100.0,4147760000.0,0.0,0.0
2023-05-26,92922800.0,34800000.0,82500000.0,708200.0,3850000.0,1122600.0,5302600.0,22600400.0,0.0,35635900.0,23547600.0,7408900.0,10870900.0,29841300.0,6845400.0,12570300.0,2148200.0,25727200.0,7193000.0,36630600.0,714397000.0,4449300.0,4716400.0,127311200.0,63007000.0,3199700.0,956600.0,93830000.0,26135800.0,15999900.0,2569300.0,15720900.0,3715460000.0,0.0,0.0
2023-05-30,98902300.0,25407600.0,116912000.0,717200.0,3356200.0,845200.0,2544800.0,26862800.0,0.0,35076700.0,27482600.0,7883000.0,15712400.0,25572600.0,5593100.0,15634200.0,3385200.0,23816500.0,7720800.0,29503100.0,923401000.0,4331800.0,5561000.0,159089300.0,72652200.0,2618600.0,1746400.0,72216000.0,25248000.0,9997500.0,2434500.0,15742500.0,4228510000.0,0.0,0.0
2023-05-31,87552200.0,24697600.0,89998000.0,3270500.0,6216500.0,612400.0,3320800.0,41110400.0,0.0,37325800.0,43393600.0,10817900.0,11492000.0,34598800.0,11324600.0,59432200.0,3104900.0,25473700.0,14422800.0,45950600.0,1002580000.0,20414600.0,19854800.0,130392200.0,65105400.0,4964600.0,1286800.0,110811800.0,22206700.0,5854900.0,4908400.0,30130800.0,5980670000.0,0.0,0.0
2023-06-01,66032900.0,14539200.0,80792000.0,1317900.0,19361600.0,660200.0,2407700.0,63368400.0,0.0,30772700.0,42425700.0,18161600.0,13483100.0,27800900.0,7901300.0,13402700.0,2605300.0,25609500.0,8169400.0,26773900.0,635873000.0,5277400.0,6091100.0,126015100.0,50488600.0,3076800.0,1346400.0,88865000.0,14998500.0,4783200.0,4772000.0,20239200.0,4391860000.0,0.0,0.0
2023-06-02,52382400.0,13508000.0,62815000.0,791600.0,7286600.0,485000.0,2284800.0,31955200.0,0.0,26980100.0,49950900.0,7585400.0,16664500.0,50212400.0,7659700.0,15259800.0,2869400.0,19416900.0,8481800.0,25873800.0,482731000.0,4288300.0,6124400.0,79487600.0,53372100.0,2962800.0,947700.0,91426200.0,13085100.0,4021700.0,3299600.0,19178100.0,4454200000.0,0.0,0.0
2023-06-05,52602900.0,8705200.0,26222000.0,695800.0,5275800.0,312600.0,2023500.0,18722800.0,0.0,32305500.0,24080200.0,6243100.0,7733400.0,34465800.0,6430500.0,12915600.0,1974500.0,20742900.0,6276200.0,21307100.0,396094000.0,4311700.0,4753700.0,109017800.0,47266200.0,3029200.0,982300.0,65460200.0,10568500.0,4166700.0,2585700.0,15553200.0,3813290000.0,0.0,0.0
2023-06-06,75257500.0,12061200.0,37823000.0,606900.0,3815600.0,4125100.0,1410300.0,11577600.0,0.0,26638300.0,23006600.0,3986200.0,8085400.0,58584500.0,5073600.0,10943500.0,2771500.0,19419000.0,6307200.0,20396200.0,388729000.0,3975600.0,4635900.0,74284300.0,41390400.0,3947700.0,1100300.0,64022200.0,13827600.0,2966800.0,2493800.0,15015600.0,3996560000.0,0.0,0.0
2023-06-07,81755200.0,13351600.0,28957000.0,966700.0,4860000.0,1346900.0,1784700.0,13968400.0,0.0,52539000.0,32340900.0,8226600.0,9282500.0,60685600.0,6504300.0,16817900.0,3614800.0,26163600.0,11014400.0,40717100.0,511998000.0,5162700.0,6194400.0,227244100.0,69225900.0,4077800.0,1311500.0,85373300.0,14367500.0,5017800.0,3010500.0,24256500.0,4537800000.0,0.0,0.0
2023-06-08,65246900.0,11422000.0,21909000.0,495000.0,4694400.0,1070500.0,1530400.0,9106400.0,0.0,29389200.0,33987800.0,5841900.0,12100100.0,34185000.0,5818400.0,15585900.0,3043700.0,20899400.0,6416200.0,23277700.0,417772000.0,4036100.0,4863700.0,115591600.0,47153900.0,2828900.0,1490200.0,61952800.0,9074200.0,3695200.0,2612500.0,18873000.0,3826740000.0,0.0,0.0
2023-06-09,75105000.0,11912800.0,19241000.0,425500.0,2551200.0,1552300.0,1287300.0,14194400.0,0.0,23778300.0,27016700.0,6421900.0,10983200.0,30242200.0,6264400.0,12581500.0,1975900.0,16949800.0,8717200.0,22529000.0,427717000.0,3200100.0,5569500.0,94126300.0,53196900.0,3176600.0,1117000.0,85742800.0,14902400.0,3982700.0,1514200.0,15603900.0,3786510000.0,0.0,0.0
2023-06-12,85394700.0,12934800.0,51065000.0,547400.0,7346100.0,1145700.0,1404500.0,9784800.0,0.0,28306400.0,30629500.0,5261700.0,8750800.0,26580500.0,6510600.0,14208900.0,1885000.0,15442500.0,8137400.0,24260300.0,388701000.0,4207100.0,5354000.0,89900400.0,44606500.0,3243400.0,952100.0,76104300.0,20568100.0,4766800.0,1771300.0,14713500.0,3945670000.0,0.0,0.0
2023-06-13,132461900.0,13179200.0,38990000.0,658000.0,8654300.0,866500.0,1204700.0,12583200.0,0.0,22278300.0,39425900.0,9173500.0,10530400.0,35758200.0,6066800.0,13397800.0,2027800.0,16164000.0,5422600.0,22951300.0,613208000.0,2838700.0,5321200.0,112765900.0,57097800.0,8253900.0,1374400.0,95899700.0,17858600.0,6638700.0,3407900.0,15738900.0,4275400000.0,0.0,0.0
2023-06-14,95888100.0,10488800.0,43524000.0,969600.0,6565200.0,685400.0,1841400.0,10694800.0,0.0,30592300.0,32864600.0,7704400.0,19989300.0,37114100.0,6699100.0,14099700.0,1964500.0,19175100.0,5963400.0,26003800.0,740465000.0,3559300.0,5693300.0,70871900.0,69525600.0,5355800.0,1306200.0,100612100.0,12862600.0,4516600.0,5449200.0,21103200.0,4252110000.0,0.0,0.0
2023-06-15,85587100.0,25975200.0,33814000.0,733000.0,4874600.0,1707500.0,1871600.0,30272000.0,0.0,35246300.0,42412300.0,5959100.0,5935200.0,36488400.0,7138300.0,15271400.0,2619200.0,25973500.0,7579200.0,38899100.0,568622000.0,4326100.0,5863000.0,91200900.0,71138800.0,3923400.0,1728900.0,110303100.0,11987900.0,4453300.0,5900600.0,18160500.0,4176690000.0,0.0,0.0
2023-06-16,82007100.0,17998800.0,68299000.0,3200200.0,4297000.0,1193300.0,3147800.0,25407600.0,0.0,45535600.0,47560800.0,6538100.0,5951300.0,50684500.0,13426600.0,26738000.0,4891200.0,43127700.0,15384600.0,46552000.0,655709000.0,8925700.0,11244900.0,90696200.0,80932000.0,10221100.0,4601900.0,114165800.0,11430800.0,7713600.0,6532000.0,34675800.0,6848600000.0,0.0,0.0
2023-06-20,58851800.0,17501200.0,27535000.0,1125800.0,4604700.0,1204500.0,1684400.0,14381600.0,0.0,26097500.0,31930500.0,5477300.0,6751900.0,33269300.0,7995800.0,13971800.0,2729800.0,20701600.0,5790000.0,26375400.0,451153000.0,4154800.0,5340700.0,81335000.0,49204700.0,4308000.0,2069700.0,76160400.0,9295500.0,5143100.0,4547900.0,19994400.0,4055790000.0,0.0,0.0
2023-06-21,82835600.0,13289600.0,23229000.0,582200.0,4032900.0,801900.0,1273600.0,24980800.0,0.0,30306300.0,39751900.0,5119600.0,7078000.0,30730200.0,7177500.0,13948700.0,2837100.0,20556200.0,5680000.0,25117800.0,551603000.0,3832400.0,4649700.0,97885000.0,53378300.0,3378000.0,1257200.0,76982300.0,9340400.0,4860800.0,3948400.0,19251000.0,3709330000.0,0.0,0.0
2023-06-22,70754800.0,13264000.0,23464000.0,511200.0,3543000.0,684600.0,1114000.0,13225600.0,0.0,26952200.0,31504700.0,4102100.0,7220200.0,27063700.0,5485900.0,15193400.0,1799400.0,17563100.0,5813400.0,23556800.0,417737000.0,3185800.0,6666800.0,103461000.0,47603000.0,2934600.0,809400.0,70637200.0,8575900.0,4356900.0,2493100.0,13307400.0,3511000000.0,0.0,0.0
2023-06-23,73622000.0,33677200.0,37413000.0,1318500.0,4722000.0,566600.0,1434300.0,11681600.0,0.0,34913600.0,33811100.0,4112100.0,22404100.0,50610100.0,9450700.0,25112100.0,3720600.0,51092000.0,13677600.0,23146900.0,358140000.0,7592600.0,13843300.0,74851000.0,48922900.0,12060800.0,4708000.0,92074500.0,8919000.0,6516500.0,7426300.0,18975000.0,6053620000.0,0.0,0.0
2023-06-26,68557000.0,10996400.0,21372000.0,868300.0,3904400.0,502500.0,1278500.0,8744400.0,0.0,33969900.0,36111900.0,2976600.0,17817700.0,31507900.0,6978800.0,12856100.0,1851800.0,24232700.0,10965800.0,21520600.0,594322000.0,3706100.0,4353100.0,50679900.0,52685500.0,3081300.0,1743300.0,72823600.0,8560000.0,7315200.0,5450900.0,14106300.0,3415030000.0,0.0,0.0
2023-06-27,59381600.0,12628800.0,24923000.0,454300.0,4204600.0,1358000.0,1673600.0,10252400.0,0.0,39535900.0,31707600.0,4752500.0,8606700.0,28818800.0,4927500.0,9068500.0,1815000.0,26108300.0,6312000.0,24354100.0,462175000.0,5763000.0,5445400.0,55410500.0,49428100.0,2327600.0,2105900.0,72813700.0,9732000.0,3704700.0,4740600.0,12093600.0,3573500000.0,0.0,0.0
2023-06-28,67534100.0,9360800.0,19445000.0,515700.0,3732400.0,528200.0,1245200.0,9499200.0,0.0,27091400.0,35679600.0,5257300.0,34141700.0,23187600.0,6780400.0,11173200.0,1666500.0,16722100.0,8377800.0,20259500.0,582639000.0,5193900.0,6733300.0,66001000.0,46498000.0,4342900.0,1253100.0,75636000.0,8160900.0,5087900.0,1866700.0,18889800.0,3739330000.0,0.0,0.0
2023-06-29,58347200.0,9024400.0,23386000.0,490300.0,5437400.0,348500.0,1121800.0,9800400.0,0.0,24090900.0,41712000.0,8268700.0,17017600.0,32084100.0,4547500.0,17142300.0,1744000.0,15395700.0,8712200.0,16997000.0,380514000.0,5770400.0,7343000.0,46300900.0,46151000.0,3801800.0,1074200.0,67882300.0,7383900.0,8865500.0,1686900.0,21530400.0,3696660000.0,0.0,0.0
2023-06-30,53378800.0,12004800.0,23145000.0,509700.0,4091400.0,636500.0,2221900.0,12370800.0,0.0,29532200.0,35842000.0,7450600.0,17052300.0,30287300.0,7580000.0,19739200.0,2644700.0,19694900.0,8249200.0,26832800.0,501148000.0,7635100.0,7058300.0,42195300.0,58712500.0,5658400.0,987300.0,104964000.0,11704600.0,5216200.0,2301700.0,19073100.0,3923450000.0,0.0,0.0
2023-07-03,31860000.0,3686800.0,9038000.0,379400.0,2173500.0,195700.0,951400.0,5545600.0,0.0,14467900.0,13046500.0,4687100.0,6078600.0,14011900.0,4033700.0,9694500.0,1601300.0,8629300.0,5301600.0,12508700.0,198209000.0,2389000.0,3996100.0,26037400.0,19432900.0,2923900.0,599200.0,32793400.0,5638400.0,1881900.0,1222300.0,8647500.0,2034280000.0,0.0,0.0
2023-07-05,49501600.0,6179200.0,14440000.0,487700.0,4024400.0,713800.0,1630400.0,12716400.0,0.0,27584800.0,37947100.0,10181200.0,13877200.0,24092100.0,7224600.0,14716600.0,2356000.0,33865500.0,9165000.0,18172400.0,323618000.0,5277100.0,8279800.0,39179900.0,34460900.0,3347300.0,684500.0,58418400.0,9010800.0,3535200.0,3070100.0,17585400.0,3482620000.0,0.0,0.0
2023-07-06,42342000.0,5550400.0,23939000.0,490100.0,4930700.0,635100.0,1750100.0,15155200.0,0.0,24745200.0,52251100.0,9285100.0,10174800.0,39080800.0,6332500.0,12603900.0,2569600.0,47600500.0,11183000.0,28161200.0,303582000.0,5592100.0,7958300.0,56534000.0,49374700.0,2776700.0,1052100.0,80658300.0,9140800.0,3810100.0,3374500.0,14427000.0,3682020000.0,0.0,0.0
2023-07-07,37211300.0,7140400.0,19409000.0,636400.0,2974300.0,993400.0,2740600.0,9140000.0,0.0,21709500.0,42269100.0,6577600.0,8341600.0,31706700.0,7022200.0,14574000.0,2586500.0,25586000.0,10732200.0,21214800.0,355881000.0,6309900.0,9169500.0,48273300.0,47133700.0,2238900.0,1888900.0,86134200.0,8036600.0,2532500.0,2043700.0,19774800.0,3630480000.0,0.0,0.0
2023-07-10,49330200.0,5835200.0,30622000.0,556600.0,2918900.0,926200.0,1955600.0,13807600.0,0.0,35315200.0,45752200.0,6622700.0,9416800.0,29725100.0,5739200.0,15480600.0,1703700.0,37058300.0,8492800.0,32791400.0,353908000.0,5508800.0,5529200.0,62823600.0,48498800.0,3618500.0,1376400.0,62443500.0,8041600.0,2523000.0,1651600.0,12967800.0,3429600000.0,0.0,0.0
2023-07-11,59899500.0,6460000.0,25498000.0,527800.0,3302400.0,1226500.0,1262300.0,14082800.0,0.0,23078800.0,32000700.0,6327100.0,10789100.0,26738800.0,6606700.0,15967700.0,1529600.0,27585900.0,10658400.0,26698200.0,298244000.0,3914300.0,5150300.0,63236600.0,38214100.0,7450700.0,1271000.0,64463800.0,7677800.0,3047500.0,1917500.0,11460900.0,3624220000.0,0.0,0.0
2023-07-12,57993100.0,10754800.0,28197000.0,428500.0,2862900.0,1205200.0,1960500.0,18389200.0,0.0,30404400.0,42820700.0,8255100.0,12558700.0,40127300.0,6940400.0,14241300.0,2156000.0,36677100.0,11051400.0,29995300.0,481277000.0,6080100.0,6764600.0,50079400.0,61975400.0,5752300.0,1284200.0,91924500.0,10202000.0,3120000.0,1991100.0,16509900.0,3920290000.0,0.0,0.0
2023-07-13,49206700.0,11157600.0,25912000.0,434000.0,5219000.0,1097800.0,1647200.0,16178800.0,0.0,44297900.0,33954200.0,9742600.0,10442000.0,23523000.0,6401700.0,11269800.0,1656900.0,30281000.0,6047000.0,20567200.0,478204000.0,8223100.0,5561400.0,58397800.0,46960000.0,8664500.0,959300.0,72425200.0,9265900.0,5184500.0,1712200.0,11859600.0,3839530000.0,0.0,0.0
2023-07-14,91927200.0,8140400.0,18510000.0,344700.0,2492400.0,994600.0,1828700.0,10639600.0,0.0,33283100.0,36081800.0,7491100.0,13973000.0,32198600.0,5362200.0,11634200.0,1550000.0,23054100.0,6138600.0,28352700.0,772075000.0,4467600.0,6128900.0,45115000.0,55148500.0,5086700.0,628400.0,69815800.0,9518300.0,3135200.0,1288700.0,10427400.0,3647450000.0,0.0,0.0
2023-07-17,68593300.0,7499600.0,26819000.0,314500.0,2596800.0,756200.0,1909900.0,14750400.0,0.0,25716200.0,28836600.0,3182400.0,10548600.0,23283700.0,5486800.0,10014300.0,1669900.0,25323100.0,8175800.0,20363900.0,510488000.0,5637400.0,4625300.0,63505000.0,40868900.0,4946700.0,706000.0,52680200.0,10722600.0,3027400.0,2146700.0,10135200.0,3538240000.0,0.0,0.0
2023-07-18,57980100.0,11921200.0,24513000.0,647100.0,6057300.0,597100.0,1778800.0,9642800.0,0.0,26193600.0,25990800.0,3626500.0,13808700.0,28489800.0,6332500.0,11152900.0,1991600.0,20731900.0,10062000.0,64738600.0,569164000.0,5684100.0,5351200.0,87117600.0,55262000.0,13205700.0,848100.0,80668200.0,10343600.0,4120600.0,2468300.0,13437300.0,4090010000.0,0.0,0.0
2023-07-19,70363100.0,9626400.0,24118000.0,889200.0,3653400.0,546500.0,1261100.0,19150000.0,0.0,37224000.0,26794800.0,5059300.0,12203100.0,23679000.0,7522600.0,12936000.0,1969200.0,21763700.0,8412600.0,39732900.0,427502000.0,4140800.0,6203600.0,89044600.0,54093000.0,10581600.0,814200.0,65891700.0,11204800.0,6889800.0,3692300.0,12372900.0,4115670000.0,0.0,0.0
2023-07-20,76340400.0,10467200.0,28268000.0,620000.0,2781800.0,466700.0,1732800.0,19167600.0,0.0,37906800.0,27028500.0,9486600.0,7778400.0,27278100.0,21892900.0,11563000.0,2104300.0,23836900.0,9801800.0,33778400.0,537865000.0,5056500.0,6445400.0,62711600.0,71941700.0,6236500.0,1227700.0,70591600.0,22810200.0,6023900.0,1512600.0,14987700.0,3761770000.0,0.0,0.0
2023-07-21,76815400.0,6565200.0,74287000.0,1135900.0,3883800.0,339200.0,5264300.0,23805200.0,0.0,72937900.0,37447800.0,4560100.0,7128000.0,28982400.0,12080000.0,12815100.0,2835500.0,42139300.0,24693800.0,69405400.0,963769000.0,15022100.0,9938400.0,63375900.0,60499600.0,6228700.0,474500.0,71275600.0,15381200.0,5709800.0,4584000.0,16960500.0,3570190000.0,0.0,0.0
2023-07-24,45583600.0,8346000.0,19992000.0,1155400.0,3615100.0,529200.0,2086400.0,10980400.0,0.0,29686100.0,20925500.0,7451100.0,4571100.0,16929800.0,15155400.0,10251100.0,2034400.0,24915700.0,8125000.0,26678100.0,382516000.0,4225800.0,5549500.0,36133600.0,40380100.0,4193600.0,551500.0,54023400.0,9054900.0,3872100.0,1939700.0,12529800.0,3856250000.0,0.0,0.0
2023-07-25,44916300.0,10618000.0,20042000.0,741200.0,4484900.0,692100.0,1602500.0,8984800.0,0.0,52509600.0,30067600.0,4079300.0,9280000.0,18961100.0,13790100.0,13422700.0,2780600.0,19585600.0,7512600.0,41637700.0,348081000.0,3521600.0,5883800.0,36612900.0,38894400.0,5847500.0,736800.0,55191200.0,9202200.0,2741700.0,2748800.0,15553800.0,3812470000.0,0.0,0.0
2023-07-26,51721700.0,15090400.0,19877000.0,628300.0,4048300.0,782900.0,1306400.0,11194400.0,0.0,61682100.0,33068400.0,4880100.0,10018200.0,20377900.0,14288200.0,17145500.0,2896900.0,47256900.0,9245400.0,58383700.0,364237000.0,3898900.0,7013800.0,35804800.0,47075700.0,7082600.0,780000.0,71052900.0,8993500.0,5117700.0,2838700.0,15094200.0,3990290000.0,0.0,0.0
2023-07-27,70678000.0,15479600.0,21922000.0,909300.0,3355900.0,5220200.0,1485300.0,10684000.0,0.0,44952100.0,48675800.0,8522800.0,11511100.0,31159300.0,12446400.0,11517100.0,4698300.0,64229200.0,6854800.0,39635300.0,455976000.0,4141800.0,7191600.0,50685200.0,63940200.0,6190700.0,1161700.0,92194400.0,8049800.0,4690000.0,2048800.0,13400400.0,4553210000.0,0.0,0.0
2023-07-28,55526000.0,29140000.0,18791000.0,648000.0,2795600.0,6285300.0,1371400.0,8012400.0,0.0,36591200.0,27588400.0,5794100.0,14818600.0,21612200.0,14138800.0,9721800.0,2843000.0,39220300.0,6138200.0,28484900.0,331194000.0,5602300.0,9397300.0,106125600.0,56902900.0,4367000.0,826000.0,80011800.0,6758700.0,4622600.0,1875000.0,11020200.0,3981010000.0,0.0,0.0
2023-07-31,54187300.0,28504000.0,14952000.0,580900.0,5481500.0,3789100.0,1365900.0,15659200.0,0.0,28055500.0,30744800.0,6347000.0,13950900.0,24203900.0,22632700.0,15577900.0,3296000.0,25799600.0,7472000.0,25446000.0,251055000.0,5687700.0,7955200.0,142173800.0,44019900.0,4813200.0,3117700.0,62040400.0,8647900.0,5874900.0,2792900.0,13033200.0,4503600000.0,0.0,0.0
2023-08-01,95279300.0,64125200.0,19683000.0,425300.0,4561300.0,3201100.0,1445300.0,16073600.0,0.0,23166800.0,34529700.0,7714000.0,15524800.0,27444300.0,15810300.0,9281600.0,1916200.0,22817900.0,6061600.0,18311900.0,237858000.0,2853900.0,5718800.0,99336200.0,41060600.0,2294400.0,1179100.0,55291500.0,6428500.0,9983200.0,2377800.0,11782500.0,4042370000.0,0.0,0.0
2023-08-02,173372000.0,17000400.0,26877000.0,558100.0,11929800.0,4432400.0,1635000.0,18434400.0,0.0,26273300.0,37500500.0,8009200.0,13988200.0,28079700.0,14595600.0,11059400.0,2388300.0,20461100.0,9660600.0,27761300.0,530142000.0,4285900.0,5636000.0,98215800.0,72687100.0,3715800.0,821200.0,93933400.0,9820900.0,38471500.0,1935100.0,12660000.0,4270710000.0,0.0,0.0
2023-08-03,90605400.0,11149600.0,18281000.0,457700.0,5497700.0,1761600.0,1463400.0,9828800.0,0.0,20089500.0,30348000.0,11057900.0,7780900.0,24279300.0,17424800.0,8037400.0,1910700.0,15180200.0,14226000.0,18253700.0,324176000.0,2857400.0,5792700.0,54345900.0,47666400.0,2916300.0,625800.0,64276100.0,8571700.0,12836000.0,4245100.0,13202700.0,4149120000.0,0.0,0.0
2023-08-04,83169700.0,10311600.0,21156000.0,1002200.0,3767200.0,2154300.0,1142000.0,17876400.0,0.0,26147200.0,37411900.0,10189900.0,10845200.0,24950400.0,23415100.0,9359300.0,2520500.0,17612800.0,19488800.0,23741500.0,362666000.0,4651100.0,4785900.0,72386000.0,61702800.0,3034400.0,842400.0,100128900.0,7562600.0,9938400.0,4728100.0,14262000.0,4143310000.0,0.0,0.0
2023-08-07,65854800.0,9074800.0,11146000.0,574800.0,3013100.0,1366700.0,1015400.0,9319200.0,0.0,22746300.0,19412600.0,4007400.0,15512300.0,20185000.0,17736400.0,6982600.0,2176800.0,16236500.0,16774400.0,17741500.0,322154000.0,3323400.0,4107400.0,133808400.0,37230400.0,4534100.0,952100.0,58357500.0,6601400.0,14131800.0,3243200.0,14268900.0,3493920000.0,0.0,0.0
2023-08-08,54141800.0,8652000.0,14081000.0,806500.0,3028100.0,1902400.0,1020400.0,17134400.0,0.0,23535200.0,32545600.0,5401400.0,8051700.0,25578200.0,27378700.0,7956100.0,1948400.0,15183500.0,9650600.0,22327600.0,353843000.0,5017900.0,4625500.0,143014200.0,44726500.0,4704200.0,1380400.0,71361300.0,7659000.0,7777700.0,4245500.0,11017500.0,3884910000.0,0.0,0.0
2023-08-09,56257100.0,6640400.0,24672000.0,2983400.0,2816500.0,1319200.0,1471800.0,9980800.0,0.0,24912900.0,27569200.0,5317200.0,12370400.0,22293200.0,42974400.0,7904100.0,1895800.0,19955800.0,9374400.0,22373300.0,586449000.0,4413100.0,4293200.0,126230400.0,51150900.0,7997700.0,986800.0,78789600.0,6426900.0,7518900.0,7461000.0,13209600.0,3803100000.0,0.0,0.0
2023-08-10,57297800.0,5088000.0,20186000.0,1232800.0,3922000.0,1484400.0,1107200.0,9399200.0,0.0,20857800.0,43697200.0,8462100.0,12999600.0,29378800.0,48213800.0,7870300.0,2436300.0,14358900.0,7397000.0,20113700.0,492705000.0,3727200.0,4307800.0,73129100.0,72035300.0,4650600.0,2139900.0,93005500.0,7459600.0,11382300.0,5922500.0,15169500.0,4504370000.0,0.0,0.0
2023-08-11,55667700.0,4929600.0,20331000.0,1428500.0,3712300.0,879800.0,1043100.0,8184400.0,0.0,19591100.0,23329000.0,5915000.0,51478100.0,21789000.0,45905600.0,8483900.0,1761800.0,14046300.0,4762400.0,24355500.0,533085000.0,2873800.0,3862300.0,56616800.0,48707200.0,2313200.0,816900.0,68690900.0,10658400.0,6050400.0,4828700.0,14195100.0,3753290000.0,0.0,0.0
2023-08-14,57421800.0,6647200.0,17688000.0,802200.0,2556100.0,2124600.0,1247600.0,8920800.0,0.0,24695600.0,28545100.0,6218400.0,16876600.0,20354900.0,64036900.0,7176300.0,1712400.0,15641900.0,7809400.0,18836100.0,690286000.0,3385600.0,4297600.0,47511400.0,42130800.0,2358900.0,946700.0,47867400.0,7489700.0,5947800.0,4458700.0,20813700.0,3896410000.0,0.0,0.0
2023-08-15,53816600.0,6409200.0,14035000.0,683300.0,2764100.0,1620500.0,1124300.0,7859200.0,0.0,19770700.0,32968600.0,9602600.0,25775800.0,25491300.0,88958100.0,7187400.0,1883800.0,11623600.0,5898600.0,16966300.0,676512000.0,3331800.0,6921100.0,44000400.0,45539900.0,2739200.0,1068100.0,75707500.0,6069500.0,5592400.0,3258400.0,14559300.0,3832250000.0,0.0,0.0
2023-08-16,54327300.0,17086400.0,16003000.0,512600.0,2829900.0,1175700.0,1340100.0,7504800.0,0.0,25216100.0,31759400.0,7199600.0,16770800.0,27018400.0,85832700.0,8372300.0,1829400.0,18547700.0,5552200.0,20698900.0,527451000.0,2633700.0,6356800.0,40394600.0,53190500.0,3133100.0,1093400.0,80107200.0,7439500.0,5438200.0,3004500.0,26980800.0,3753910000.0,0.0,0.0
2023-08-17,59064300.0,11352800.0,19228000.0,540500.0,2792500.0,1839400.0,1941900.0,13436000.0,0.0,33446300.0,38546600.0,9858300.0,11812200.0,26715100.0,70904200.0,12873500.0,2148400.0,23950100.0,7085000.0,21257200.0,452395000.0,4503000.0,6419500.0,91086700.0,62604300.0,4678200.0,1273700.0,95711300.0,7712500.0,6342100.0,3470700.0,53614200.0,3943700000.0,0.0,0.0
2023-08-18,59916700.0,9462000.0,17759000.0,737900.0,3889400.0,1595300.0,1878100.0,12786800.0,0.0,30504800.0,44130500.0,7510500.0,11928600.0,33375200.0,49631700.0,11083800.0,2624500.0,35347900.0,6639600.0,24755000.0,583768000.0,6020300.0,5448200.0,70215200.0,61191400.0,4287700.0,963400.0,98852000.0,9066200.0,7282700.0,3267500.0,27954900.0,3940400000.0,0.0,0.0
2023-08-21,49319200.0,8606800.0,30012000.0,432400.0,7307200.0,1061800.0,2076100.0,16983200.0,0.0,25248700.0,30768700.0,10864000.0,9703500.0,22678100.0,151319500.0,8648500.0,2682600.0,20181500.0,6636200.0,24040000.0,692573000.0,4284100.0,4504700.0,43206200.0,50696500.0,2618700.0,883700.0,68719000.0,8618300.0,5952900.0,3002900.0,15679200.0,3726850000.0,0.0,0.0
2023-08-22,47295200.0,14522000.0,17079000.0,300800.0,3281500.0,3225700.0,1286000.0,6830400.0,0.0,22054900.0,18135400.0,6330500.0,9444600.0,21299200.0,56834800.0,9411500.0,2052300.0,12980200.0,5349800.0,16084600.0,755293000.0,3489300.0,4195600.0,52001800.0,44530200.0,2374900.0,1449100.0,64994200.0,7059000.0,4276100.0,3676900.0,16670700.0,3522760000.0,0.0,0.0
2023-08-23,54656300.0,10072800.0,19692000.0,403200.0,4755400.0,2718500.0,1295800.0,7674000.0,0.0,27819700.0,33378000.0,8550500.0,10681100.0,21231100.0,119011400.0,7749500.0,2308800.0,18287000.0,7950000.0,21166400.0,779046000.0,4042700.0,4522500.0,53523300.0,51770600.0,2294800.0,1040400.0,68441000.0,10362600.0,4733300.0,5043400.0,14210400.0,3837270000.0,0.0,0.0
2023-08-24,109179100.0,13534400.0,30934000.0,748000.0,2870200.0,4179300.0,1587500.0,13417200.0,0.0,28500700.0,34336100.0,5735800.0,11746800.0,26582300.0,70755100.0,8955100.0,2006400.0,18360900.0,10257800.0,23281400.0,1156044000.0,5709800.0,4088900.0,93586200.0,66842500.0,2961200.0,1665000.0,88517300.0,12254400.0,10481000.0,3957900.0,14033100.0,3723470000.0,0.0,0.0
2023-08-25,74793100.0,6566800.0,24181000.0,412200.0,4092300.0,1444200.0,1511500.0,11356400.0,0.0,26762900.0,31149300.0,7895700.0,10050600.0,29340400.0,18185500.0,7629200.0,3725200.0,23701400.0,5309800.0,21684100.0,925341000.0,4710700.0,3541500.0,55668900.0,69960500.0,2697200.0,847300.0,102325100.0,10356000.0,10429700.0,2932600.0,12267000.0,3296180000.0,0.0,0.0
2023-08-28,55386800.0,4766400.0,14306000.0,435500.0,3032900.0,1813600.0,945800.0,23176000.0,0.0,20543300.0,21461600.0,3301700.0,8170300.0,23002000.0,18458000.0,6254300.0,2317600.0,14239300.0,4489800.0,14808500.0,685192000.0,3189800.0,3614700.0,35964700.0,40910000.0,2290700.0,911100.0,61595400.0,5174800.0,6433300.0,2761600.0,11871000.0,2957230000.0,0.0,0.0
2023-08-29,50850300.0,4915200.0,27822000.0,302400.0,2795400.0,2015000.0,1468500.0,14480800.0,0.0,43075600.0,42178200.0,7064200.0,13203500.0,22986000.0,12208600.0,8189600.0,2348500.0,20844500.0,6807800.0,19284600.0,701397000.0,4368600.0,4034600.0,47213200.0,58492400.0,2886700.0,1084300.0,83081900.0,8910300.0,5746600.0,4530600.0,12702300.0,3354820000.0,0.0,0.0
2023-08-30,54847300.0,4922000.0,23234000.0,541300.0,3180800.0,1442500.0,1292800.0,24775600.0,0.0,28315800.0,29458200.0,6346700.0,11589200.0,19869900.0,9939100.0,9447900.0,2410700.0,17717000.0,6492600.0,15222100.0,735206000.0,3153400.0,3712200.0,65674100.0,41731500.0,2888600.0,1111600.0,69053900.0,6073400.0,3397000.0,4426500.0,10967700.0,3064110000.0,0.0,0.0
2023-08-31,58919000.0,19036800.0,55203000.0,862000.0,3721400.0,1892600.0,2086500.0,54908400.0,0.0,30053800.0,30824500.0,6167300.0,7682000.0,17953400.0,15333000.0,14663500.0,2979800.0,17229900.0,9925400.0,26411000.0,528570000.0,5566700.0,5451400.0,101517200.0,35730700.0,3242200.0,866500.0,66084600.0,8661200.0,3569300.0,5297400.0,19582800.0,3946360000.0,0.0,0.0
2023-09-01,54856100.0,8224000.0,65017000.0,343300.0,3350800.0,1502400.0,1437700.0,16930000.0,0.0,21543700.0,33213100.0,7746600.0,7835800.0,25094600.0,8610100.0,11262300.0,2136400.0,12842300.0,5665800.0,14942000.0,463830000.0,4801400.0,4126300.0,45258900.0,39801200.0,2326400.0,1251200.0,58944100.0,7094600.0,4614300.0,3880300.0,12553500.0,3246260000.0,0.0,0.0
2023-09-05,66042200.0,6325600.0,24808000.0,697700.0,4602100.0,1479200.0,1714300.0,13152800.0,0.0,19403100.0,29500600.0,4993400.0,12119100.0,27160100.0,9019800.0,12474600.0,2410300.0,14956000.0,12411600.0,18553900.0,382653000.0,5081800.0,5097000.0,33818400.0,32344200.0,2943800.0,1131800.0,55166200.0,6396500.0,3719500.0,9795600.0,15209400.0,3526250000.0,0.0,0.0
2023-09-06,47736700.0,4841600.0,20142000.0,330300.0,2550000.0,1248400.0,1476600.0,17074400.0,0.0,18684500.0,30797500.0,7344100.0,13193800.0,26406200.0,9753800.0,13923500.0,2705800.0,15418100.0,8092200.0,17535800.0,468670000.0,5933800.0,3877400.0,38738100.0,42998700.0,2040200.0,868800.0,70758500.0,7933700.0,7073700.0,6026800.0,14594700.0,3418850000.0,0.0,0.0
2023-09-07,49080100.0,6701600.0,27789000.0,459200.0,2768500.0,1411100.0,1340000.0,12003600.0,0.0,18844300.0,28757400.0,7137500.0,16134600.0,23894800.0,9931800.0,17628600.0,3732800.0,33748700.0,7747400.0,18381000.0,433330000.0,4934300.0,4824800.0,51798800.0,52060700.0,2504600.0,1279700.0,70355400.0,14684400.0,6757300.0,6964700.0,19120800.0,3763760000.0,0.0,0.0
2023-09-08,46232000.0,5989200.0,16810000.0,359500.0,1784500.0,1461400.0,1075300.0,10766000.0,0.0,23558300.0,26389100.0,4648500.0,13070300.0,19399100.0,6957000.0,14312300.0,2351300.0,17548000.0,4972000.0,19530100.0,473069000.0,2995000.0,3384700.0,33862000.0,35800100.0,2349800.0,778500.0,61659700.0,5820800.0,3862500.0,7431600.0,12667200.0,3259290000.0,0.0,0.0
2023-09-11,50611300.0,7478400.0,15710000.0,326300.0,3826300.0,1818800.0,1388600.0,11870800.0,0.0,20763400.0,29159400.0,4321700.0,11040900.0,17424700.0,6309300.0,14767400.0,2433200.0,19489300.0,6571600.0,16583300.0,473966000.0,4512700.0,4288500.0,55294700.0,39936600.0,3520000.0,1053400.0,60180100.0,7268600.0,6528500.0,5262900.0,11912100.0,3369920000.0,0.0,0.0
2023-09-12,44413600.0,6111200.0,16680000.0,375500.0,3584100.0,2033700.0,1055500.0,8440000.0,0.0,18405500.0,21668500.0,4998400.0,21368900.0,16826300.0,6045800.0,12292700.0,1450200.0,13480400.0,7660800.0,17565500.0,349256000.0,3331100.0,4537800.0,39497900.0,41391000.0,12847400.0,1092700.0,67565400.0,8242600.0,5653700.0,6221300.0,11757300.0,3435740000.0,0.0,0.0
2023-09-13,44702300.0,6460000.0,17413000.0,378700.0,5572900.0,1602000.0,1162700.0,6822000.0,0.0,20749500.0,27498900.0,6675400.0,13052500.0,24415700.0,7397500.0,12641400.0,1724300.0,13210900.0,9369600.0,16544400.0,398355000.0,3781400.0,4040600.0,34354400.0,46300700.0,5675200.0,1900900.0,60199300.0,5757800.0,7073300.0,6629500.0,14364300.0,3529430000.0,0.0,0.0
2023-09-14,45920600.0,6193200.0,19648000.0,398700.0,8291900.0,1485900.0,1257300.0,8333600.0,0.0,24751000.0,29575900.0,6421000.0,11911100.0,27952500.0,7758400.0,12311600.0,2219700.0,19343100.0,5980200.0,20267000.0,370097000.0,4118300.0,4606800.0,38572500.0,48039400.0,4963600.0,1708200.0,83430800.0,6506300.0,6826000.0,6554100.0,14923800.0,3648720000.0,0.0,0.0
2023-09-15,71103600.0,8418400.0,50190000.0,820100.0,9131700.0,1045100.0,2945300.0,18910400.0,0.0,38919600.0,41636900.0,9367700.0,13729900.0,39695500.0,13392100.0,55727500.0,5730700.0,28131100.0,19581200.0,37679800.0,506831000.0,11661200.0,10262400.0,56271200.0,69811200.0,13269000.0,1815100.0,111848900.0,19940500.0,7132800.0,53404100.0,63925200.0,6932230000.0,0.0,0.0
2023-09-18,49061300.0,5998400.0,16541000.0,497200.0,5206100.0,1174100.0,1003100.0,9781200.0,0.0,21861300.0,19549700.0,4622200.0,10492000.0,19287800.0,5789000.0,13617400.0,2884800.0,14234200.0,7680600.0,16834200.0,500271000.0,3182600.0,3536500.0,37404100.0,36903500.0,3402700.0,1941000.0,55752200.0,6647400.0,4100100.0,6597400.0,12997800.0,3161230000.0,0.0,0.0
2023-09-19,41704100.0,4142400.0,13126000.0,478800.0,6155400.0,1588200.0,1144700.0,9390800.0,0.0,20353700.0,33937200.0,7536800.0,9755800.0,24085900.0,5550800.0,11998900.0,2128100.0,15924400.0,7597600.0,16505900.0,373064000.0,3369300.0,4704200.0,37804800.0,37621700.0,17132800.0,1234500.0,66514600.0,7172100.0,2445100.0,4450500.0,14019600.0,3614880000.0,0.0,0.0
2023-09-20,55180600.0,5091600.0,13681000.0,458300.0,3701800.0,999100.0,1311500.0,11120400.0,0.0,29927500.0,26715100.0,10751800.0,14212600.0,27642900.0,3837400.0,14766600.0,1979300.0,19379500.0,8660800.0,21436500.0,367108000.0,3695800.0,5446400.0,37640500.0,45514200.0,6338900.0,1051600.0,82562600.0,6935300.0,3696100.0,4081900.0,10120800.0,3308450000.0,0.0,0.0
2023-09-21,59704300.0,7297200.0,53654000.0,598300.0,3671500.0,1395800.0,1687700.0,27168400.0,0.0,31503900.0,43327300.0,8702500.0,15438600.0,31625600.0,4526700.0,15941800.0,2370100.0,21319600.0,16030400.0,35560400.0,450736000.0,5351000.0,5096400.0,73071800.0,69734800.0,5162800.0,1083400.0,104095800.0,10652500.0,3685200.0,5137900.0,18782400.0,3662340000.0,0.0,0.0
2023-09-22,52169400.0,5640400.0,27764000.0,369200.0,5570900.0,940400.0,1527300.0,12537600.0,0.0,26397300.0,36657300.0,8637800.0,11661300.0,23164700.0,4976700.0,14644100.0,1958300.0,25369600.0,14124000.0,21447900.0,479236000.0,4542300.0,6327000.0,47714500.0,51589700.0,3693500.0,1048100.0,100829700.0,7967200.0,2666200.0,3962300.0,13215000.0,3349570000.0,0.0,0.0
2023-09-25,43223700.0,6032800.0,15648000.0,373600.0,8557400.0,987600.0,1313300.0,8706800.0,0.0,20094600.0,30197500.0,11712000.0,8908500.0,22416200.0,6722500.0,12358800.0,1895500.0,18987000.0,10165600.0,17836000.0,419091000.0,3553600.0,5527000.0,39693900.0,39168000.0,4554200.0,1736600.0,70874500.0,8758000.0,4134200.0,3411700.0,10459500.0,3195650000.0,0.0,0.0
2023-09-26,42866500.0,5951600.0,17641000.0,444700.0,4740000.0,1242200.0,2425100.0,9656400.0,0.0,25718700.0,39193000.0,8281800.0,8431100.0,30476000.0,4904800.0,11194700.0,2251600.0,19417200.0,10569800.0,26297600.0,402282000.0,5213700.0,6366500.0,37276200.0,53657700.0,3480300.0,912000.0,96168400.0,8877600.0,4622500.0,4370800.0,14435700.0,3472340000.0,0.0,0.0
2023-09-27,51261500.0,8677600.0,15352000.0,617800.0,5225100.0,1222600.0,4591400.0,10524400.0,0.0,22746500.0,45532200.0,10586100.0,15092400.0,37293000.0,10211600.0,13766300.0,2735000.0,36429800.0,12478800.0,19410100.0,444935000.0,5729900.0,5403700.0,62780600.0,56066000.0,4091300.0,946400.0,104705800.0,7860700.0,5577000.0,5572400.0,15711000.0,3875880000.0,0.0,0.0
2023-09-28,72542100.0,6858400.0,16180000.0,354200.0,7505000.0,1993200.0,2192400.0,7263600.0,0.0,22513100.0,45776600.0,11654600.0,15513900.0,31372400.0,7861900.0,12484800.0,2182400.0,22167100.0,8006400.0,19683600.0,424663000.0,4841600.0,6237100.0,66590800.0,56453300.0,3361700.0,712000.0,92258300.0,6647700.0,4655800.0,4491800.0,11617200.0,3846230000.0,0.0,0.0
2023-09-29,56078600.0,6912800.0,16481000.0,634300.0,8414600.0,2531200.0,1887500.0,10398800.0,0.0,30859800.0,51698300.0,13488300.0,13846200.0,36689000.0,7680700.0,12271600.0,3367100.0,25373700.0,10267200.0,24147300.0,397830000.0,5194200.0,6683300.0,78055100.0,64829600.0,3058300.0,983900.0,115111300.0,7338300.0,4526600.0,4839700.0,18842400.0,3865960000.0,0.0,0.0
2023-10-02,45118600.0,6685600.0,14676000.0,428500.0,11284700.0,1694800.0,1831700.0,11052000.0,0.0,22288000.0,69255900.0,21010000.0,7661500.0,42139300.0,7259700.0,11792500.0,4425000.0,16265600.0,8165800.0,20570000.0,433298000.0,3838800.0,5153800.0,41043900.0,51625100.0,2907000.0,1574200.0,83798600.0,6305000.0,6750200.0,4982200.0,12992700.0,3938660000.0,0.0,0.0
2023-10-03,48117000.0,5250400.0,18761000.0,266600.0,5576400.0,1902800.0,2007400.0,13016400.0,0.0,22989400.0,77754200.0,21364700.0,8441400.0,42733600.0,5740800.0,13604200.0,3408100.0,17362300.0,14903000.0,21033500.0,470850000.0,4873400.0,4670600.0,51578100.0,60478500.0,3802100.0,2158100.0,103760600.0,8201700.0,6541400.0,6436500.0,11253300.0,3953830000.0,0.0,0.0
2023-10-04,51023200.0,7835200.0,16417000.0,335100.0,8957100.0,2770500.0,1798800.0,7942800.0,0.0,26752300.0,138971500.0,14054000.0,8775500.0,42491900.0,4955200.0,12100500.0,2820000.0,16880500.0,13610000.0,20720100.0,361821000.0,4134000.0,4727800.0,52786200.0,54786700.0,2565500.0,1321300.0,87453000.0,7658500.0,5267500.0,6521100.0,15755700.0,3777600000.0,0.0,0.0
2023-10-05,51789700.0,6706800.0,11474000.0,300900.0,5787400.0,3082600.0,1579700.0,9639200.0,0.0,19832600.0,56138500.0,11315900.0,6183600.0,33365100.0,5993300.0,29878100.0,3799600.0,19130000.0,13539600.0,16965600.0,393483000.0,10556400.0,5205700.0,49648100.0,45897400.0,2639300.0,1124600.0,70142700.0,6651700.0,3903900.0,4402300.0,14269500.0,3581470000.0,0.0,0.0
2023-10-06,64864100.0,8164800.0,21103000.0,370200.0,5121400.0,3107100.0,4246700.0,27588000.0,0.0,27597600.0,52741500.0,12257100.0,8895000.0,42160900.0,5802200.0,30298900.0,5130700.0,21803900.0,15894000.0,25673600.0,434436000.0,12774700.0,7406700.0,65946300.0,75049100.0,3451100.0,14033200.0,113273300.0,9777100.0,7099400.0,4792100.0,42616200.0,3902030000.0,0.0,0.0
2023-10-09,39593200.0,5825600.0,15760000.0,532000.0,4228400.0,1866400.0,1781500.0,26734000.0,0.0,19278100.0,27277200.0,5816700.0,8915900.0,26658400.0,4414100.0,15704700.0,2782300.0,22503700.0,9186600.0,19891200.0,409675000.0,7244500.0,5062200.0,106161200.0,45304800.0,3348800.0,3242400.0,80374400.0,4781300.0,5777500.0,3306800.0,21022500.0,3174630000.0,0.0,0.0
2023-10-10,57105500.0,6499600.0,14718000.0,591500.0,4288500.0,1720700.0,2176800.0,14224800.0,0.0,27786600.0,50761600.0,11508300.0,16382200.0,31585000.0,5273500.0,20909700.0,3129600.0,19038000.0,14336000.0,20557100.0,368582000.0,11456400.0,5988900.0,99971500.0,46968800.0,4345300.0,2523300.0,78607300.0,7182900.0,8552300.0,5909500.0,16014300.0,3520240000.0,0.0,0.0
2023-10-11,51085600.0,12098000.0,14334000.0,728500.0,5283700.0,1691700.0,1449800.0,14210400.0,0.0,25884300.0,53330500.0,14815800.0,9986700.0,27427200.0,6922900.0,21138900.0,2919400.0,22036300.0,9846200.0,20063200.0,378137000.0,7371500.0,5469100.0,55745600.0,38215100.0,3620000.0,1223100.0,62451700.0,8051700.0,8423300.0,6961700.0,12026100.0,3601660000.0,0.0,0.0
2023-10-12,60959400.0,7574000.0,43871000.0,424900.0,4504300.0,1602900.0,1458000.0,12338000.0,0.0,24765500.0,60368000.0,12855900.0,9742900.0,38693800.0,5792400.0,19330400.0,3528300.0,20530500.0,16659800.0,19313100.0,481325000.0,9024100.0,5965600.0,57940900.0,49587900.0,4566700.0,1161300.0,81154200.0,8897800.0,6449900.0,3725700.0,13514100.0,3713140000.0,0.0,0.0
2023-10-13,52881500.0,5094400.0,28312000.0,410200.0,5325700.0,1314400.0,1243900.0,10760400.0,0.0,23420500.0,54191200.0,9872500.0,8337800.0,33955600.0,5359800.0,14494600.0,2646500.0,21341000.0,12120600.0,21072400.0,474115000.0,6757100.0,7078900.0,54541600.0,52469900.0,3795700.0,1932600.0,95143100.0,7985100.0,6902800.0,2954600.0,13809000.0,3566560000.0,0.0,0.0
2023-10-16,42464500.0,8604400.0,21150000.0,307000.0,3941000.0,2726900.0,1428300.0,10161600.0,0.0,28501900.0,39352900.0,7248000.0,6725400.0,31140300.0,6408100.0,12816800.0,2774700.0,16536100.0,10923400.0,22158000.0,375099000.0,5605000.0,6509800.0,44987300.0,44201100.0,3162800.0,1175900.0,75433200.0,8791800.0,4355100.0,3368500.0,14348100.0,3409960000.0,0.0,0.0
2023-10-17,49642100.0,7319200.0,33008000.0,568900.0,7024300.0,1582700.0,1404600.0,12704800.0,0.0,23515800.0,50948700.0,11191600.0,6852700.0,39823200.0,12244400.0,16457200.0,2627500.0,16387800.0,14995800.0,18338500.0,812333000.0,6411300.0,6160100.0,54401300.0,50999100.0,2835600.0,1462400.0,75324700.0,7997100.0,5069000.0,3255600.0,10893000.0,3794850000.0,0.0,0.0
2023-10-18,50450000.0,7547600.0,20404000.0,327100.0,4213100.0,1158400.0,1311900.0,8693600.0,0.0,23375000.0,58306500.0,13794200.0,7830900.0,38501400.0,9097300.0,12809500.0,4559200.0,16851000.0,10898400.0,23153600.0,627294000.0,6650600.0,10508500.0,44208300.0,54280500.0,2860800.0,1763400.0,93559800.0,9982700.0,6822600.0,3175400.0,10559100.0,3686030000.0,0.0,0.0
2023-10-19,52734200.0,6584000.0,26620000.0,365600.0,6137600.0,1383800.0,2019600.0,14072400.0,0.0,26066000.0,70971900.0,27116700.0,7664900.0,51397300.0,7733800.0,16202200.0,5646200.0,18709200.0,16317800.0,25052100.0,501233000.0,6336800.0,8146000.0,46303200.0,72274200.0,2846700.0,4460600.0,121323000.0,22751600.0,8848700.0,3717400.0,11745900.0,3969730000.0,0.0,0.0
2023-10-20,61317900.0,6350400.0,26953000.0,354100.0,4731600.0,1723000.0,2295400.0,15359200.0,0.0,26335700.0,64845500.0,12587100.0,9586900.0,54421900.0,7207000.0,15686400.0,3779200.0,22312300.0,14975600.0,25027700.0,477266000.0,5486500.0,7284200.0,63875500.0,72559700.0,3146800.0,5711300.0,123919900.0,12197300.0,8789400.0,3267500.0,15056700.0,4004030000.0,0.0,0.0
2023-10-23,50817400.0,6722000.0,16456000.0,213500.0,2819800.0,2369400.0,1776500.0,10136800.0,0.0,26317900.0,47508700.0,12365000.0,11506300.0,45590900.0,5874000.0,21212700.0,3409800.0,17796800.0,8773400.0,24374700.0,478530000.0,5795800.0,5981800.0,55967200.0,60665200.0,3143900.0,2693000.0,92035100.0,8227900.0,6632100.0,2998100.0,17097000.0,3776100000.0,0.0,0.0
2023-10-24,51982900.0,6438800.0,14972000.0,283900.0,4774800.0,2629300.0,1678600.0,7303600.0,0.0,44814300.0,46427900.0,10906000.0,18483500.0,32666300.0,6155300.0,25290800.0,2468000.0,19525500.0,15655200.0,31153600.0,401463000.0,5265200.0,6322000.0,39833800.0,47082100.0,1977100.0,2966900.0,78564200.0,7374800.0,9674100.0,2668400.0,17535000.0,3821820000.0,0.0,0.0
2023-10-25,53424500.0,7516800.0,21432000.0,278000.0,4682300.0,3629800.0,1757500.0,8200800.0,0.0,84366200.0,42518300.0,15170200.0,12868700.0,36832900.0,5880800.0,16701000.0,2759100.0,42192500.0,9503800.0,55053800.0,398379000.0,4534600.0,6172900.0,46706500.0,71190500.0,2225900.0,1622800.0,94223200.0,13027100.0,17130500.0,2652500.0,16621800.0,3869370000.0,0.0,0.0
2023-10-26,49896400.0,21616400.0,27917000.0,386300.0,6322900.0,7653100.0,1925300.0,10060000.0,0.0,57061100.0,45233400.0,15901300.0,12436500.0,50525600.0,7612500.0,16228400.0,2702600.0,66684100.0,10769800.0,37828500.0,541001000.0,5147000.0,7582100.0,49351800.0,78621400.0,3093800.0,1461900.0,115156800.0,9377300.0,10790600.0,2926000.0,16220100.0,4277640000.0,0.0,0.0
2023-10-27,52458700.0,11157600.0,18236000.0,422800.0,3507500.0,3017800.0,1503100.0,7180400.0,0.0,44566500.0,35621800.0,11628200.0,7936500.0,46017100.0,11385800.0,13626500.0,3209000.0,29596300.0,10174200.0,29856500.0,416784000.0,5078000.0,8131800.0,39913600.0,63476700.0,2275700.0,1951700.0,107367700.0,12480700.0,7865300.0,3259100.0,13829700.0,4019500000.0,0.0,0.0
2023-10-30,43716600.0,14786800.0,20889000.0,303300.0,4868500.0,2694500.0,1696200.0,6677600.0,0.0,28940100.0,29094000.0,11022500.0,12284700.0,35156300.0,8205300.0,15014300.0,6305100.0,28435100.0,11331000.0,22828100.0,388028000.0,4625900.0,5412800.0,46886400.0,55298500.0,2317800.0,1319100.0,86562700.0,9785500.0,6218900.0,2499500.0,12653700.0,3911140000.0,0.0,0.0
2023-10-31,79547100.0,35794800.0,14747000.0,350900.0,13147500.0,2238400.0,1394700.0,6604000.0,0.0,26292300.0,42185900.0,11574700.0,7301700.0,31533200.0,7576900.0,16639400.0,3990600.0,19434200.0,11372600.0,20265300.0,517969000.0,5947400.0,6762100.0,40195400.0,47671900.0,1947900.0,2417500.0,79665200.0,9004900.0,5648500.0,2819600.0,14168400.0,4249470000.0,0.0,0.0
2023-11-01,138641500.0,24259600.0,18684000.0,344800.0,5113300.0,1556900.0,1735300.0,8298800.0,0.0,30082400.0,59313100.0,22448900.0,9031500.0,44367100.0,5733000.0,14110800.0,3543000.0,20434600.0,12916800.0,28158800.0,437593000.0,6682500.0,5896900.0,54419100.0,58992700.0,1998600.0,2495400.0,98068100.0,9508800.0,5920400.0,3786500.0,14899500.0,4224900000.0,0.0,0.0
2023-11-02,71377000.0,12801600.0,18759000.0,406400.0,7325100.0,1891000.0,2100600.0,13408800.0,0.0,27124600.0,68930600.0,14046200.0,11769000.0,50458100.0,5349100.0,13087200.0,4109700.0,21631800.0,18788400.0,24348100.0,409172000.0,5413400.0,5859200.0,170406800.0,58162400.0,3825000.0,1703600.0,94938900.0,11032600.0,5638600.0,3556500.0,15492300.0,4669780000.0,0.0,0.0
2023-11-03,65632200.0,8634400.0,18041000.0,574100.0,5512900.0,1360700.0,1826800.0,13052000.0,0.0,26393100.0,88763600.0,23133700.0,9590600.0,57060700.0,4926800.0,13958700.0,3126500.0,16764300.0,19903600.0,23637700.0,424610000.0,4063300.0,6587700.0,109302000.0,53280500.0,3381000.0,2035600.0,100167800.0,9226700.0,6202500.0,3980900.0,17240100.0,4570960000.0,0.0,0.0
2023-11-06,49270400.0,7943600.0,12870000.0,433700.0,3995100.0,2031800.0,2056900.0,7746400.0,0.0,19052700.0,93899100.0,11246700.0,10032100.0,35294400.0,4851400.0,12673200.0,3090600.0,12887700.0,11064800.0,23828300.0,400733000.0,5784600.0,6480800.0,79952600.0,38848700.0,2412300.0,2334000.0,67831700.0,8402700.0,5246500.0,5641400.0,14529000.0,3656340000.0,0.0,0.0
2023-11-07,50550200.0,7508000.0,19365000.0,908700.0,4600600.0,1033100.0,1373100.0,12263200.0,0.0,29757300.0,50458200.0,13189400.0,7873200.0,31168900.0,4840400.0,10449300.0,2360800.0,14055600.0,10243600.0,25833900.0,343165000.0,4687200.0,6003800.0,56289100.0,50777400.0,2078600.0,1229900.0,64256100.0,6241300.0,4686000.0,6032500.0,15023400.0,3791230000.0,0.0,0.0
2023-11-08,41880600.0,8654400.0,15280000.0,1603200.0,4981100.0,1265500.0,1343600.0,6870400.0,0.0,26425800.0,41143500.0,11117600.0,7449400.0,44938600.0,5460000.0,13744000.0,2223300.0,13609700.0,15227400.0,26767800.0,346719000.0,4926600.0,4832600.0,46063100.0,35663400.0,2413500.0,2405000.0,61746000.0,6537700.0,4825800.0,4593400.0,15591900.0,3729510000.0,0.0,0.0
2023-11-09,61146900.0,8340400.0,24486000.0,811700.0,5871900.0,992900.0,1288400.0,9836400.0,0.0,23747800.0,62856100.0,17067900.0,16070300.0,38577400.0,6973600.0,12021100.0,2501700.0,16103100.0,10749000.0,24847300.0,540496000.0,5639300.0,6581500.0,48454200.0,53859400.0,4978400.0,7414200.0,83174400.0,8166000.0,6119900.0,2870800.0,15080100.0,3900780000.0,0.0,0.0
2023-11-10,75135900.0,13687600.0,36272000.0,830400.0,4164600.0,1276100.0,1908800.0,8166000.0,0.0,26913300.0,35563300.0,10674700.0,11916300.0,36121300.0,6930700.0,11678900.0,2664900.0,19096200.0,11699200.0,28042100.0,421245000.0,5552900.0,5387200.0,92748000.0,58309800.0,2543200.0,4330300.0,89462200.0,19281700.0,5791900.0,2719000.0,14319900.0,3665080000.0,0.0,0.0
2023-11-13,46741900.0,7945600.0,16893000.0,380700.0,5745600.0,1003300.0,1650700.0,12343600.0,0.0,18324800.0,37530100.0,8930200.0,12006000.0,27610300.0,5889300.0,12798200.0,2591900.0,16908900.0,6923000.0,19986500.0,384136000.0,5402300.0,6297500.0,74877500.0,40733500.0,2034500.0,3673100.0,52236100.0,9526300.0,4239600.0,2692200.0,15408900.0,3326240000.0,0.0,0.0
2023-11-14,61017400.0,6964400.0,23886000.0,586700.0,4847500.0,1686300.0,2037600.0,14946000.0,0.0,32395200.0,68210800.0,14313600.0,10069500.0,77611000.0,6713600.0,12697100.0,2647800.0,17179400.0,9250600.0,27683900.0,416954000.0,6238900.0,7982600.0,83230500.0,67792600.0,24910200.0,3579600.0,97176900.0,13873200.0,6316000.0,4171400.0,19792500.0,4700350000.0,0.0,0.0
2023-11-15,59555600.0,7564400.0,16099000.0,535000.0,4238600.0,3026700.0,2165100.0,14774000.0,0.0,23861500.0,44022800.0,12969400.0,12077300.0,59641400.0,6729100.0,10201900.0,2575900.0,14531200.0,9316000.0,26860100.0,475497000.0,5611200.0,7672600.0,75533500.0,54141400.0,8002300.0,3197100.0,77327600.0,10422900.0,8154000.0,4098700.0,35769900.0,4347170000.0,0.0,0.0
2023-11-16,49661900.0,7980000.0,26198000.0,322300.0,4679400.0,1259900.0,2954700.0,12054000.0,0.0,28013200.0,52928200.0,10375600.0,7567900.0,46616700.0,6875600.0,16010400.0,3593700.0,18932600.0,10031400.0,27182300.0,339756000.0,5386400.0,7590500.0,49942800.0,45343500.0,4810400.0,3212700.0,66665800.0,8459000.0,4630200.0,4827800.0,97658700.0,3964520000.0,0.0,0.0
2023-11-17,38508900.0,4434400.0,19789000.0,458600.0,5219300.0,2190700.0,1773600.0,7430000.0,0.0,37240600.0,44272100.0,8462000.0,7095800.0,43418700.0,7023300.0,14475800.0,2604800.0,14494400.0,15872600.0,40157000.0,325205000.0,5583100.0,8495600.0,69497400.0,46571900.0,3904200.0,2246300.0,83133200.0,7243000.0,5138900.0,2903000.0,42487800.0,3777240000.0,0.0,0.0
2023-11-20,43138700.0,4397600.0,18674000.0,287600.0,3891400.0,1369400.0,1624100.0,8918400.0,0.0,27815500.0,30846200.0,7481200.0,5971700.0,26665100.0,8851700.0,13051000.0,3499400.0,16960500.0,13929200.0,52465100.0,414120000.0,4886200.0,6856500.0,90270000.0,44429600.0,4642600.0,2263200.0,69936200.0,6448900.0,4552700.0,3877700.0,26663100.0,3644790000.0,0.0,0.0
2023-11-21,41064800.0,5851200.0,43344000.0,408500.0,5111600.0,1912900.0,1173700.0,9108400.0,0.0,22635300.0,29493900.0,9153300.0,5387300.0,30457000.0,5916300.0,13891600.0,2940800.0,12027900.0,16849000.0,28423100.0,565747000.0,3980000.0,7310400.0,106643300.0,43337000.0,2836300.0,1884200.0,49244600.0,10112600.0,6832100.0,5000200.0,29382300.0,3511080000.0,0.0,0.0
2023-11-22,56862200.0,6957200.0,33743000.0,233300.0,3349800.0,1182500.0,1068600.0,8799600.0,0.0,17813900.0,40866800.0,7255100.0,7312600.0,28940900.0,4633500.0,11320600.0,2285000.0,10702700.0,9512600.0,23345300.0,899420000.0,3235600.0,4372700.0,68326000.0,44121000.0,2586200.0,1258900.0,59394900.0,7413500.0,6242700.0,2980400.0,26416500.0,3042810000.0,0.0,0.0
2023-11-24,19001000.0,3053200.0,23158000.0,101600.0,1872000.0,411000.0,645800.0,6632000.0,0.0,12514300.0,8536200.0,4125800.0,3057800.0,13846900.0,3351400.0,4816000.0,1218000.0,5467500.0,3743600.0,10176600.0,294645000.0,1751700.0,2132500.0,39800400.0,15718800.0,1984900.0,1376800.0,29737400.0,4297600.0,1531400.0,1190500.0,13975200.0,1639500000.0,0.0,0.0
2023-11-27,32743000.0,5656000.0,96962000.0,311700.0,4082500.0,1302800.0,1627400.0,16050000.0,0.0,23436500.0,31007400.0,9539800.0,5517500.0,30665800.0,6449700.0,16246500.0,3703900.0,15684500.0,9071200.0,22179200.0,395662000.0,3664700.0,6021300.0,58808200.0,34139700.0,2789100.0,1474700.0,50506000.0,6856100.0,5344300.0,3560600.0,23393700.0,3403990000.0,0.0,0.0
2023-11-28,32047100.0,6282000.0,39025000.0,227400.0,4155200.0,1293700.0,1286800.0,28590400.0,0.0,18730000.0,44031100.0,13563300.0,6430700.0,28350200.0,5909000.0,13739600.0,2199600.0,12637200.0,16017000.0,20453100.0,401491000.0,4056100.0,6110400.0,54170700.0,35491100.0,3847800.0,1321000.0,62115000.0,6358100.0,7511300.0,2591000.0,23535000.0,3586240000.0,0.0,0.0
2023-11-29,37876300.0,6760400.0,34843000.0,248800.0,5073200.0,3082100.0,1319800.0,51986000.0,0.0,23967200.0,48815500.0,19075400.0,8847700.0,31590200.0,5190000.0,11263600.0,2433400.0,16024500.0,17689000.0,28963400.0,382005000.0,4722400.0,5342700.0,62782100.0,38811700.0,4890000.0,1367100.0,63146000.0,7091100.0,13346500.0,4312900.0,29896500.0,4418760000.0,0.0,0.0
2023-11-30,44494200.0,8793200.0,49571000.0,721800.0,4925300.0,1748400.0,1755200.0,29703200.0,0.0,38988300.0,55047100.0,18446700.0,6469400.0,32216800.0,12481900.0,22727500.0,5030400.0,23146400.0,16968200.0,30554400.0,526247000.0,7346700.0,9771300.0,55501000.0,52834400.0,3073700.0,1446300.0,79752700.0,9681400.0,26319000.0,6258000.0,29925900.0,5399300000.0,0.0,0.0
2023-12-01,37048000.0,6580000.0,29612000.0,850400.0,5041500.0,3061800.0,1475300.0,15475600.0,0.0,31442300.0,60321100.0,21393200.0,9840700.0,64221300.0,10342900.0,15371200.0,4967400.0,15276400.0,11053200.0,33040500.0,369317000.0,4897400.0,5685400.0,61493700.0,40490100.0,4429200.0,1952700.0,89183400.0,7500400.0,9447000.0,4204200.0,39273600.0,4397120000.0,0.0,0.0
2023-12-04,39854400.0,6966400.0,25009000.0,526600.0,3976700.0,1202200.0,1624000.0,13794000.0,0.0,36669900.0,33105700.0,16402000.0,9841500.0,44862600.0,8920300.0,14942200.0,3522900.0,19037100.0,10826400.0,32063300.0,437543000.0,5323300.0,6578300.0,104948500.0,51186900.0,2843500.0,1881200.0,72430900.0,10619400.0,8054700.0,5748300.0,24883200.0,4369910000.0,0.0,0.0
2023-12-05,39191600.0,4046800.0,37066000.0,387900.0,3058100.0,1595100.0,2349700.0,10305600.0,0.0,27384800.0,32466500.0,25452100.0,6930500.0,36873500.0,7268200.0,11891500.0,3005300.0,16952100.0,11551000.0,23065000.0,371718000.0,4553800.0,11895800.0,54460800.0,42933000.0,3022100.0,1271900.0,69793500.0,8009600.0,4325000.0,4136000.0,21883800.0,3909950000.0,0.0,0.0
2023-12-06,60599000.0,8064400.0,24813000.0,267000.0,3583600.0,1925300.0,2233900.0,15038800.0,0.0,23576200.0,21297200.0,14023400.0,8686400.0,43637900.0,6642900.0,14868500.0,2765100.0,11294300.0,11298800.0,21182100.0,380590000.0,4726600.0,7610000.0,96111000.0,41994100.0,2256600.0,1955400.0,69124700.0,11262300.0,4325600.0,4382000.0,26447400.0,4245680000.0,0.0,0.0
2023-12-07,118579100.0,5946000.0,43517000.0,314300.0,4573600.0,2238300.0,1690400.0,9910000.0,0.0,56767100.0,27779300.0,13730100.0,6021300.0,32662300.0,6532400.0,11587900.0,3131900.0,15905100.0,10259800.0,23118900.0,350823000.0,4934800.0,6119600.0,56455000.0,49593500.0,3745500.0,1196500.0,66995400.0,11373700.0,4565600.0,3413400.0,25362600.0,3818880000.0,0.0,0.0
2023-12-08,89341000.0,8846800.0,69668000.0,281800.0,3746400.0,1286600.0,1502100.0,7546800.0,0.0,32260100.0,30123200.0,13825300.0,8181400.0,36087100.0,6254700.0,11178700.0,3623600.0,14087400.0,9871600.0,20154400.0,359224000.0,5115200.0,6385300.0,57542100.0,46687500.0,3203100.0,1947000.0,83194400.0,10572500.0,6951500.0,3606000.0,34069500.0,3707010000.0,0.0,0.0
2023-12-11,98668300.0,8054000.0,101184000.0,302300.0,4278900.0,2169800.0,2139300.0,11096400.0,0.0,31138000.0,30141700.0,10484600.0,10634000.0,29302100.0,6090400.0,14524800.0,3353000.0,25802500.0,9263600.0,27708800.0,509728000.0,6912600.0,8471200.0,50929600.0,41198000.0,3222100.0,1166300.0,65002200.0,9482800.0,7433900.0,3211600.0,31883400.0,3823210000.0,0.0,0.0
2023-12-12,111677800.0,7202400.0,90242000.0,347400.0,4867900.0,1350800.0,2374400.0,11908800.0,0.0,29032800.0,29203400.0,7248000.0,7545500.0,32024000.0,5324400.0,12899000.0,2252200.0,18485500.0,8244800.0,24838300.0,372387000.0,4515800.0,6069200.0,46231900.0,39221200.0,3180400.0,2225100.0,68327600.0,7378600.0,7006600.0,4330700.0,21381900.0,3808380000.0,0.0,0.0
2023-12-13,70651600.0,6439600.0,71654000.0,401900.0,6407500.0,3049300.0,2436900.0,10593200.0,0.0,30104800.0,64201300.0,16155200.0,11648900.0,69484800.0,10764600.0,16196800.0,3312300.0,16353300.0,11561400.0,30955500.0,447792000.0,6082100.0,9055500.0,52682600.0,55408100.0,4221500.0,1644000.0,93278000.0,8988800.0,7966800.0,4128100.0,35348700.0,5063650000.0,0.0,0.0
2023-12-14,76115200.0,9078800.0,66964000.0,676100.0,7920700.0,1928000.0,3839200.0,15280400.0,0.0,38722400.0,67220400.0,32373200.0,15617200.0,83649300.0,9240700.0,22478300.0,4626800.0,19607300.0,11190600.0,43277500.0,391232000.0,7119300.0,10565200.0,67462800.0,55447800.0,6583200.0,3138500.0,119026000.0,10074500.0,10176300.0,3702700.0,30891300.0,6314040000.0,0.0,0.0
2023-12-15,70211800.0,11476400.0,118544000.0,815500.0,5044100.0,1838500.0,8807700.0,24078800.0,0.0,50847100.0,36336400.0,9407100.0,12601500.0,74160700.0,21727800.0,65177400.0,6328500.0,31776900.0,19760800.0,78502300.0,479948000.0,17734600.0,14550000.0,93307100.0,62896600.0,15336500.0,2010300.0,141553700.0,16379200.0,5707600.0,14998800.0,70003500.0,8218980000.0,0.0,0.0
2023-12-18,45199500.0,7231600.0,54741000.0,372100.0,5454500.0,1190000.0,5733400.0,11387200.0,0.0,32258000.0,34793600.0,8634100.0,6809400.0,44451100.0,7231400.0,16717700.0,2490100.0,18993900.0,8460400.0,21802900.0,412587000.0,5439500.0,8421800.0,60188100.0,46610000.0,6468200.0,1805100.0,70375300.0,5660600.0,3012700.0,4450600.0,26316000.0,4060340000.0,0.0,0.0
2023-12-19,63739800.0,8747600.0,36020000.0,446700.0,11122900.0,985400.0,3437300.0,11132000.0,0.0,25476800.0,25269400.0,9047100.0,7388700.0,52156200.0,6651500.0,14612200.0,2054200.0,17729400.0,8407600.0,20603700.0,464444000.0,4855900.0,5233600.0,43530300.0,35711900.0,5076000.0,1625400.0,55761800.0,8498500.0,3795300.0,3445300.0,24417000.0,4026970000.0,0.0,0.0
2023-12-20,54671700.0,6189600.0,34523000.0,559900.0,7627800.0,1000600.0,3782700.0,8991200.0,0.0,49107200.0,38376400.0,12659100.0,8701200.0,62360300.0,7008300.0,17701000.0,2398500.0,16369900.0,9640800.0,26316700.0,397894000.0,5157800.0,7663800.0,58666900.0,54042400.0,5020800.0,1667400.0,102921000.0,10814100.0,3611100.0,3122900.0,21967800.0,4201320000.0,0.0,0.0
2023-12-21,47179400.0,7652000.0,24106000.0,311500.0,4661900.0,868900.0,2388400.0,12712000.0,0.0,27488300.0,22861400.0,8939700.0,4937300.0,38613400.0,4598600.0,11725100.0,2313100.0,15289600.0,8647600.0,17708000.0,300425000.0,4374000.0,6104700.0,30493600.0,45568900.0,8652400.0,1548700.0,86667500.0,9068200.0,2593900.0,2076800.0,20087700.0,3431180000.0,0.0,0.0
2023-12-22,35396600.0,4086400.0,19089000.0,279100.0,4003100.0,562100.0,1641700.0,7206800.0,0.0,26532200.0,18048400.0,4956400.0,4895900.0,39173800.0,3798900.0,9029400.0,1700300.0,11772800.0,7885000.0,17107500.0,252507000.0,3030400.0,4413800.0,33693800.0,34314000.0,51905000.0,1353500.0,67160400.0,5566400.0,2421800.0,1609900.0,19405500.0,3046770000.0,0.0,0.0
2023-12-26,47157400.0,5167200.0,16793000.0,180100.0,2287500.0,1076100.0,1774800.0,7257600.0,0.0,16780300.0,12374700.0,3342500.0,8866800.0,26879000.0,4170000.0,6422500.0,1381500.0,9898600.0,6938200.0,12673100.0,244200000.0,2779200.0,3634900.0,31750700.0,22722500.0,18716500.0,1401600.0,55387000.0,6407500.0,2078700.0,1454200.0,11679900.0,2513910000.0,0.0,0.0
2023-12-27,49033400.0,2425200.0,20055000.0,340600.0,2193300.0,1625800.0,1875900.0,6212000.0,0.0,19628600.0,22835300.0,7362400.0,7445200.0,35806400.0,5288100.0,8560100.0,1892100.0,13207900.0,7212400.0,14905400.0,233648000.0,3502500.0,4569400.0,32918400.0,31980500.0,8655100.0,1204100.0,68000300.0,5889700.0,2615700.0,1984300.0,19896000.0,2748450000.0,0.0,0.0
2023-12-28,63800700.0,2869600.0,21247000.0,257900.0,3993300.0,1276900.0,1496900.0,4102400.0,0.0,16045700.0,22648100.0,4858500.0,5065100.0,28930100.0,4377500.0,8400100.0,1907100.0,11798800.0,6689400.0,14327000.0,246587000.0,2911100.0,5023000.0,38990000.0,27029200.0,11186700.0,1654300.0,77158100.0,5335100.0,2134000.0,2040400.0,16776000.0,2698860000.0,0.0,0.0
2023-12-29,62079200.0,3604800.0,20558000.0,330600.0,2620800.0,727800.0,1947500.0,7435600.0,0.0,18733000.0,36993900.0,7820500.0,8605300.0,41496800.0,4313700.0,9244300.0,2227800.0,14987100.0,8122800.0,18730800.0,389293000.0,3291500.0,5300900.0,38943500.0,42662100.0,9212000.0,1771400.0,122283100.0,4409600.0,3012600.0,2312400.0,21948300.0,3126060000.0,0.0,0.0
2024-01-02,64902000.0,5636800.0,28831000.0,532400.0,4024400.0,1465700.0,2657700.0,15027200.0,0.0,23711200.0,41547100.0,9444000.0,5951100.0,44341500.0,9622100.0,16322600.0,4458400.0,19042200.0,16300000.0,25258600.0,411254000.0,5743100.0,7238400.0,41626700.0,58026900.0,6728300.0,1424300.0,123623700.0,9020900.0,5770200.0,2722300.0,23539800.0,3743050000.0,0.0,0.0
2024-01-03,61988600.0,4807200.0,34735000.0,333000.0,4091900.0,1351100.0,2612600.0,12630400.0,0.0,24212100.0,39495500.0,11040500.0,6225700.0,57532500.0,8232000.0,14830600.0,3114800.0,15451100.0,13909000.0,23083500.0,320896000.0,5588200.0,7697500.0,46865200.0,47002800.0,6560000.0,2455600.0,103585900.0,6650600.0,5905000.0,2941800.0,18756000.0,3950760000.0,0.0,0.0
2024-01-04,58610300.0,5306400.0,25658000.0,494200.0,6765500.0,1074200.0,2171100.0,8412000.0,0.0,27137700.0,32856100.0,7354800.0,7264400.0,43114200.0,6766600.0,12912900.0,4615400.0,12099900.0,9968800.0,20901500.0,306535000.0,6283200.0,7067400.0,39937700.0,39432800.0,7896200.0,1644700.0,84232200.0,7996700.0,5274800.0,3312200.0,19282500.0,3715480000.0,0.0,0.0
2024-01-05,69657700.0,4916000.0,22475000.0,408600.0,2589100.0,966900.0,2233500.0,9630000.0,0.0,22513900.0,31158500.0,10001000.0,6103600.0,40964900.0,5602500.0,10412800.0,3407300.0,13920700.0,7483400.0,21004600.0,415039000.0,5252500.0,5294200.0,57700000.0,44922800.0,5860500.0,2307800.0,86118900.0,7347300.0,4390700.0,2625500.0,21709500.0,3844370000.0,0.0,0.0
2024-01-08,71756900.0,8921600.0,33110000.0,344400.0,3212400.0,1411900.0,2245300.0,16036800.0,0.0,21404000.0,33479100.0,7044700.0,6044300.0,31545400.0,6569800.0,11554600.0,3097000.0,13890200.0,11528600.0,23134000.0,642510000.0,5735600.0,8255300.0,49090000.0,42473800.0,6530800.0,2342500.0,74879100.0,12455600.0,4179200.0,3977600.0,20680800.0,3742320000.0,0.0,0.0
2024-01-09,67875700.0,5413200.0,23225000.0,452200.0,6491900.0,1501800.0,1886200.0,24267600.0,0.0,24759600.0,25593500.0,7360800.0,4920900.0,28998700.0,6357000.0,10493700.0,2176400.0,13463900.0,10085800.0,20830000.0,773100000.0,6268800.0,9786800.0,35794500.0,39132900.0,6822500.0,2483800.0,65931400.0,7764000.0,3871400.0,3582200.0,23322300.0,3529960000.0,0.0,0.0
2024-01-10,56951200.0,6708800.0,17643000.0,470300.0,5648500.0,2019100.0,1801900.0,18696000.0,0.0,21320200.0,35702800.0,9212700.0,7384800.0,35075200.0,4945100.0,12258000.0,2199700.0,22117200.0,8872200.0,25514200.0,533796000.0,4394900.0,8591100.0,41254400.0,33962800.0,5999200.0,2522000.0,67310600.0,6975700.0,2870600.0,2686600.0,20121900.0,3498680000.0,0.0,0.0
2024-01-11,62764600.0,5027200.0,25757000.0,383900.0,5128500.0,1512400.0,1670800.0,13842800.0,0.0,24008700.0,35947100.0,10305400.0,7131300.0,48939200.0,4946000.0,13754200.0,2047400.0,17205400.0,8318600.0,27850800.0,596759000.0,4800700.0,6659400.0,39552400.0,54536200.0,6273200.0,2511400.0,77940700.0,7862700.0,3612700.0,3466500.0,14355300.0,3759890000.0,0.0,0.0
2024-01-12,48293100.0,4929200.0,26882000.0,485100.0,17501500.0,807100.0,2388400.0,10137600.0,0.0,18785500.0,31155500.0,8469600.0,4476900.0,42992100.0,4496900.0,13218000.0,1714800.0,19310000.0,8049600.0,21661200.0,352994000.0,3546100.0,5684700.0,33952600.0,39595000.0,4361600.0,1973700.0,58026400.0,6519700.0,3465700.0,1978100.0,13629000.0,3486340000.0,0.0,0.0
2024-01-16,112711400.0,7755600.0,26145000.0,385200.0,8802100.0,1107800.0,1626700.0,10763200.0,0.0,22670500.0,43669900.0,9847100.0,5654500.0,42213000.0,6923200.0,11826900.0,2859000.0,15306900.0,11566200.0,27202300.0,449580000.0,4576600.0,8120100.0,32659300.0,43903000.0,6317900.0,2122800.0,85014900.0,11185500.0,3061700.0,2887800.0,17032500.0,4260550000.0,0.0,0.0
2024-01-17,104085000.0,5674000.0,18314000.0,267200.0,9410300.0,2991900.0,1786800.0,17678800.0,0.0,20968600.0,54160800.0,9170700.0,4866400.0,37787700.0,5072100.0,8982100.0,2008200.0,12724800.0,17190600.0,22234100.0,474394000.0,4392300.0,6541400.0,30832800.0,54386000.0,4845600.0,1331600.0,68843900.0,17649500.0,3208600.0,2752000.0,14827800.0,3928600000.0,0.0,0.0
2024-01-18,131864900.0,7445600.0,32228000.0,252400.0,4234600.0,1511800.0,1900600.0,10823600.0,0.0,25746400.0,34837600.0,8910100.0,6329300.0,41760000.0,5368500.0,10397700.0,2221200.0,16354300.0,9600800.0,23392100.0,491650000.0,4709400.0,6526200.0,35239700.0,59562500.0,4912900.0,2863800.0,91856200.0,58783700.0,4190200.0,3238000.0,18190500.0,4019000000.0,0.0,0.0
2024-01-19,140367900.0,7606800.0,53077000.0,349200.0,6483700.0,3630200.0,2267900.0,12044800.0,0.0,34271900.0,44359700.0,17711100.0,5365700.0,63338300.0,7071300.0,14392600.0,4250900.0,21670800.0,10900400.0,29331100.0,543501000.0,6528600.0,7848100.0,40690600.0,70325100.0,4340300.0,1907500.0,110834500.0,37812600.0,7499800.0,2639900.0,19175400.0,4287200000.0,0.0,0.0
2024-01-22,122973800.0,5882400.0,31222000.0,302700.0,4688800.0,2653200.0,2452900.0,16917600.0,0.0,32200400.0,36758900.0,9831500.0,7254900.0,42379500.0,6824200.0,14314300.0,3250200.0,17680500.0,8588400.0,27016900.0,452955000.0,5697400.0,11084100.0,85573900.0,44880600.0,5269800.0,1687000.0,75844900.0,17755500.0,7113800.0,2799000.0,13938300.0,4297610000.0,0.0,0.0
2024-01-23,76830500.0,7108000.0,16952000.0,252200.0,4506500.0,2010700.0,2208600.0,11957200.0,0.0,21636100.0,24561500.0,6428600.0,5291400.0,42471200.0,9149800.0,14481600.0,1874000.0,15506100.0,14100000.0,20525900.0,294654000.0,4932700.0,19101600.0,37794300.0,33003800.0,3484600.0,1891700.0,49945300.0,11667900.0,3453600.0,2988200.0,12066600.0,3912800000.0,0.0,0.0
2024-01-24,125516400.0,9588800.0,34805000.0,369300.0,5267100.0,1574400.0,1946500.0,17816800.0,0.0,25233500.0,27623300.0,9718000.0,5092400.0,41120100.0,7247900.0,16370500.0,3209700.0,15698500.0,19149400.0,24867000.0,560271000.0,4984700.0,11592700.0,42710700.0,46948000.0,3416000.0,1879000.0,81765000.0,21859200.0,8007700.0,1918400.0,22932900.0,4330030000.0,0.0,0.0
2024-01-25,127171400.0,6463200.0,36356000.0,229300.0,4084700.0,2168200.0,2751900.0,17331600.0,0.0,29149100.0,48268800.0,11588100.0,7254600.0,37659500.0,5478900.0,14899700.0,3219600.0,15091100.0,11423200.0,21021200.0,482777000.0,5373800.0,10352500.0,44589000.0,44367200.0,4034900.0,1688900.0,72525000.0,15485300.0,7383900.0,2193500.0,16369500.0,4020430000.0,0.0,0.0
2024-01-26,107381200.0,5436400.0,25818000.0,257000.0,3252900.0,2782500.0,1825500.0,11246000.0,0.0,26115500.0,26232800.0,9134600.0,4796100.0,33478600.0,5591900.0,13025100.0,4210500.0,13163700.0,10546200.0,17803300.0,390309000.0,4849000.0,8356600.0,28612200.0,37137000.0,2506200.0,2931500.0,76641600.0,10196400.0,5004700.0,1739500.0,15746400.0,3353400000.0,0.0,0.0
2024-01-29,89384500.0,7680400.0,21526000.0,281400.0,3509800.0,2649900.0,2215400.0,12526000.0,0.0,27784300.0,25924900.0,6947500.0,4820100.0,29234400.0,6483200.0,14547100.0,3899700.0,18742400.0,11472000.0,24510200.0,348733000.0,5713600.0,8987400.0,35987800.0,38694700.0,3040100.0,2921200.0,61322800.0,10042200.0,5323500.0,1941300.0,18240300.0,3525160000.0,0.0,0.0
2024-01-30,122265700.0,6818000.0,20683000.0,189100.0,4699800.0,4895400.0,1610500.0,8589600.0,0.0,36331800.0,32486600.0,7265800.0,5563700.0,33121200.0,7200500.0,22061500.0,2524200.0,18614700.0,9408400.0,33477600.0,410735000.0,4804200.0,7794700.0,36388200.0,36739000.0,3265800.0,1832700.0,58618400.0,11030800.0,9344800.0,2420300.0,15270000.0,3836130000.0,0.0,0.0
2024-01-31,133157300.0,12233600.0,27400000.0,492500.0,3803600.0,4479500.0,1928500.0,9976400.0,0.0,71910000.0,55548900.0,15778300.0,7529500.0,68126700.0,8256800.0,22837000.0,3476200.0,20180800.0,11816200.0,47871100.0,453795000.0,5769200.0,8870000.0,43582500.0,64010600.0,5797100.0,2780200.0,126011100.0,12853900.0,7562300.0,2626500.0,26134800.0,4696120000.0,0.0,0.0
2024-02-01,91576700.0,8947600.0,19411000.0,519400.0,8850500.0,4348200.0,2039200.0,7414400.0,0.0,40466500.0,48019300.0,33372900.0,7506000.0,59479000.0,8012000.0,15870900.0,3380600.0,29727100.0,11239000.0,30657700.0,369146000.0,4920800.0,7601100.0,40454400.0,51008600.0,61537000.0,1862100.0,91891600.0,8807600.0,10368900.0,5523800.0,20792700.0,4386090000.0,0.0,0.0
2024-02-02,82134300.0,13006800.0,26689000.0,361900.0,5319500.0,3711500.0,2377400.0,9498000.0,0.0,62499600.0,42727400.0,13809200.0,5139700.0,52839300.0,8295900.0,17544900.0,3971600.0,84707600.0,10963600.0,28256700.0,476578000.0,5307700.0,7937700.0,57672700.0,59602400.0,47872600.0,1430600.0,99228200.0,10044000.0,9915200.0,6605400.0,21670800.0,3974350000.0,0.0,0.0
2024-02-05,76349200.0,7920000.0,22045000.0,322300.0,6626800.0,2971700.0,2276900.0,9925200.0,0.0,38505400.0,51908600.0,12147700.0,5647800.0,39751900.0,9121600.0,12759600.0,7581900.0,40832400.0,9537400.0,25352300.0,680078000.0,5142700.0,6931900.0,167698300.0,39889200.0,11193100.0,1411100.0,75757100.0,13267600.0,6978700.0,4184700.0,19145100.0,4023640000.0,0.0,0.0
2024-02-06,68854100.0,10025600.0,25354000.0,226200.0,4290300.0,2716800.0,1920200.0,8350400.0,0.0,29128200.0,32948200.0,9327000.0,5669500.0,34689100.0,9229900.0,12775200.0,5927200.0,21655200.0,14814000.0,18382600.0,683111000.0,5182700.0,6185400.0,420501900.0,35846100.0,10817100.0,1380300.0,55918600.0,11503800.0,10174800.0,5362400.0,14181300.0,4440880000.0,0.0,0.0
2024-02-07,53665400.0,9433600.0,25768000.0,784900.0,5431100.0,1965200.0,2145500.0,16069600.0,0.0,25208900.0,42954100.0,8619800.0,4608700.0,31713900.0,8690300.0,10259900.0,3954700.0,23066000.0,8630200.0,22340500.0,495575000.0,5769700.0,7209300.0,254911100.0,37712700.0,8081300.0,2454800.0,70556500.0,18172500.0,6299400.0,2696200.0,17082600.0,4895590000.0,0.0,0.0
2024-02-08,43385300.0,9785200.0,29326000.0,306100.0,12531600.0,1862400.0,1918500.0,10124400.0,0.0,22563800.0,25548400.0,7808000.0,5687700.0,35370800.0,9755000.0,12874800.0,4605000.0,18815100.0,8507800.0,21225300.0,414422000.0,9269700.0,6121600.0,212671100.0,29889900.0,6020100.0,1419900.0,52343600.0,33367000.0,7401100.0,3702000.0,14427900.0,4341860000.0,0.0,0.0
2024-02-09,56375700.0,12730400.0,26293000.0,247600.0,6861900.0,2141800.0,1426100.0,15480000.0,0.0,26829500.0,33951400.0,8492500.0,5637300.0,46107100.0,6529200.0,15235300.0,3323000.0,18413100.0,7787800.0,22032800.0,436637000.0,12731700.0,5978000.0,149062000.0,36943900.0,6984700.0,1265000.0,63979400.0,16984200.0,6139500.0,2610700.0,14329800.0,3912990000.0,0.0,0.0
2024-02-12,58177100.0,37805600.0,24778000.0,482600.0,4661900.0,2401100.0,1572600.0,13656400.0,0.0,21564100.0,36249100.0,7023600.0,7744300.0,43291000.0,6701500.0,13516800.0,2392300.0,19382000.0,6995600.0,21202900.0,613710000.0,7867500.0,5482000.0,108173000.0,33203300.0,15404900.0,1741900.0,56502300.0,14203800.0,7719100.0,4260900.0,14795100.0,3805740000.0,0.0,0.0
2024-02-13,63071300.0,28086400.0,31907000.0,377100.0,5940600.0,2223000.0,1951100.0,18125600.0,0.0,27837700.0,69904200.0,11978400.0,7615500.0,86247400.0,8621000.0,24195700.0,2756100.0,20916600.0,11941400.0,27824900.0,602580000.0,7302000.0,6046800.0,102293300.0,64491700.0,8760400.0,1536700.0,113099200.0,14494000.0,10345100.0,4587900.0,18574200.0,4302190000.0,0.0,0.0
2024-02-14,57402500.0,13368400.0,27306000.0,307700.0,3932700.0,1574800.0,1472500.0,9579600.0,0.0,22704200.0,38603100.0,8979600.0,5604400.0,43808000.0,9098800.0,15872500.0,2139300.0,16858400.0,7963800.0,20401200.0,504917000.0,5731900.0,5727300.0,97227900.0,45092700.0,10111800.0,1071300.0,68387800.0,13069700.0,7578000.0,3128600.0,18484500.0,3845600000.0,0.0,0.0
2024-02-15,51126400.0,10257600.0,21873000.0,257500.0,3210700.0,2632100.0,1264100.0,11679600.0,0.0,37590700.0,44319900.0,6788300.0,5129300.0,44931900.0,7462500.0,13695800.0,2401400.0,24212300.0,11106200.0,21825500.0,420122000.0,4451400.0,6249200.0,70544300.0,38796100.0,8775600.0,1318000.0,61683000.0,12554000.0,9598700.0,3776000.0,16948800.0,4137970000.0,0.0,0.0
2024-02-16,53940300.0,9732800.0,21268000.0,250400.0,3517600.0,1850500.0,1764900.0,8495600.0,0.0,31468900.0,50322900.0,7147400.0,5774500.0,48346200.0,8541000.0,13947100.0,2837500.0,23324600.0,12155200.0,22296500.0,495327000.0,5246000.0,6617600.0,65498200.0,53716500.0,7296800.0,1841400.0,75532900.0,13104400.0,8065900.0,4619600.0,22373400.0,3833270000.0,0.0,0.0
2024-02-20,66550000.0,10870000.0,26329000.0,296100.0,4868400.0,2707100.0,2407300.0,16546800.0,0.0,25144700.0,31994100.0,8286300.0,5079700.0,30547500.0,9501700.0,18339300.0,2264000.0,18015500.0,11240800.0,24307900.0,704833000.0,6117900.0,6622100.0,93374300.0,53999500.0,7477600.0,1601700.0,71736700.0,12038800.0,9540300.0,4732900.0,71788500.0,4034880000.0,0.0,0.0
2024-02-21,48365700.0,10290000.0,20579000.0,396000.0,6976100.0,1675200.0,1564200.0,36060400.0,0.0,23223300.0,38674100.0,6433900.0,4071900.0,28669100.0,7472500.0,14373000.0,2076400.0,12921800.0,11428400.0,18518900.0,673755000.0,4192600.0,7121000.0,59628300.0,49779000.0,5443000.0,705300.0,59293400.0,11469700.0,21392500.0,4256800.0,40501500.0,3788390000.0,0.0,0.0
2024-02-22,100684700.0,14540400.0,40819000.0,286300.0,5440800.0,4481100.0,1801600.0,19191600.0,0.0,27191900.0,45450200.0,8688500.0,5899600.0,38184700.0,8065000.0,12982800.0,3146600.0,21625800.0,13159400.0,27009900.0,865100000.0,7539200.0,6619500.0,64458200.0,53887800.0,8943700.0,1287500.0,76402500.0,17014100.0,11656200.0,6149400.0,29512800.0,4051710000.0,0.0,0.0
2024-02-23,69207400.0,7154400.0,23115000.0,225000.0,5601800.0,2175800.0,1265800.0,11860800.0,0.0,19493800.0,24686900.0,6426700.0,4680200.0,37667700.0,6726000.0,13612900.0,2199000.0,18374300.0,6616000.0,16295900.0,829388000.0,6409800.0,5486500.0,48840800.0,39853900.0,6560100.0,950600.0,61321800.0,10123300.0,5905900.0,5202200.0,74365800.0,3672790000.0,0.0,0.0
2024-02-26,45435100.0,9346000.0,16282000.0,321900.0,7189800.0,1843100.0,1707000.0,15539600.0,0.0,53641800.0,32795300.0,6417200.0,6379300.0,29118200.0,5465400.0,10336100.0,2595300.0,12101400.0,9753400.0,16193500.0,503973000.0,3837000.0,4531900.0,46499500.0,33043200.0,7252700.0,1067000.0,50386700.0,9526700.0,7090900.0,4644300.0,32154800.0,3683930000.0,0.0,0.0
2024-02-27,43665200.0,5404400.0,12126000.0,841700.0,6040300.0,1216900.0,1471300.0,11161600.0,0.0,33099200.0,30926600.0,7540600.0,7447000.0,32268600.0,5078600.0,9931100.0,2811200.0,10809600.0,8401800.0,14835800.0,391705000.0,3567600.0,3868200.0,64967400.0,33713200.0,11001900.0,2662200.0,48854500.0,8851800.0,8558900.0,8679600.0,18012700.0,3925950000.0,0.0,0.0
2024-02-28,35914400.0,4759600.0,10967000.0,2658700.0,4423800.0,1134700.0,1365000.0,8290400.0,0.0,37328600.0,24667600.0,5293600.0,12725100.0,30143900.0,6071100.0,8076500.0,2507300.0,12715500.0,13579000.0,13183100.0,393110000.0,5275300.0,3802900.0,47314000.0,32938800.0,11858800.0,2023100.0,56506600.0,6519100.0,5414400.0,8231400.0,14803300.0,3789370000.0,0.0,0.0
2024-02-29,105538500.0,9420800.0,27536000.0,1501500.0,4779100.0,1363400.0,3361200.0,15248400.0,0.0,42133000.0,43322400.0,11919200.0,26317500.0,40404100.0,9849100.0,18152700.0,3601700.0,17732000.0,22231000.0,31947300.0,507289000.0,8489400.0,8348100.0,62753300.0,42495200.0,11037500.0,2288200.0,83924800.0,9369900.0,6756200.0,10144700.0,29245100.0,5219740000.0,0.0,0.0
2024-03-01,103820800.0,10619600.0,44488000.0,893700.0,5334900.0,3657200.0,1678100.0,23349600.0,0.0,31151100.0,39342900.0,11857200.0,10199100.0,35156900.0,5670100.0,10927600.0,3028900.0,16273600.0,12803800.0,17823400.0,479135000.0,6109900.0,4819800.0,64794400.0,43853000.0,5118700.0,2219800.0,76844800.0,24393000.0,7711100.0,7128400.0,19030900.0,4748110000.0,0.0,0.0
2024-03-04,86835300.0,8012800.0,34854000.0,928100.0,4396600.0,3222200.0,2133400.0,19186400.0,0.0,55999400.0,21607300.0,6641600.0,10708600.0,24785400.0,8532900.0,10150200.0,2832000.0,12324100.0,13986200.0,17596000.0,615616000.0,4303700.0,3841600.0,64320000.0,34325700.0,6287100.0,5962300.0,49799300.0,26544600.0,9063800.0,7083500.0,16033300.0,4758440000.0,0.0,0.0
2024-03-05,65407100.0,9510000.0,36040000.0,620200.0,2606100.0,2497100.0,2353400.0,52997200.0,0.0,40194800.0,38076900.0,7673100.0,13959100.0,34163500.0,8298200.0,12310000.0,2969600.0,15325300.0,11692800.0,26919200.0,520639000.0,6631300.0,4481600.0,49542300.0,57917100.0,8795500.0,7108200.0,72855600.0,13694700.0,6304000.0,8054100.0,19676900.0,4418410000.0,0.0,0.0
2024-03-06,86687000.0,7885200.0,43196000.0,467800.0,3280900.0,1837300.0,2400600.0,92203600.0,0.0,35318600.0,34335200.0,9499200.0,9924300.0,34255200.0,5773700.0,12378800.0,2348000.0,11757900.0,12974600.0,22344100.0,582520000.0,5302500.0,5405700.0,207386900.0,46234500.0,5275300.0,4808300.0,68382400.0,22292700.0,5829700.0,8495100.0,12698700.0,4559050000.0,0.0,0.0
2024-03-07,63869000.0,9354800.0,62832000.0,363300.0,6182700.0,1915000.0,4187900.0,38918000.0,0.0,37738200.0,30393000.0,8420900.0,12945000.0,28020200.0,5188700.0,13686900.0,2237700.0,18586400.0,9366600.0,18718500.0,608119000.0,5801600.0,4783900.0,117519300.0,44526700.0,4794900.0,2221900.0,58652100.0,34675700.0,5393700.0,5436300.0,16195300.0,4137980000.0,0.0,0.0
2024-03-08,120815200.0,12940000.0,74025000.0,432100.0,6576300.0,2651300.0,8590200.0,24085200.0,0.0,39370400.0,38317900.0,8103600.0,17133600.0,41447800.0,5284000.0,13239000.0,2482300.0,18597100.0,8589800.0,18002200.0,1142269000.0,6065300.0,5080200.0,84256100.0,72096000.0,4892000.0,7386000.0,86532500.0,43856900.0,7610700.0,8957500.0,12143600.0,4208870000.0,0.0,0.0
2024-03-11,73098600.0,8112400.0,31105000.0,447500.0,4034300.0,4280900.0,3762500.0,13168000.0,0.0,32437800.0,27177600.0,5568200.0,11908300.0,24435800.0,4620800.0,14114300.0,2893300.0,20428300.0,6615200.0,16120800.0,678364000.0,5404800.0,5170900.0,60829300.0,45860000.0,7305400.0,8678300.0,62557200.0,29227100.0,11753400.0,8162400.0,14154000.0,3896430000.0,0.0,0.0
2024-03-12,68951700.0,9380800.0,42789000.0,400500.0,3718600.0,2204000.0,3727400.0,16626000.0,0.0,27563400.0,33351700.0,6556500.0,8330300.0,34958900.0,8018700.0,12684600.0,2233100.0,15448200.0,7522600.0,22457000.0,668075000.0,6158500.0,4229100.0,75202600.0,55300900.0,8475600.0,4323800.0,73114400.0,21218500.0,7662700.0,5732900.0,16613100.0,4080510000.0,0.0,0.0
2024-03-13,70526900.0,12094800.0,37838000.0,603400.0,9191600.0,1886600.0,2270300.0,10923600.0,0.0,23347200.0,28482200.0,9708400.0,7588000.0,25140700.0,6260000.0,13909500.0,5441300.0,12090700.0,11907400.0,17115900.0,635713000.0,4585800.0,5410500.0,59713000.0,37928700.0,7220000.0,8079900.0,55104100.0,12923100.0,8822900.0,5365800.0,15935200.0,4282890000.0,0.0,0.0
2024-03-14,84490500.0,12551600.0,38029000.0,427500.0,5334800.0,1292400.0,1826100.0,11107200.0,0.0,42753400.0,46677200.0,10055900.0,7697100.0,47509100.0,6988300.0,13996600.0,4659300.0,12620000.0,7854200.0,34157300.0,602318000.0,5155300.0,5848100.0,49214800.0,52195200.0,7492900.0,9205400.0,110171800.0,14961900.0,9816100.0,6297700.0,16584700.0,4687970000.0,0.0,0.0
2024-03-15,95289500.0,15279600.0,88823000.0,1568800.0,6702300.0,2484800.0,3390700.0,17932400.0,0.0,49475400.0,53985300.0,6591400.0,6442900.0,53217000.0,13165500.0,36849900.0,5071700.0,29153600.0,16093000.0,45079900.0,642086000.0,21887300.0,10956900.0,61421000.0,73069800.0,14500700.0,8760400.0,107646300.0,22751200.0,8130500.0,8450700.0,50946300.0,7753670000.0,0.0,0.0
2024-03-18,59306900.0,15491600.0,25737000.0,455900.0,4513100.0,1860300.0,1595200.0,10946400.0,0.0,69273700.0,34649300.0,5319700.0,5450600.0,32405100.0,6602300.0,15856700.0,3319400.0,11755300.0,7846800.0,20106000.0,668976000.0,10478500.0,6086300.0,44083000.0,47323800.0,12878000.0,19603400.0,88893300.0,14732900.0,12558000.0,5771900.0,16801700.0,4036220000.0,0.0,0.0
2024-03-19,83509500.0,21082800.0,24491000.0,410700.0,3398400.0,3035700.0,1322700.0,11734400.0,0.0,24070400.0,41841500.0,5470300.0,6808900.0,29864100.0,7840600.0,15030600.0,4055400.0,10903100.0,6684200.0,19837900.0,672171000.0,7653700.0,6148100.0,43247200.0,43004100.0,6529400.0,15098800.0,60755300.0,17341100.0,12532800.0,5980100.0,12353600.0,4031760000.0,0.0,0.0
2024-03-20,81773100.0,13208000.0,40946000.0,298600.0,2711000.0,2577300.0,1398700.0,10115200.0,0.0,21311500.0,36886700.0,10190800.0,5210900.0,49609600.0,5982300.0,15258800.0,2867300.0,11711100.0,6672200.0,17860100.0,479063000.0,5046700.0,4870300.0,40273800.0,43653500.0,10242800.0,18256100.0,69594600.0,12750200.0,6214900.0,7788500.0,12007600.0,4064850000.0,0.0,0.0
2024-03-21,75265600.0,11697200.0,72468000.0,279100.0,3030300.0,2599100.0,2106900.0,13013600.0,0.0,24755600.0,34693300.0,8271200.0,4876200.0,43067300.0,5915800.0,13067100.0,3653300.0,9712500.0,6657200.0,21296200.0,480372000.0,4343000.0,5211500.0,37099600.0,39345700.0,8974100.0,10160700.0,60256100.0,17809400.0,11019800.0,6271500.0,14265900.0,4207730000.0,0.0,0.0
2024-03-22,57899100.0,9522000.0,38624000.0,378000.0,2573300.0,1105800.0,1794100.0,10406800.0,0.0,29211800.0,26955700.0,6119800.0,3168800.0,28437300.0,7248600.0,11502800.0,2556100.0,8120600.0,6068200.0,17648500.0,586719000.0,4106400.0,6393200.0,25453000.0,28253900.0,8715700.0,6255000.0,79070800.0,9944100.0,6338800.0,5790500.0,14029400.0,3374700000.0,0.0,0.0
2024-03-25,71935300.0,8049200.0,21237000.0,629800.0,3623700.0,1096400.0,1604700.0,6780800.0,0.0,19229300.0,29373100.0,4488900.0,3969800.0,20107800.0,7498100.0,13144700.0,2985500.0,8380600.0,7876800.0,18060500.0,552136000.0,3941900.0,7145600.0,29255900.0,27789200.0,4500100.0,6409900.0,48512100.0,9922200.0,7094700.0,8282300.0,14186600.0,3331360000.0,0.0,0.0
2024-03-26,65322400.0,9850400.0,23522000.0,433800.0,2082100.0,1341000.0,1353500.0,9670800.0,0.0,22149100.0,28522200.0,5477600.0,5806300.0,23434800.0,6864100.0,13277400.0,2572100.0,11205400.0,5671600.0,16725600.0,513648000.0,4593000.0,5842700.0,43610500.0,34142000.0,8577200.0,6105500.0,65463700.0,10786400.0,8377100.0,7808400.0,13738300.0,3871790000.0,0.0,0.0
2024-03-27,55685600.0,12813200.0,25583000.0,401500.0,2063900.0,1500400.0,1246700.0,12702400.0,0.0,22879200.0,28891100.0,4838500.0,4185900.0,35028400.0,8461600.0,12551200.0,2605000.0,9989700.0,6990600.0,16705000.0,586067000.0,4911300.0,6599700.0,38600100.0,41359200.0,4884000.0,16605900.0,82999800.0,13842800.0,7800500.0,5728400.0,14363400.0,3850500000.0,0.0,0.0
2024-03-28,57628600.0,7357200.0,19856000.0,357800.0,4247600.0,1079600.0,1713300.0,9012400.0,0.0,24485400.0,31546700.0,7561400.0,5696600.0,37675100.0,6181500.0,13683500.0,3453900.0,15212800.0,8939200.0,21871200.0,435212000.0,5710400.0,7191500.0,70008200.0,36839600.0,6250800.0,10421600.0,96294900.0,10019400.0,5077400.0,3826400.0,17535100.0,3998270000.0,0.0,0.0
2024-04-01,74299900.0,6356800.0,17252000.0,318000.0,7548000.0,970900.0,1600700.0,7323600.0,0.0,31730800.0,47857400.0,10854000.0,4462300.0,25684200.0,4364700.0,11668700.0,2408800.0,9247000.0,10738200.0,16316000.0,452441000.0,4815400.0,5971900.0,41000000.0,38729000.0,5843500.0,10859400.0,62477500.0,14222700.0,6376400.0,5401100.0,13837600.0,3325930000.0,0.0,0.0
2024-04-02,61598800.0,8902400.0,24694000.0,340300.0,4701800.0,2597900.0,2326700.0,8501200.0,0.0,24586000.0,45551200.0,7214900.0,5192300.0,36632100.0,6102300.0,13017300.0,2907700.0,11081000.0,11974200.0,17912000.0,433064000.0,5158500.0,6771200.0,39770600.0,44259700.0,12248300.0,6468100.0,74230300.0,9869200.0,6930200.0,5143400.0,19510100.0,3886590000.0,0.0,0.0
2024-04-03,49835100.0,7161600.0,28650000.0,344700.0,7506800.0,2834900.0,3205500.0,8053600.0,0.0,24705000.0,29542300.0,12908000.0,4364100.0,27362800.0,8098200.0,13672900.0,2748000.0,12099200.0,9452000.0,16502300.0,370067000.0,5828000.0,9601800.0,30357400.0,39949800.0,7968900.0,7072200.0,59155800.0,9707500.0,8018000.0,7145100.0,14615100.0,3703250000.0,0.0,0.0
2024-04-04,88280000.0,7510000.0,27014000.0,272600.0,6142300.0,2926200.0,2252400.0,10668000.0,0.0,34724700.0,36056400.0,6960500.0,5102000.0,32265200.0,6947400.0,14320700.0,4095100.0,26476300.0,11131400.0,19370900.0,434965000.0,5422600.0,6801700.0,64995300.0,57267700.0,6599800.0,12303600.0,96858100.0,15759500.0,11498400.0,5664400.0,14436100.0,4075680000.0,0.0,0.0
2024-04-05,66080300.0,5810400.0,19438000.0,183800.0,3315200.0,1833600.0,1552900.0,7077200.0,0.0,23459200.0,30857300.0,6334600.0,4363100.0,27569400.0,6783000.0,10157800.0,6816000.0,19263300.0,9695400.0,16554800.0,399678000.0,4412200.0,5121200.0,38716800.0,54744600.0,9366400.0,5538400.0,74546500.0,8263600.0,7984600.0,6099700.0,10335900.0,3386780000.0,0.0,0.0
2024-04-08,43997500.0,5347200.0,17139000.0,286500.0,4162000.0,1590500.0,1459000.0,5829200.0,0.0,20702000.0,31067800.0,7115100.0,12103400.0,21331000.0,5935400.0,10284500.0,3753200.0,13260600.0,8529800.0,14272400.0,283220000.0,3755700.0,5476800.0,25022700.0,28144900.0,6365100.0,6877300.0,48401800.0,16307400.0,6525000.0,5816600.0,11070100.0,3278180000.0,0.0,0.0
2024-04-09,42886100.0,5243600.0,17986000.0,305500.0,3425300.0,2837800.0,1386400.0,7443200.0,0.0,31079500.0,32219100.0,5151100.0,5140200.0,23289100.0,6135300.0,10779100.0,3934900.0,10863800.0,7737400.0,12496900.0,501700000.0,3773900.0,4608100.0,27643300.0,39443600.0,5229600.0,3986900.0,68049200.0,18443400.0,10232900.0,8450300.0,10013500.0,3400680000.0,0.0,0.0
2024-04-10,59600000.0,7642400.0,17467000.0,502800.0,4290900.0,1542200.0,1832000.0,7756000.0,0.0,22838600.0,76623900.0,14993700.0,6775300.0,57130500.0,6809500.0,11861900.0,3817500.0,11418500.0,12543800.0,16216600.0,431929000.0,4581500.0,7784900.0,28642900.0,61502200.0,7771400.0,3478900.0,82652800.0,18861300.0,8810800.0,6583900.0,15097600.0,3845930000.0,0.0,0.0
2024-04-11,48994500.0,6054400.0,31713000.0,705100.0,5881700.0,1373900.0,2107800.0,7476000.0,0.0,27166400.0,50836000.0,9371400.0,4254500.0,37184000.0,8374400.0,11109000.0,2519200.0,10369500.0,9055400.0,17966400.0,431637000.0,4241500.0,8209800.0,26399400.0,45474600.0,7521100.0,3073800.0,70099000.0,11818800.0,8896300.0,4234800.0,10987600.0,3509380000.0,0.0,0.0
2024-04-12,63519600.0,23002000.0,27823000.0,548100.0,8956400.0,1691600.0,1481800.0,8705200.0,0.0,25353700.0,41441700.0,11675600.0,3625900.0,35388700.0,7100200.0,12250900.0,2708400.0,11984500.0,11268800.0,19253800.0,426805000.0,5453500.0,6770500.0,36764500.0,53665000.0,8803000.0,2872700.0,92561100.0,12024000.0,5903600.0,4264900.0,12280600.0,3963220000.0,0.0,0.0
2024-04-15,61461200.0,16291600.0,24370000.0,354900.0,4655000.0,1450100.0,1808000.0,10286400.0,0.0,27136500.0,55560400.0,12315300.0,6593600.0,41119300.0,8502300.0,12425000.0,3686700.0,13512900.0,17779800.0,20273500.0,443077000.0,5133200.0,5754000.0,38182100.0,63453600.0,15973800.0,4084500.0,92101400.0,13458800.0,7638000.0,4413100.0,10557200.0,3950210000.0,0.0,0.0
2024-04-16,55302100.0,8905600.0,18923000.0,524300.0,4572600.0,1442200.0,1412300.0,7313200.0,0.0,20779500.0,55746100.0,12027200.0,5415200.0,43267500.0,12774900.0,11236800.0,2912900.0,9847900.0,12438000.0,16765600.0,370453000.0,4569700.0,6103300.0,33869200.0,47619000.0,7231000.0,2869900.0,73484000.0,14218200.0,6775600.0,6553600.0,14726300.0,4006200000.0,0.0,0.0
2024-04-17,75909000.0,10104000.0,24718000.0,603300.0,2665900.0,1529800.0,1376700.0,9161200.0,0.0,21763100.0,48158800.0,10515400.0,4039000.0,38589500.0,9378100.0,13805100.0,3383100.0,12193700.0,11862600.0,15855500.0,495400000.0,4069200.0,6621900.0,30139800.0,56880500.0,4283900.0,1930300.0,75910300.0,18823200.0,6168700.0,4546400.0,15329700.0,3596130000.0,0.0,0.0
2024-04-18,52669800.0,7808400.0,24888000.0,593700.0,2533600.0,1739600.0,1846400.0,8400000.0,0.0,19883000.0,40291400.0,6964500.0,4138700.0,40238200.0,9887700.0,11125900.0,3402700.0,14808700.0,9514200.0,21029900.0,447260000.0,5574700.0,7819300.0,34550500.0,46549400.0,5011500.0,1836400.0,74548100.0,39306100.0,6618400.0,7846100.0,12061500.0,3619760000.0,0.0,0.0
2024-04-19,71618200.0,11828800.0,44797000.0,551400.0,2203100.0,5610100.0,2190400.0,12466400.0,0.0,32615600.0,54739500.0,6125800.0,4877800.0,42666500.0,9750800.0,21207900.0,3017100.0,25215400.0,20810200.0,30565800.0,875198000.0,6636700.0,12034200.0,39632600.0,75231000.0,5730300.0,2203600.0,102212600.0,28284000.0,15942300.0,7598100.0,14165800.0,3878750000.0,0.0,0.0
2024-04-22,49397000.0,13648800.0,25162000.0,513500.0,4047700.0,3067100.0,1437100.0,9933600.0,0.0,26446200.0,40772500.0,4002900.0,6174900.0,31553000.0,10118700.0,15624500.0,3129300.0,17271100.0,8860800.0,20286900.0,596341000.0,7288700.0,8926300.0,31894500.0,47807700.0,5642300.0,2325400.0,67961000.0,18556800.0,10949600.0,4505800.0,14910000.0,3820250000.0,0.0,0.0
2024-04-23,46051900.0,9192000.0,22025000.0,486700.0,3699300.0,4447400.0,1176200.0,10372000.0,0.0,21151600.0,43554400.0,8319800.0,6747600.0,31838300.0,10110400.0,13689100.0,3275700.0,15079200.0,11283600.0,15734500.0,438559000.0,9145000.0,7707300.0,36304600.0,44384700.0,5609700.0,3948200.0,64633600.0,12573800.0,7385700.0,4165500.0,17963900.0,3751400000.0,0.0,0.0
2024-04-24,43412600.0,10381600.0,20108000.0,524700.0,2881500.0,2623700.0,1206600.0,6624800.0,0.0,22779100.0,40496500.0,7567400.0,5987300.0,28791700.0,9756300.0,19548300.0,4071600.0,37772700.0,13889400.0,15065300.0,512208000.0,10016700.0,7217600.0,34426500.0,48440300.0,6095200.0,2908800.0,55928100.0,15558000.0,28787700.0,5167600.0,18529100.0,3656740000.0,0.0,0.0
2024-04-25,41471400.0,14204800.0,30410000.0,305900.0,2030800.0,4363400.0,1613600.0,8088400.0,0.0,57109700.0,46371600.0,5784300.0,3453500.0,31915600.0,7642700.0,19048500.0,4179800.0,82890700.0,14966000.0,40586500.0,424641000.0,7441500.0,7094600.0,26226700.0,57392200.0,5236200.0,2529500.0,69122400.0,18034300.0,20852400.0,4980000.0,19263000.0,3958050000.0,0.0,0.0
2024-04-26,42510700.0,10087600.0,24100000.0,300700.0,3083400.0,3271500.0,1524400.0,8031200.0,0.0,64665300.0,34500800.0,5432600.0,6782500.0,24613600.0,6183000.0,10994300.0,3636500.0,32691400.0,8409200.0,29694700.0,551011000.0,4472100.0,5659800.0,33119800.0,41874900.0,5016500.0,3685100.0,64306100.0,9453400.0,15253900.0,3583100.0,11045200.0,3604140000.0,0.0,0.0
2024-04-29,43478200.0,5746400.0,13372000.0,340600.0,5424800.0,1707400.0,1526900.0,7598400.0,0.0,45610000.0,33157800.0,4846500.0,5880000.0,20494600.0,6149600.0,13409300.0,3148900.0,21502600.0,8327400.0,19582100.0,388971000.0,3224500.0,4621000.0,30104900.0,30022200.0,3869200.0,2248600.0,46415400.0,9997100.0,11883700.0,5158500.0,9785100.0,3447450000.0,0.0,0.0
2024-04-30,60742800.0,8160400.0,22113000.0,596100.0,8863200.0,1920800.0,1734800.0,7720800.0,0.0,33562900.0,49937500.0,7516700.0,3785200.0,30606800.0,8817700.0,19349200.0,6894400.0,18429500.0,11305200.0,28781400.0,363709000.0,4465100.0,8106100.0,30511900.0,43665900.0,7577600.0,2526000.0,77483600.0,10980600.0,11015300.0,6002100.0,14209200.0,4082470000.0,0.0,0.0
2024-05-01,89413200.0,9037200.0,30958000.0,693700.0,6482200.0,2954600.0,1609100.0,8363200.0,0.0,33493200.0,71484700.0,12392500.0,3702000.0,38782100.0,14470900.0,16729800.0,4843200.0,20344900.0,14718000.0,23562500.0,559863000.0,4340500.0,7543000.0,34665900.0,52251700.0,9613300.0,1907100.0,80242800.0,12561800.0,10953700.0,6170100.0,15464300.0,4544170000.0,0.0,0.0
2024-05-02,50034700.0,5591600.0,29480000.0,456700.0,3578400.0,2983500.0,1826900.0,15682000.0,0.0,24294500.0,41497900.0,8661500.0,4342700.0,27201000.0,8459800.0,10991300.0,3084000.0,15221300.0,12588000.0,17709400.0,377898000.0,3964800.0,5647500.0,30396100.0,36559000.0,6283300.0,2127200.0,62550200.0,9261900.0,6046500.0,6810200.0,17574100.0,4381660000.0,0.0,0.0
2024-05-03,49361100.0,11534800.0,24898000.0,279000.0,2224700.0,2483100.0,2323300.0,16323200.0,0.0,34662400.0,44204400.0,8501100.0,3924300.0,30880600.0,6532700.0,11628700.0,2642100.0,16489100.0,24409200.0,17446700.0,398341000.0,3491900.0,5581500.0,55976400.0,48515300.0,5417200.0,2194800.0,72756700.0,13264300.0,4749000.0,5588500.0,14207400.0,3924990000.0,0.0,0.0
2024-05-06,44624500.0,8221600.0,16287000.0,773700.0,4909800.0,2858100.0,1773300.0,11614000.0,0.0,21871300.0,29547100.0,4043400.0,7959600.0,23129800.0,5042800.0,9310700.0,2481300.0,15094600.0,20176200.0,16996600.0,376203000.0,3576200.0,5472400.0,175936600.0,30227200.0,8227100.0,2227100.0,47264700.0,8601600.0,5701300.0,8043400.0,11119400.0,3683250000.0,0.0,0.0
2024-05-07,37374900.0,16250800.0,12413000.0,1021700.0,6534200.0,1875700.0,1897800.0,12796000.0,0.0,28039700.0,34064000.0,7776200.0,6884400.0,20116900.0,7333500.0,9807000.0,3160000.0,13406800.0,17357800.0,20018200.0,437342000.0,3708000.0,6433000.0,161061600.0,30996100.0,17275500.0,2012700.0,52561300.0,8682900.0,5752100.0,86269000.0,14520200.0,3987890000.0,0.0,0.0
2024-05-08,28728000.0,30594400.0,13918000.0,480400.0,2993900.0,2252200.0,1511900.0,8292400.0,0.0,19569100.0,22959500.0,9024000.0,4531500.0,18349400.0,7735100.0,10484400.0,3259800.0,11683900.0,13824600.0,11792300.0,325721000.0,3400900.0,4579400.0,67582900.0,24896700.0,9529400.0,1406000.0,42047200.0,10202300.0,6006400.0,15076500.0,11015700.0,3842100000.0,0.0,0.0
2024-05-09,33018000.0,10370400.0,12170000.0,699200.0,2993500.0,1296600.0,1716200.0,8633600.0,0.0,15346700.0,24590900.0,9625200.0,6360700.0,22914300.0,6546200.0,9113700.0,3140000.0,9437700.0,8735400.0,14689700.0,378013000.0,2421400.0,4671100.0,54101900.0,24580100.0,7792400.0,2284700.0,43643700.0,8012700.0,6894400.0,11060000.0,14550500.0,3727370000.0,0.0,0.0
2024-05-10,37652800.0,22072400.0,16300000.0,473900.0,2829300.0,1128700.0,1652700.0,10629600.0,0.0,29799900.0,24633800.0,3205000.0,3888600.0,21520200.0,5710600.0,8371700.0,4983500.0,10750000.0,7917800.0,13402300.0,335325000.0,4201600.0,4879400.0,59845400.0,27116600.0,9940200.0,7501200.0,52233200.0,23671400.0,8692800.0,7428000.0,12356600.0,3617900000.0,0.0,0.0
2024-05-13,27859200.0,11009200.0,18507000.0,506800.0,3785000.0,1433600.0,1596800.0,7577600.0,0.0,31327600.0,22109800.0,3228700.0,4937600.0,18585300.0,5628500.0,10137600.0,3840700.0,14668800.0,9902000.0,15440200.0,289680000.0,4408100.0,5725500.0,37524800.0,22994200.0,10483200.0,6367700.0,36716400.0,8278700.0,4466600.0,7957300.0,19260500.0,4255710000.0,0.0,0.0
2024-05-14,31938300.0,7515600.0,19420000.0,998300.0,2786000.0,1992700.0,1327700.0,11794800.0,0.0,25127100.0,27298700.0,4688800.0,6765400.0,33169000.0,8254200.0,10852200.0,3143200.0,10478600.0,22691200.0,15109300.0,296507000.0,3508600.0,6009800.0,57894400.0,34478300.0,20583400.0,10028500.0,57535900.0,12316500.0,4872000.0,5848500.0,18780100.0,4763580000.0,0.0,0.0
2024-05-15,43195900.0,10414800.0,32757000.0,683000.0,2092800.0,4959100.0,1661700.0,12572800.0,0.0,26948400.0,56544400.0,11384500.0,4588600.0,33412300.0,5548000.0,9838900.0,2982500.0,13100500.0,11864200.0,22239500.0,417735000.0,4785100.0,5102700.0,39424000.0,41464700.0,11808200.0,3980000.0,59504900.0,14027100.0,8483800.0,7198700.0,22240600.0,4360810000.0,0.0,0.0
2024-05-16,76726700.0,7828400.0,28395000.0,536200.0,2842900.0,3265400.0,2000000.0,8298800.0,0.0,27867900.0,31749800.0,4278400.0,3187000.0,26731100.0,7591000.0,10228000.0,2339900.0,16608200.0,8355000.0,17530100.0,323952000.0,5984700.0,6793600.0,27416700.0,34780400.0,5501700.0,7261700.0,50244800.0,13394100.0,8234300.0,5988000.0,60545600.0,3817470000.0,0.0,0.0
2024-05-17,65944400.0,7009200.0,18174000.0,513400.0,5683800.0,1314900.0,1309100.0,8179600.0,0.0,24479300.0,31550300.0,3883900.0,2834700.0,35219800.0,6521800.0,11539000.0,2454500.0,10807300.0,10486000.0,15352200.0,359691000.0,4449100.0,4700800.0,30032300.0,35803700.0,4909700.0,4948400.0,59187600.0,7711200.0,8078400.0,6084200.0,29330400.0,3578120000.0,0.0,0.0
2024-05-20,45618000.0,5550800.0,27170000.0,524500.0,4346600.0,1708600.0,1347100.0,8700000.0,0.0,22554400.0,18665000.0,4575900.0,3894800.0,15695900.0,7742300.0,11000900.0,2651100.0,11745100.0,12600000.0,16272100.0,318764000.0,3221100.0,3804600.0,35255300.0,24474200.0,5456600.0,7371400.0,37764200.0,9261200.0,6056000.0,5603000.0,15001400.0,3420100000.0,0.0,0.0
2024-05-21,30005500.0,7182000.0,15333000.0,661700.0,3581100.0,1034700.0,1375700.0,8397200.0,0.0,16989400.0,20295900.0,2669700.0,4747000.0,13466800.0,5492400.0,9796200.0,2362600.0,11742200.0,11072800.0,21453300.0,328946000.0,3288100.0,5147100.0,27954000.0,23167700.0,5936300.0,3400400.0,33437000.0,7919400.0,4538400.0,5926800.0,17131700.0,3662240000.0,0.0,0.0
2024-05-22,47426700.0,6666000.0,21002000.0,972100.0,3540200.0,2940000.0,1192800.0,7630000.0,0.0,17880000.0,31110700.0,3616300.0,3189600.0,20853100.0,6609800.0,7419400.0,1906100.0,10078600.0,13132400.0,18073700.0,548648000.0,4047000.0,4536700.0,25212500.0,25120000.0,4592600.0,4749500.0,48390000.0,13455200.0,5919700.0,6531900.0,14879400.0,3847130000.0,0.0,0.0
2024-05-23,91888800.0,26610800.0,31039000.0,818100.0,3565600.0,3845300.0,1519200.0,7344000.0,0.0,21024900.0,36464700.0,6005500.0,3948400.0,34039800.0,8000400.0,9834300.0,5636200.0,11747900.0,13957600.0,17211700.0,835065000.0,4009000.0,4729800.0,36887600.0,40899200.0,5007300.0,4097900.0,57211200.0,20873000.0,10831100.0,8472600.0,16222900.0,3869520000.0,0.0,0.0
2024-05-24,54868600.0,8544800.0,16730000.0,410800.0,2535000.0,2630200.0,1623000.0,10680000.0,0.0,16579400.0,20488500.0,3926400.0,2592500.0,19946100.0,9520600.0,8203100.0,3382900.0,12024300.0,14275200.0,11855300.0,429494000.0,3447400.0,3820100.0,22158700.0,29669500.0,5153800.0,5366500.0,41291100.0,11908200.0,10019600.0,8333800.0,11795000.0,3005510000.0,0.0,0.0
2024-05-28,66495400.0,7166000.0,22919000.0,522100.0,2706200.0,2773100.0,1986300.0,12941200.0,0.0,20572200.0,27771700.0,8761400.0,3529900.0,18475900.0,10499800.0,12347000.0,4324700.0,10175800.0,21711400.0,15718000.0,652728000.0,6178100.0,6466200.0,26274200.0,26216800.0,7648400.0,18035700.0,36269600.0,13964400.0,9810400.0,8089500.0,13349600.0,3751540000.0,0.0,0.0
2024-05-29,56537500.0,9458000.0,26861000.0,471500.0,3027100.0,1627500.0,2282800.0,10555600.0,0.0,23388700.0,38800000.0,10126800.0,3103200.0,25654800.0,8263800.0,11861800.0,4029300.0,9226200.0,29142800.0,15517100.0,557442000.0,5352100.0,4360400.0,24834200.0,29739200.0,6190200.0,7028500.0,45190300.0,15780000.0,7080700.0,6491700.0,11538600.0,3552750000.0,0.0,0.0
2024-05-30,46367000.0,6476000.0,21717000.0,340300.0,3500200.0,1857000.0,2277800.0,24573200.0,0.0,22931500.0,44210200.0,5069500.0,3281900.0,20428200.0,8490300.0,9433800.0,3597800.0,10719600.0,31107400.0,28394500.0,484553000.0,3903100.0,4748200.0,47210300.0,30536800.0,5039200.0,4458600.0,46377600.0,9687800.0,4799900.0,4772700.0,13051900.0,3818750000.0,0.0,0.0
2024-05-31,64331900.0,13950000.0,73091000.0,731100.0,4629700.0,3843300.0,4360700.0,21607200.0,0.0,37638900.0,45381900.0,4807400.0,3052900.0,25784900.0,14621200.0,19816600.0,6125400.0,16919800.0,40965600.0,47995300.0,613263000.0,8155600.0,10341400.0,44416100.0,55941300.0,6454300.0,6980000.0,90785800.0,13782600.0,17944400.0,15074400.0,27632200.0,5437160000.0,0.0,0.0
2024-06-03,59157600.0,8906400.0,26278000.0,401300.0,3381400.0,1544500.0,2008700.0,17458800.0,0.0,27459100.0,36791300.0,7675900.0,4488800.0,23902900.0,7329200.0,9369000.0,4342800.0,11279400.0,53227600.0,17484700.0,438392000.0,5032400.0,5828400.0,33876100.0,32997500.0,4725100.0,9213300.0,46835700.0,12924400.0,9698100.0,11391400.0,11578700.0,4046920000.0,0.0,0.0
2024-06-04,48157200.0,6860400.0,23048000.0,399000.0,4118200.0,2533400.0,1754500.0,33901600.0,0.0,26879600.0,39230600.0,8752000.0,3448000.0,27098900.0,8876400.0,11895600.0,4592700.0,7088700.0,52675200.0,14348900.0,403324000.0,4619100.0,6277000.0,41974000.0,23767400.0,4188500.0,8553900.0,34632700.0,10066700.0,13986400.0,11177800.0,14780800.0,3707900000.0,0.0,0.0
2024-06-05,60507500.0,6903600.0,32947000.0,476700.0,3605100.0,2691500.0,2080000.0,64142400.0,0.0,22068500.0,29793700.0,6466800.0,3083100.0,20707600.0,5891300.0,9632500.0,4136800.0,15690500.0,73419000.0,16988000.0,528402000.0,5370700.0,5243300.0,39825400.0,33817400.0,4798600.0,4475300.0,47610400.0,23192600.0,9545800.0,6167800.0,14982700.0,3591460000.0,0.0,0.0
2024-06-06,47153700.0,6394800.0,20172000.0,381600.0,2723300.0,2139700.0,1735000.0,18734000.0,0.0,23251000.0,24398300.0,5849400.0,2526400.0,17335500.0,5016300.0,8658500.0,3354300.0,10667300.0,70188800.0,14861300.0,664696000.0,5536700.0,6302000.0,60400400.0,21966800.0,3247700.0,2745100.0,30808500.0,14819100.0,20215600.0,13449000.0,13256000.0,3609990000.0,0.0,0.0
2024-06-07,44796000.0,5877600.0,17859000.0,331300.0,2169500.0,2619900.0,1593600.0,20387200.0,0.0,19661400.0,32498800.0,7125100.0,3649300.0,26036000.0,5111600.0,9523100.0,2290100.0,9380700.0,37173000.0,13621700.0,412386000.0,3521100.0,4558200.0,37149900.0,25829700.0,4053600.0,2793200.0,43224500.0,14023300.0,13592800.0,8785000.0,20213200.0,3692760000.0,0.0,0.0
2024-06-10,67444600.0,7364000.0,31042000.0,421900.0,2018600.0,2134900.0,1401600.0,62362800.0,0.0,23726700.0,24875700.0,3938900.0,3626200.0,25075300.0,5749900.0,15685300.0,2866200.0,11220900.0,40336400.0,13982900.0,313434100.0,9429400.0,4110600.0,31429200.0,20660800.0,7087300.0,5591500.0,35686100.0,12418900.0,7944400.0,8739100.0,21659500.0,3622280000.0,0.0,0.0
2024-06-11,40497100.0,7977600.0,34844000.0,407300.0,4446900.0,1691100.0,1690500.0,28046800.0,0.0,21540600.0,25339600.0,3954700.0,3125400.0,23768400.0,5661200.0,8396000.0,2729400.0,9673700.0,32327000.0,14551100.0,222551200.0,8284500.0,3947700.0,30601900.0,22053300.0,6532700.0,3577600.0,36383400.0,11508600.0,6583900.0,7243300.0,13367500.0,3568030000.0,0.0,0.0
2024-06-12,48325800.0,8806800.0,56697000.0,546100.0,3083800.0,2598000.0,1838300.0,23311200.0,0.0,27864700.0,51775700.0,9243200.0,4556300.0,43668700.0,6180500.0,9569600.0,3169600.0,11983200.0,54580200.0,22366200.0,299595000.0,6281100.0,5474500.0,38542700.0,34532600.0,7816300.0,4023100.0,63251300.0,20309500.0,9862600.0,8781400.0,11704700.0,3962840000.0,0.0,0.0
2024-06-13,44442500.0,15586400.0,89061000.0,383600.0,2895500.0,1810900.0,1322400.0,15878000.0,0.0,20913300.0,38532000.0,6529900.0,4324500.0,28021100.0,6840400.0,9668900.0,3153000.0,9954600.0,29321400.0,15960600.0,260704500.0,5432600.0,4902200.0,26035100.0,25859000.0,4704500.0,3113800.0,44760900.0,15591800.0,9510700.0,8288200.0,11196600.0,3530380000.0,0.0,0.0
2024-06-14,34054000.0,8592000.0,69705000.0,401100.0,2251100.0,1714900.0,1395500.0,13660000.0,0.0,18063600.0,52953300.0,5424600.0,2994100.0,33453700.0,4075300.0,8179200.0,2806600.0,10243300.0,21381600.0,13582000.0,309320400.0,3603300.0,3695000.0,26618300.0,23372600.0,4803300.0,1775100.0,40089900.0,9192500.0,8047200.0,3728400.0,12590100.0,3438650000.0,0.0,0.0
2024-06-17,44507700.0,13177200.0,87528000.0,413500.0,2641900.0,2035700.0,1904900.0,19412400.0,0.0,19618500.0,33165000.0,4957200.0,5442800.0,25538100.0,6666600.0,10532700.0,2532900.0,11266600.0,16984600.0,20790000.0,288504400.0,5412200.0,6759400.0,54101500.0,37054500.0,7195200.0,3915000.0,55839500.0,18593700.0,9299200.0,7445600.0,12103000.0,3447840000.0,0.0,0.0
2024-06-18,51852000.0,11568000.0,86797000.0,362300.0,2359200.0,2541200.0,1763800.0,16371200.0,0.0,21869900.0,46845500.0,5232600.0,4767600.0,25446900.0,6156600.0,10651700.0,2956300.0,13060400.0,18753400.0,17112500.0,294335100.0,3519500.0,5112600.0,54458600.0,24438600.0,19721300.0,7552300.0,41376400.0,27155100.0,11453500.0,8668100.0,12093500.0,3544330000.0,0.0,0.0
2024-06-20,93245700.0,13982400.0,68157000.0,366200.0,2795200.0,3069500.0,1944600.0,23392000.0,0.0,20160100.0,26989000.0,3573100.0,7648000.0,27999700.0,8749700.0,13306300.0,4046500.0,11801200.0,17244000.0,19877400.0,517768400.0,4942400.0,8483600.0,66735000.0,33918700.0,12331700.0,8253800.0,70328200.0,28403200.0,10777000.0,6583100.0,13860800.0,3847060000.0,0.0,0.0
2024-06-21,61293900.0,16381600.0,99289000.0,909800.0,2061700.0,1897300.0,3833100.0,209024000.0,0.0,57759000.0,26857600.0,6908700.0,8500600.0,37511300.0,15172300.0,28278100.0,8425800.0,22359200.0,32193000.0,34187100.0,649445800.0,10899100.0,14682000.0,68605900.0,37456800.0,21739300.0,7220200.0,64338600.0,20175600.0,12026100.0,18311200.0,25883000.0,6773800000.0,0.0,0.0
2024-06-24,45954100.0,9646400.0,58575000.0,705100.0,2746000.0,2185200.0,1722900.0,21603600.0,0.0,18298000.0,28766200.0,5276000.0,4598500.0,22289600.0,6914700.0,13212500.0,3901200.0,13525300.0,18580000.0,15913700.0,476060900.0,4476900.0,7565200.0,36477400.0,37751000.0,11430300.0,4861200.0,45528700.0,19741700.0,8392000.0,8497100.0,12470400.0,3696750000.0,0.0,0.0
2024-06-25,40572300.0,7610800.0,53329000.0,473100.0,2421400.0,1476400.0,1564200.0,12585200.0,0.0,23130200.0,26111600.0,3790100.0,3519300.0,15925400.0,5912500.0,10235300.0,3903800.0,12063200.0,14937600.0,16413400.0,414192600.0,4217300.0,7968200.0,29389400.0,29014700.0,5948200.0,8650400.0,37936200.0,13346800.0,6515200.0,5918900.0,20869200.0,3591960000.0,0.0,0.0
2024-06-26,36973400.0,6970400.0,46479000.0,350300.0,2183800.0,2158000.0,1505300.0,11808400.0,0.0,19839000.0,29282000.0,4196400.0,4537400.0,19313500.0,5267800.0,9402500.0,2796100.0,8882300.0,12605400.0,16507000.0,362975900.0,4778300.0,5164000.0,24331400.0,22737100.0,4750600.0,8591500.0,38550600.0,11901500.0,8985200.0,4998100.0,14177500.0,3563920000.0,0.0,0.0
2024-06-27,34018200.0,9985600.0,31649000.0,438400.0,2779400.0,2211500.0,1254900.0,14665200.0,0.0,18848900.0,29404500.0,4946600.0,4772300.0,17432600.0,5739200.0,8494100.0,2651000.0,10121200.0,8453400.0,14806300.0,252571700.0,4326500.0,5007000.0,37882900.0,26222100.0,4011800.0,7422300.0,35041500.0,10864600.0,6727000.0,6696700.0,12899200.0,3589530000.0,0.0,0.0
2024-06-28,56204600.0,11519200.0,69377000.0,1083400.0,3771900.0,1476000.0,2131700.0,33922000.0,0.0,29156600.0,34952000.0,6032400.0,13443600.0,35026000.0,10495700.0,17358800.0,8958700.0,15855100.0,23686600.0,28362300.0,315516700.0,8755900.0,9253100.0,38886400.0,34881600.0,15030100.0,9594900.0,76144500.0,11216100.0,23351600.0,17908900.0,18816700.0,7199220000.0,0.0,0.0
2024-07-01,50436700.0,6548400.0,47623000.0,332200.0,2098800.0,1213200.0,1989000.0,11520800.0,0.0,16006100.0,31113100.0,13662800.0,3906100.0,21886200.0,5144400.0,10033400.0,3817600.0,10328200.0,9927400.0,17662800.0,284885500.0,4508000.0,7638600.0,33167900.0,24898300.0,7074400.0,4521700.0,40297800.0,10717000.0,8693900.0,6732300.0,8666000.0,3488760000.0,0.0,0.0
2024-07-02,57838600.0,6315200.0,32539000.0,347600.0,1926700.0,1310900.0,1377900.0,12970800.0,0.0,17372500.0,30418400.0,8195700.0,3466700.0,17219100.0,5492000.0,8878200.0,3944900.0,7739500.0,12566200.0,13979800.0,218374000.0,4650800.0,5449200.0,32148200.0,26723600.0,5351900.0,4999100.0,40434800.0,10655500.0,7714400.0,3981300.0,9436500.0,3329950000.0,0.0,0.0
2024-07-03,26980900.0,4840800.0,39954000.0,175300.0,1651600.0,1014600.0,814400.0,5827200.0,0.0,10242100.0,22067300.0,3861000.0,2206100.0,15167200.0,3246200.0,9154200.0,2026100.0,6005600.0,8345400.0,9932800.0,215749000.0,2879600.0,2980500.0,18433800.0,18064900.0,2711700.0,3760800.0,32789900.0,11808700.0,7859600.0,3371700.0,6287500.0,2179470000.0,0.0,0.0
2024-07-05,61857100.0,5431600.0,45240000.0,174400.0,1843100.0,1139900.0,2620700.0,7636000.0,0.0,20967500.0,25941500.0,5111500.0,4368000.0,17282500.0,4888500.0,11735500.0,2814300.0,21354100.0,12153400.0,16000300.0,214176700.0,4208200.0,6509200.0,46703700.0,28495900.0,4684000.0,8993700.0,41488400.0,11372900.0,5903000.0,4526600.0,21586100.0,3253080000.0,0.0,0.0
2024-07-08,60223400.0,6250400.0,36398000.0,372100.0,3836100.0,1448200.0,1611300.0,11906000.0,0.0,21035900.0,26962000.0,5294600.0,5026500.0,20823800.0,5260200.0,11235100.0,3163900.0,14917500.0,13726400.0,12962300.0,237677300.0,5268800.0,5144500.0,59611200.0,22109400.0,5084100.0,7945600.0,36110500.0,22582400.0,4309200.0,4437900.0,12077700.0,3185670000.0,0.0,0.0
2024-07-09,43395600.0,8006400.0,37802000.0,398500.0,2000800.0,1249100.0,1356800.0,11870400.0,0.0,15121400.0,19108500.0,3006900.0,4133400.0,17864200.0,5890400.0,11657500.0,4927300.0,8753200.0,11703200.0,17207200.0,285366600.0,5801200.0,4393100.0,53067100.0,25614500.0,4796400.0,7457400.0,27289700.0,19935200.0,6111900.0,5747100.0,9758400.0,3232920000.0,0.0,0.0
2024-07-10,90247000.0,9182000.0,41074000.0,365700.0,5888000.0,1879100.0,1755800.0,23306800.0,0.0,15952500.0,25361900.0,4076600.0,6353800.0,19286100.0,6093200.0,11930400.0,4092700.0,10983300.0,9876400.0,18196100.0,248978600.0,7372300.0,5037100.0,43231000.0,28046900.0,5289300.0,5454700.0,38701200.0,19293500.0,4254900.0,5020800.0,10803400.0,3336100000.0,0.0,0.0
2024-07-11,59231400.0,7805600.0,51026000.0,528300.0,2608400.0,2130500.0,6021100.0,12502000.0,0.0,25625800.0,44932500.0,9658400.0,9838400.0,65443600.0,6350400.0,11431600.0,5546400.0,16458300.0,13006800.0,23111200.0,374782700.0,10258600.0,5831500.0,61546100.0,49966600.0,7586800.0,6718600.0,53054200.0,21584200.0,6257800.0,5859400.0,15624800.0,4020950000.0,0.0,0.0
2024-07-12,50827400.0,5007600.0,30453000.0,289600.0,2201300.0,1201300.0,3288400.0,10438800.0,0.0,22898400.0,31688100.0,4304500.0,5800900.0,50810700.0,5336400.0,9201500.0,4543000.0,19750500.0,10548200.0,16324300.0,252680500.0,6677000.0,4684600.0,30760300.0,37109400.0,11371300.0,12852600.0,53084400.0,19220300.0,10282400.0,5239500.0,12145300.0,3700280000.0,0.0,0.0
2024-07-15,42202700.0,4856800.0,22999200.0,642300.0,1693900.0,2091100.0,2064000.0,14089600.0,0.0,16474000.0,23235600.0,3754500.0,6298300.0,48925300.0,6711400.0,8207500.0,3393600.0,12539200.0,10934800.0,14429400.0,208326200.0,4551800.0,5752500.0,49186300.0,31151400.0,8167900.0,10243400.0,40584300.0,15683100.0,7589600.0,6019000.0,10171100.0,3620470000.0,0.0,0.0
2024-07-16,40633100.0,6463200.0,22244900.0,698600.0,2051600.0,2385400.0,1687600.0,10425200.0,0.0,18290700.0,41375400.0,4705800.0,5359700.0,67945700.0,6469600.0,9025100.0,4173000.0,14075800.0,8211800.0,17175700.0,214769500.0,4461700.0,6378300.0,59330700.0,25950600.0,10333700.0,5521200.0,36475300.0,16663300.0,6182000.0,4974900.0,9836800.0,4041760000.0,0.0,0.0
2024-07-17,76954200.0,12541600.0,43343400.0,680600.0,6938900.0,4686300.0,1783100.0,13994800.0,0.0,20734100.0,32750400.0,5113500.0,4774400.0,66092100.0,13801400.0,12508200.0,3711500.0,28076600.0,10732800.0,21778000.0,390086200.0,7671000.0,7982300.0,45203500.0,56268800.0,10461500.0,7742200.0,57119000.0,45052600.0,13005800.0,14373500.0,13533800.0,4246450000.0,0.0,0.0
2024-07-18,69420300.0,9872800.0,37973500.0,577000.0,5194200.0,2872400.0,2338500.0,18211200.0,0.0,25315700.0,42513000.0,8640600.0,4660900.0,53180000.0,10166200.0,11128200.0,3421800.0,19267200.0,12792400.0,20794800.0,320979500.0,6228600.0,5926300.0,76485600.0,49347400.0,6244000.0,7539900.0,56270400.0,52903600.0,13846400.0,8680300.0,10682700.0,4007510000.0,0.0,0.0
2024-07-19,47513100.0,5417600.0,26309500.0,269800.0,2916800.0,1716600.0,1984400.0,168582800.0,0.0,18881900.0,36125700.0,5274400.0,6323800.0,37933500.0,7398000.0,13775700.0,3470600.0,15149400.0,9702000.0,20940400.0,217223800.0,5332800.0,6597100.0,49581600.0,42042900.0,3318000.0,8875500.0,65509100.0,22585300.0,7387300.0,5141400.0,11665500.0,3760570000.0,0.0,0.0
2024-07-22,43912500.0,8183200.0,28813300.0,455900.0,2855000.0,1791500.0,1920200.0,198270000.0,0.0,24100300.0,32378800.0,3869800.0,4471300.0,36185900.0,6840600.0,11794200.0,2759500.0,12023100.0,11309200.0,15808800.0,258068900.0,5308400.0,6383000.0,38037800.0,40300000.0,4040300.0,8427100.0,43346700.0,21037200.0,7697000.0,4578200.0,12666100.0,3375180000.0,0.0,0.0
2024-07-23,31950600.0,4880000.0,21570200.0,763100.0,2326400.0,1489300.0,1744100.0,134332400.0,0.0,36352700.0,28826900.0,5095600.0,3943200.0,44884600.0,6261900.0,11810300.0,2653100.0,9455500.0,12319400.0,13107100.0,173911000.0,3344300.0,4863400.0,31134300.0,23282500.0,4069500.0,8685300.0,34439600.0,11690700.0,10060900.0,4712200.0,9263600.0,3500210000.0,0.0,0.0
2024-07-24,49203100.0,10583200.0,37162600.0,451000.0,2276000.0,3996800.0,2511300.0,58945200.0,0.0,49585200.0,37612800.0,4733500.0,4827500.0,42443000.0,7168200.0,13244600.0,5983300.0,17649700.0,14219400.0,26805800.0,327776900.0,5867000.0,5907000.0,49004100.0,58818600.0,4038500.0,4239500.0,74515300.0,19536600.0,22908000.0,8862500.0,22490800.0,3945550000.0,0.0,0.0
2024-07-25,60578500.0,17858400.0,30872100.0,379000.0,5525600.0,6869200.0,2183700.0,42045600.0,0.0,44852000.0,35409000.0,4335600.0,4338900.0,45053100.0,10019600.0,16328600.0,3323100.0,18240500.0,12925000.0,29943800.0,460067000.0,6270900.0,7338300.0,45474600.0,59256800.0,5001900.0,6149200.0,61158300.0,25731800.0,17502800.0,11659200.0,18821200.0,4592120000.0,0.0,0.0
2024-07-26,49435800.0,9407600.0,20839900.0,347900.0,3115500.0,3249000.0,1441500.0,38337600.0,0.0,41336900.0,23683700.0,5217500.0,4307800.0,40822600.0,8356900.0,13530100.0,4002900.0,14222400.0,7606400.0,23583800.0,293399100.0,5746300.0,5581600.0,27432200.0,39992100.0,4424500.0,4151000.0,53763800.0,13089200.0,7834600.0,4229800.0,16789300.0,3638770000.0,0.0,0.0
2024-07-29,47447200.0,11292800.0,16625800.0,271100.0,2622300.0,3610400.0,1320400.0,47168800.0,0.0,20293800.0,28468400.0,6165600.0,3420300.0,33869700.0,5625000.0,12140200.0,9381000.0,11339600.0,9760400.0,15125800.0,248152100.0,4152700.0,6797800.0,26038800.0,28218500.0,3932500.0,16218700.0,39515800.0,12663100.0,8083800.0,4846500.0,10315300.0,3379970000.0,0.0,0.0
2024-07-30,68801700.0,17064800.0,31102300.0,350200.0,3080400.0,3597300.0,2017200.0,103299600.0,0.0,18959700.0,33652100.0,4419200.0,3040900.0,26876800.0,6545700.0,13258000.0,4936600.0,11390400.0,8049600.0,32687600.0,486833300.0,4994600.0,15746300.0,31819900.0,41317200.0,4324900.0,4149800.0,46853600.0,22018000.0,12157600.0,6362500.0,12522500.0,3777740000.0,0.0,0.0
2024-07-31,114306800.0,22240000.0,45827500.0,662400.0,6071700.0,3277600.0,2135000.0,47921600.0,0.0,25729100.0,50714800.0,10982900.0,4221400.0,52387700.0,8293200.0,15576800.0,4652100.0,24285800.0,13956400.0,42891400.0,473174200.0,6245600.0,9660900.0,29111600.0,44552100.0,5100700.0,6776300.0,65663400.0,19860400.0,16390300.0,15755900.0,22908800.0,4546910000.0,0.0,0.0
2024-08-01,94731900.0,17044400.0,40320000.0,872700.0,8510100.0,2825600.0,1861400.0,39656800.0,0.0,24531400.0,51319800.0,10492600.0,4867100.0,71508100.0,7213400.0,16495900.0,4936000.0,43083100.0,9632000.0,30296400.0,523462300.0,5994500.0,12532700.0,31189600.0,56653900.0,7307500.0,4924200.0,76428700.0,21095600.0,10460800.0,5827100.0,17275500.0,4703620000.0,0.0,0.0
2024-08-02,78562000.0,10799600.0,33745800.0,929200.0,9842700.0,4529100.0,2598500.0,35912400.0,0.0,29130100.0,71578700.0,18286500.0,5137400.0,66850200.0,11280400.0,22514800.0,9585900.0,24044700.0,12117000.0,29437900.0,482027500.0,6856100.0,11899000.0,56092600.0,66323200.0,8456400.0,4503100.0,82789100.0,31095300.0,16616300.0,9363200.0,23578700.0,5156450000.0,0.0,0.0
2024-08-05,76089400.0,10569200.0,41309300.0,684600.0,10602000.0,3461200.0,2820900.0,43768800.0,0.0,53630700.0,104456100.0,19098200.0,7189400.0,65683100.0,12032200.0,25484300.0,6794900.0,21396200.0,11458000.0,40709200.0,552842400.0,7502300.0,10338800.0,88023500.0,87483500.0,7152100.0,5165000.0,146267400.0,31193100.0,15898300.0,6967600.0,20770500.0,5333250000.0,0.0,0.0
2024-08-06,64455600.0,6599600.0,24751300.0,1070700.0,7968200.0,1760500.0,2476300.0,42453600.0,0.0,49004600.0,60113400.0,9507000.0,6742100.0,37072500.0,7607100.0,12969100.0,3369300.0,20955000.0,10291600.0,24946500.0,409012100.0,7287100.0,7454900.0,99622700.0,63164400.0,4073600.0,4492300.0,84826300.0,24528100.0,11978600.0,6285600.0,14815100.0,4690190000.0,0.0,0.0
2024-08-07,54676500.0,8118000.0,29749800.0,3407100.0,6573800.0,4231300.0,1702000.0,37396000.0,0.0,25138600.0,56107800.0,8419700.0,6279100.0,30594500.0,5993000.0,13365300.0,3540000.0,20105300.0,14591000.0,20650900.0,411440400.0,5428900.0,8385500.0,75975400.0,54929200.0,4765700.0,6196300.0,70698300.0,22379000.0,11165100.0,8856500.0,18499200.0,4558260000.0,0.0,0.0
2024-08-08,49037500.0,5698800.0,27583200.0,1518800.0,3990300.0,2656200.0,2345000.0,26700000.0,0.0,25578800.0,31528100.0,4856100.0,6603600.0,26550300.0,5094800.0,15240900.0,3227200.0,16156800.0,54646200.0,20203000.0,391910000.0,5112500.0,6386900.0,96892900.0,47890100.0,7105100.0,6413800.0,63276600.0,18889600.0,9929400.0,10747700.0,12489800.0,4016830000.0,0.0,0.0
2024-08-09,40583000.0,6379200.0,18438700.0,997500.0,2884200.0,1408900.0,1710600.0,23755600.0,0.0,28602300.0,29759900.0,5174900.0,4208100.0,20954500.0,4579200.0,12080400.0,2664900.0,13696600.0,29237600.0,19276700.0,290844200.0,3223000.0,5377300.0,88131100.0,33574000.0,17827800.0,5382100.0,45619600.0,20519400.0,6669300.0,5586300.0,13805600.0,3516400000.0,0.0,0.0
2024-08-12,39724300.0,3670400.0,17778500.0,545400.0,4040200.0,2072800.0,1748200.0,14917600.0,0.0,15895300.0,33878400.0,4166400.0,4990200.0,20357900.0,7605400.0,11012300.0,3008100.0,9767400.0,15287800.0,16762900.0,325559900.0,3802300.0,7208100.0,67890300.0,27795000.0,7080600.0,3219000.0,42542100.0,14727300.0,6761500.0,5417600.0,17385300.0,3360160000.0,0.0,0.0
2024-08-13,42218000.0,5592800.0,22053600.0,516300.0,2838300.0,2043500.0,1484100.0,20507200.0,0.0,18551700.0,37310200.0,6458700.0,4266400.0,25458300.0,9711400.0,9877600.0,2603600.0,13743800.0,13108800.0,19414300.0,312646700.0,3894700.0,3770000.0,57294200.0,40084500.0,12138600.0,4755700.0,52333100.0,15243500.0,8043000.0,6495500.0,26557900.0,3648980000.0,0.0,0.0
2024-08-14,35506400.0,6732400.0,20184200.0,400300.0,3028000.0,1311700.0,1341500.0,22855600.0,0.0,40591100.0,36086900.0,4275700.0,3273800.0,25345600.0,5141200.0,14328000.0,2242100.0,11444200.0,14329000.0,18267000.0,339246400.0,3555800.0,5476600.0,49885600.0,34733700.0,4493600.0,3056700.0,42446900.0,11510300.0,11372200.0,5144700.0,22928600.0,3380050000.0,0.0,0.0
2024-08-15,43582400.0,5163600.0,27945000.0,495400.0,3640000.0,2211000.0,1923800.0,23592400.0,0.0,31524300.0,39411300.0,5507000.0,3579600.0,42561600.0,7237800.0,11285100.0,2445200.0,13482100.0,13361000.0,20752100.0,318086700.0,4472100.0,9491400.0,43407600.0,38280600.0,23961800.0,4724500.0,60846800.0,15393500.0,7604900.0,4956600.0,49567500.0,3723310000.0,0.0,0.0
2024-08-16,31123900.0,5050400.0,19296900.0,486300.0,3300400.0,1269700.0,1516300.0,13982400.0,0.0,24208600.0,33682600.0,4437000.0,2604200.0,30427400.0,5012800.0,12651200.0,3286000.0,14776700.0,9222800.0,22775600.0,302589900.0,4614600.0,5640800.0,64870600.0,38383600.0,74179900.0,2753700.0,44430700.0,10710000.0,6846400.0,4821800.0,19872100.0,3357690000.0,0.0,0.0
2024-08-19,60766900.0,5576000.0,20441700.0,430100.0,2768000.0,1704200.0,1318400.0,21866400.0,0.0,22416200.0,29604300.0,4437600.0,2608100.0,17246200.0,4408400.0,9843900.0,5268800.0,9879700.0,10412600.0,15234000.0,318333600.0,3521700.0,3885300.0,52353600.0,23737700.0,47084200.0,3586300.0,39121800.0,11511000.0,6791700.0,3848500.0,13709300.0,3222050000.0,0.0,0.0
2024-08-20,76851200.0,4335200.0,19417500.0,345700.0,2649100.0,1576000.0,1104600.0,15506000.0,0.0,18341500.0,33189300.0,4886000.0,2536500.0,21703900.0,7275100.0,11957400.0,3697600.0,7944400.0,14142000.0,16387600.0,300087400.0,5330100.0,4513600.0,40783000.0,29209300.0,27622900.0,3139900.0,33732300.0,13555500.0,5977800.0,4433600.0,14434000.0,2994420000.0,0.0,0.0
2024-08-21,42791200.0,4780400.0,16097700.0,573200.0,2299300.0,1481000.0,1465500.0,21033600.0,0.0,22902000.0,34266700.0,5386000.0,4247300.0,19623100.0,5019400.0,8792400.0,2686300.0,13423300.0,10478000.0,16067300.0,257883600.0,4020700.0,4082000.0,38147600.0,25658800.0,26839900.0,2324200.0,41514600.0,9434800.0,5735300.0,4041400.0,14832000.0,3119670000.0,0.0,0.0
2024-08-22,45737300.0,4440800.0,30044500.0,295500.0,3287700.0,1213600.0,1440900.0,17682800.0,0.0,22493300.0,29292100.0,4819500.0,3946800.0,18084300.0,6552100.0,12509200.0,1746400.0,15708300.0,6618200.0,19361900.0,376189100.0,5265900.0,4097300.0,43522200.0,37739600.0,22202400.0,3586200.0,56121500.0,13546100.0,4304800.0,5187500.0,16511100.0,2981530000.0,0.0,0.0
2024-08-23,43694600.0,3903600.0,18848000.0,464500.0,7567900.0,1423000.0,1305800.0,12994400.0,0.0,13955700.0,32590900.0,5475400.0,4239900.0,40003100.0,7093400.0,11834700.0,2145900.0,11323900.0,9015800.0,18493800.0,323230300.0,5283600.0,4771300.0,34121200.0,36061500.0,14731100.0,2772200.0,50639400.0,12189100.0,4990700.0,5315600.0,12299100.0,3291940000.0,0.0,0.0
2024-08-26,49893300.0,5517200.0,18521200.0,568500.0,4274800.0,1215800.0,1737000.0,14233600.0,0.0,14190400.0,20460100.0,3062400.0,3604500.0,24865500.0,6870600.0,12912200.0,2018500.0,9584000.0,7737000.0,13152800.0,331964700.0,4146700.0,6472400.0,35283600.0,27452600.0,13359400.0,1887200.0,35788600.0,9611300.0,4828700.0,4774000.0,9508200.0,2938570000.0,0.0,0.0
2024-08-27,35102700.0,4694000.0,16683100.0,286000.0,2437300.0,1787700.0,2098900.0,14747600.0,0.0,11821900.0,22784300.0,4433700.0,3729100.0,19577900.0,4388700.0,16988400.0,2897600.0,6282700.0,7673400.0,13492900.0,303134600.0,3520600.0,4456400.0,23541300.0,27510000.0,16090500.0,2590500.0,32693900.0,9186000.0,5431800.0,2951000.0,11557800.0,2798990000.0,0.0,0.0
2024-08-28,34075800.0,4414000.0,18063600.0,323600.0,2946800.0,2289900.0,1668400.0,28290400.0,0.0,16407400.0,22351600.0,8147000.0,3713900.0,19685000.0,5187000.0,13272600.0,2603800.0,9106100.0,8894800.0,14882700.0,448101100.0,3915500.0,5644800.0,33961400.0,37372400.0,12833300.0,2806500.0,41066000.0,10581400.0,6981700.0,3549000.0,9814300.0,3053450000.0,0.0,0.0
2024-08-29,31602100.0,6899600.0,23519300.0,316800.0,2450500.0,2288900.0,1709900.0,52400800.0,0.0,19699800.0,18353000.0,6199800.0,3114600.0,24599500.0,7390100.0,17201700.0,1797100.0,8317400.0,13504000.0,17045200.0,453023300.0,4654300.0,4413200.0,39733000.0,41081500.0,8084100.0,2168600.0,38715200.0,13213200.0,7012300.0,4849200.0,11856800.0,3065640000.0,0.0,0.0
2024-08-30,31169100.0,6195200.0,25158500.0,454800.0,2646800.0,1494400.0,1933500.0,26468000.0,0.0,22123800.0,27633300.0,4802600.0,2892200.0,23010500.0,7971000.0,18624200.0,2528500.0,9157500.0,10841600.0,24308300.0,333751600.0,8677300.0,7301600.0,42388000.0,33466500.0,8159300.0,3183500.0,62700100.0,9481400.0,7101000.0,3947100.0,23230000.0,4185850000.0,0.0,0.0
2024-09-03,42172700.0,10127600.0,37179100.0,584900.0,5436700.0,1484300.0,1784200.0,22012800.0,0.0,38945300.0,31596800.0,8232700.0,4483800.0,31338500.0,6956500.0,14755800.0,2902800.0,12459100.0,14844000.0,20313600.0,477155100.0,7032100.0,10101400.0,34531600.0,44985200.0,6921300.0,3774400.0,60600100.0,18464400.0,9052500.0,9487900.0,22666100.0,3866350000.0,0.0,0.0
2024-09-04,42130600.0,5460000.0,20324100.0,681100.0,4981900.0,2354100.0,1425200.0,17488800.0,0.0,19353800.0,32371800.0,9914900.0,3324600.0,23706300.0,6939100.0,18140800.0,2558300.0,8335200.0,9567600.0,15135800.0,372470300.0,6188500.0,7517500.0,33419500.0,32505100.0,9643700.0,2277000.0,47224900.0,11317400.0,5232300.0,5282700.0,18442800.0,3478140000.0,0.0,0.0
2024-09-05,25023000.0,6453200.0,31548500.0,236400.0,2434200.0,1659300.0,1998800.0,15712000.0,0.0,18688700.0,44675300.0,33635000.0,2062300.0,23910500.0,4600400.0,23866100.0,2412500.0,8640900.0,7677600.0,14195500.0,306850700.0,5743100.0,6061900.0,24012300.0,34452400.0,6214600.0,2119000.0,44264300.0,10260600.0,3809900.0,4306900.0,13082900.0,3521650000.0,0.0,0.0
2024-09-06,39993500.0,8753200.0,76634600.0,509100.0,4793800.0,5456700.0,2074600.0,17280400.0,0.0,37912100.0,49888900.0,17777600.0,3790000.0,34561300.0,6016900.0,17485700.0,3863600.0,14744500.0,11695800.0,19609500.0,413638100.0,6395300.0,5785700.0,50946800.0,50624400.0,9211300.0,3049800.0,68493800.0,14964400.0,8197900.0,5161500.0,14548600.0,3822800000.0,0.0,0.0
2024-09-09,27194500.0,5156800.0,39516700.0,755900.0,3600400.0,3216700.0,1954000.0,12792800.0,0.0,39260500.0,24823800.0,8532500.0,4046600.0,23584100.0,7538200.0,12939300.0,3208600.0,11047800.0,18376000.0,15295100.0,273912000.0,4666200.0,6450200.0,140582500.0,32981200.0,9684900.0,3152800.0,40445800.0,10339000.0,5446600.0,4121900.0,22260200.0,3825940000.0,0.0,0.0
2024-09-10,37217500.0,4598400.0,36067500.0,324800.0,2935400.0,2105100.0,1360800.0,8796800.0,0.0,31118800.0,38347600.0,7921400.0,3811300.0,23025700.0,6559600.0,10277600.0,2497100.0,9899000.0,10745200.0,19594300.0,268283700.0,4315800.0,6396300.0,91721000.0,29680300.0,6175700.0,3923200.0,36394600.0,11910800.0,4235500.0,3392700.0,17686300.0,3848180000.0,0.0,0.0
2024-09-11,50935400.0,9778000.0,39700800.0,471500.0,8484600.0,2713400.0,1796100.0,10664400.0,0.0,29607700.0,42342700.0,7286200.0,4276200.0,27175600.0,5920200.0,11418200.0,2747500.0,10782500.0,10451400.0,19266900.0,441422400.0,4036000.0,6828200.0,68302300.0,57843000.0,13295200.0,3260200.0,75248600.0,15059500.0,10119200.0,4994300.0,19518800.0,3839450000.0,0.0,0.0
2024-09-12,29233700.0,7056800.0,43530700.0,976600.0,4459600.0,1666200.0,1867300.0,10582800.0,0.0,29621500.0,28515000.0,5929800.0,4543300.0,27611700.0,4540900.0,12337800.0,2274200.0,11970500.0,8202000.0,17395700.0,366052700.0,4222800.0,4838900.0,54291900.0,40067800.0,13983500.0,1874000.0,51819600.0,13399900.0,11803600.0,3860600.0,14877700.0,3655070000.0,0.0,0.0
2024-09-13,25117200.0,5909600.0,29850000.0,506400.0,2943300.0,1121100.0,1327500.0,8535600.0,0.0,29591200.0,31806800.0,5305500.0,4402200.0,37388100.0,3693400.0,11073800.0,2205500.0,10321400.0,7632000.0,15874600.0,238358300.0,3290400.0,3918000.0,49727200.0,29111800.0,13806100.0,6424700.0,39310500.0,8787800.0,7264500.0,6323100.0,12994100.0,3500790000.0,0.0,0.0
2024-09-16,27677800.0,3432800.0,26126900.0,480100.0,2029600.0,1423600.0,1661000.0,14794400.0,0.0,18379800.0,31402400.0,6666900.0,4029800.0,23289000.0,5187800.0,10786500.0,2916200.0,9527600.0,8213800.0,13834700.0,248772300.0,4940100.0,6892300.0,74767300.0,22585600.0,13219600.0,3008200.0,36656100.0,12194300.0,6043800.0,6947200.0,15346400.0,3437070000.0,0.0,0.0
2024-09-17,29889000.0,4205600.0,19844300.0,379000.0,2944100.0,1120600.0,1387000.0,11101600.0,0.0,20715600.0,27423900.0,7807000.0,4870500.0,35563500.0,5066500.0,12974400.0,2997400.0,11690800.0,14294000.0,18874200.0,231925900.0,6305100.0,4757100.0,64461800.0,30084400.0,9185000.0,2953400.0,49321000.0,8629100.0,4287300.0,5981600.0,21065900.0,3443600000.0,0.0,0.0
2024-09-18,26320100.0,4146800.0,26557600.0,402100.0,2259100.0,1558500.0,1338200.0,12714400.0,0.0,23677300.0,39546900.0,8584500.0,5114900.0,54085200.0,4722800.0,10719700.0,1788200.0,10323500.0,14033600.0,18898000.0,310318900.0,5307900.0,5102900.0,66279800.0,39909200.0,11804500.0,2391400.0,59044900.0,9116000.0,8542000.0,5958100.0,15684900.0,3691390000.0,0.0,0.0
2024-09-19,44500000.0,7828400.0,32453100.0,461800.0,2461300.0,2550100.0,1747500.0,24876000.0,0.0,26587700.0,48785900.0,16770800.0,4509100.0,35369500.0,4956100.0,13635600.0,2271400.0,15647000.0,13285000.0,21706600.0,293506400.0,5504000.0,8692000.0,59882000.0,52782500.0,10540500.0,3885400.0,75315500.0,15855000.0,9608800.0,7887700.0,21525700.0,4024530000.0,0.0,0.0
2024-09-20,40248200.0,10938000.0,91758500.0,1202600.0,10165400.0,1272400.0,4658200.0,71500400.0,0.0,40896400.0,43626300.0,6580600.0,6914800.0,34587500.0,11839000.0,48578500.0,5817300.0,22066800.0,30391200.0,55167100.0,382462400.0,12198400.0,28647500.0,450290500.0,34577700.0,22836000.0,17454400.0,77503100.0,18429800.0,13255800.0,23358400.0,39534300.0,7867260000.0,0.0,0.0
2024-09-23,21728500.0,5226800.0,29431100.0,473100.0,7757800.0,1040400.0,1697600.0,22077200.0,0.0,24150900.0,29049400.0,7491700.0,5432400.0,20157700.0,4671600.0,11613000.0,2312400.0,12830700.0,11112400.0,15128900.0,206228500.0,5350300.0,10265000.0,79460700.0,24843000.0,12454700.0,8728600.0,44116900.0,5794200.0,6964900.0,15615000.0,12147300.0,3529550000.0,0.0,0.0
2024-09-24,27531200.0,6010800.0,34223400.0,279600.0,4364400.0,884800.0,2432600.0,16442800.0,0.0,23332100.0,28674500.0,6580800.0,4222800.0,20939800.0,6041600.0,13330600.0,2408100.0,12993000.0,11250200.0,17015800.0,354966800.0,7837900.0,5422400.0,79519200.0,25952600.0,9793400.0,11660100.0,46805700.0,14576100.0,5068300.0,9722700.0,14651100.0,3872710000.0,0.0,0.0
2024-09-25,35233300.0,4564400.0,16613800.0,534500.0,4659400.0,1527600.0,1728100.0,11814000.0,0.0,18869200.0,28899100.0,10455100.0,5402000.0,23242300.0,5420000.0,12329100.0,1986200.0,16543400.0,8302200.0,13396400.0,284692900.0,4505100.0,8916500.0,46511700.0,26549900.0,29464600.0,8113600.0,38428600.0,8280900.0,8452500.0,15868400.0,14163800.0,3624910000.0,0.0,0.0
2024-09-26,38044900.0,5248800.0,24340000.0,448900.0,6835700.0,1618600.0,2738600.0,18128400.0,0.0,20319300.0,32732300.0,8026500.0,4472700.0,24974700.0,6122000.0,10815200.0,1971100.0,14400800.0,15635200.0,14492000.0,302582900.0,5673600.0,4957200.0,48602000.0,32020200.0,15727000.0,6314500.0,48336000.0,15103400.0,9150700.0,12987400.0,17061100.0,4391180000.0,0.0,0.0
2024-09-27,27876000.0,7616000.0,20580900.0,400700.0,3185700.0,904600.0,3459100.0,11585600.0,0.0,21101300.0,36712700.0,6207700.0,45245500.0,23959600.0,7553800.0,11175700.0,3402800.0,9398400.0,8869200.0,14896100.0,271009200.0,7545800.0,4599500.0,43219100.0,22851100.0,39176900.0,8345300.0,42100900.0,17908400.0,7032700.0,7133500.0,11899100.0,3898530000.0,0.0,0.0
2024-09-30,21881600.0,4460800.0,16902000.0,548900.0,5078800.0,1063700.0,2142900.0,11414800.0,0.0,20413900.0,31551500.0,8902400.0,19954400.0,21938200.0,6010000.0,18015300.0,2286500.0,12792300.0,11942600.0,16807300.0,226553700.0,5054300.0,6296600.0,42110200.0,30281100.0,20367700.0,8095400.0,63557400.0,13540200.0,4848300.0,7519100.0,18997000.0,4425730000.0,0.0,0.0
2024-10-01,31831900.0,4213200.0,23770400.0,749200.0,3675400.0,1791800.0,1836700.0,12490400.0,0.0,28338100.0,45992200.0,11665600.0,12275500.0,30016000.0,4408000.0,13294500.0,3036200.0,15259300.0,13677200.0,19092900.0,302094500.0,7095900.0,7130600.0,52858000.0,42735400.0,14756800.0,4795700.0,72668800.0,11850200.0,4428600.0,7126700.0,16054200.0,4025180000.0,0.0,0.0
2024-10-02,24630400.0,4405600.0,14317800.0,588000.0,3172300.0,1307000.0,1317100.0,10370400.0,0.0,17760200.0,41214300.0,7742100.0,13016500.0,14455400.0,4684400.0,11155500.0,2352400.0,6524700.0,13177800.0,16582300.0,221845900.0,5786000.0,6212700.0,34988900.0,23744000.0,15642600.0,5461800.0,38097800.0,11164400.0,6185500.0,8792700.0,16618300.0,3829050000.0,0.0,0.0
2024-10-03,29598800.0,4528800.0,13072300.0,927100.0,4937700.0,1463200.0,1451900.0,13345600.0,0.0,15073100.0,31147700.0,11556100.0,8820100.0,21353000.0,4791200.0,9374800.0,1802500.0,11581000.0,8312000.0,13686400.0,277118000.0,5090300.0,4794300.0,57196400.0,25337200.0,8922600.0,10266200.0,40846500.0,12555000.0,6036300.0,14026800.0,11640400.0,3597450000.0,0.0,0.0
2024-10-04,44556500.0,4253600.0,17921400.0,611900.0,6878800.0,1940300.0,1516400.0,12473600.0,0.0,19047400.0,40122800.0,8878300.0,7485300.0,27901500.0,5331100.0,12684800.0,2432400.0,14169500.0,10029800.0,19169700.0,243678100.0,4390100.0,6002800.0,62532500.0,30686600.0,10742200.0,9488000.0,42939100.0,9993800.0,5740300.0,12377600.0,11583400.0,3479400000.0,0.0,0.0
2024-10-07,38379900.0,4865200.0,15588300.0,682900.0,4488300.0,1153900.0,1963200.0,9257200.0,0.0,22463100.0,69202500.0,10152600.0,8757000.0,14891800.0,4266000.0,14512000.0,2091800.0,12014200.0,15118200.0,20919800.0,346250200.0,5459500.0,6325300.0,44124800.0,24975100.0,12518500.0,4292100.0,49964700.0,12054200.0,6403600.0,15672300.0,16791600.0,3637790000.0,0.0,0.0
2024-10-08,34730200.0,6247600.0,20774200.0,787500.0,3385100.0,1536200.0,1697900.0,11545200.0,0.0,23072700.0,40947200.0,5975200.0,8995000.0,18118600.0,4766300.0,13549700.0,2038300.0,7857400.0,7052400.0,19229300.0,285722500.0,8297800.0,7473000.0,62542900.0,28272000.0,12438500.0,4310900.0,37398700.0,10394200.0,4942600.0,9002400.0,15270000.0,3393400000.0,0.0,0.0
2024-10-09,33890700.0,7662800.0,25504100.0,470800.0,4187200.0,2876600.0,1956500.0,10137600.0,0.0,31181800.0,42426500.0,6769200.0,6781800.0,18230700.0,6047200.0,9037700.0,1854100.0,9529700.0,6245600.0,14974300.0,246191600.0,7177500.0,8758800.0,86404700.0,24995000.0,10854500.0,7056800.0,37912200.0,11925000.0,5512600.0,9781200.0,12413000.0,3650340000.0,0.0,0.0
2024-10-10,75113600.0,5674800.0,16318000.0,494200.0,2305300.0,2611000.0,1765800.0,31439600.0,0.0,14144100.0,30091700.0,5959000.0,9533300.0,24571400.0,4793900.0,8635200.0,1739500.0,7740400.0,7813200.0,13848400.0,242311300.0,5292400.0,6932300.0,62516300.0,25750400.0,6877000.0,4171200.0,44138100.0,6443800.0,4653900.0,5842500.0,10812700.0,3208790000.0,0.0,0.0
2024-10-11,42136200.0,6737200.0,23070000.0,334500.0,2628500.0,3898700.0,1527300.0,18427200.0,0.0,15344300.0,26970800.0,5394100.0,11705900.0,19950900.0,5253500.0,8786300.0,1775600.0,8587100.0,13891400.0,14144900.0,170209500.0,4720300.0,7036500.0,66206900.0,20644500.0,8278500.0,7317300.0,42268000.0,12163900.0,6545000.0,10896200.0,9570700.0,3208720000.0,0.0,0.0
2024-10-14,31757200.0,4991600.0,17195800.0,326200.0,3248500.0,2081400.0,1431500.0,17896800.0,0.0,19016100.0,12065800.0,3850900.0,10807600.0,19263300.0,5964000.0,7659300.0,2376300.0,8252000.0,11128400.0,16653100.0,232347700.0,4535900.0,5909000.0,41010900.0,26060100.0,14831200.0,9180200.0,36217200.0,11714400.0,5474300.0,12001900.0,9914500.0,3005250000.0,0.0,0.0
2024-10-15,50768000.0,16107600.0,27657500.0,625200.0,5008300.0,3359300.0,1613900.0,15061600.0,0.0,20247200.0,31134400.0,7736900.0,12716400.0,25998800.0,10548000.0,10358700.0,3067100.0,9564200.0,15999200.0,18900200.0,377831000.0,5802300.0,7172200.0,48297000.0,34784500.0,16863600.0,7550100.0,54203600.0,21812700.0,9795900.0,6937800.0,13276200.0,3882120000.0,0.0,0.0
2024-10-16,30575800.0,6859200.0,15285100.0,376100.0,10271200.0,2954200.0,1475500.0,11556800.0,0.0,16406000.0,31626300.0,5041100.0,17236200.0,27656700.0,5982100.0,7937300.0,1821300.0,11268400.0,12772000.0,15508900.0,264879700.0,4400900.0,6117000.0,59157900.0,22996800.0,26303500.0,40323500.0,30725400.0,18689200.0,6210100.0,7574200.0,11123300.0,3467230000.0,0.0,0.0
2024-10-17,29491900.0,5274800.0,25232400.0,397400.0,9245000.0,2143200.0,1321500.0,12313600.0,0.0,21453400.0,46599300.0,5460200.0,13790400.0,18003600.0,4798000.0,14674600.0,3095200.0,8701200.0,11745000.0,14820000.0,306435900.0,4125900.0,7045600.0,34028400.0,27210700.0,14503200.0,21031200.0,34393700.0,62274700.0,7672800.0,11724100.0,9424700.0,3480010000.0,0.0,0.0
2024-10-18,23823000.0,6157600.0,17835200.0,228800.0,6041400.0,1410300.0,1654000.0,11588400.0,0.0,19757700.0,28905600.0,5174700.0,21236800.0,20047400.0,5908000.0,15087500.0,2531200.0,7694300.0,17835200.0,17145300.0,176090200.0,5097000.0,8372500.0,33969000.0,25335000.0,10093100.0,30801600.0,37416800.0,21030800.0,4167800.0,6257300.0,12324100.0,3374490000.0,0.0,0.0
2024-10-21,25781200.0,6289600.0,13695100.0,335500.0,4551300.0,2340500.0,1184900.0,13174000.0,0.0,20946500.0,36341500.0,6633600.0,29875000.0,24243800.0,6082700.0,11981200.0,2404100.0,8171900.0,8559400.0,14206100.0,264554500.0,6436300.0,5522500.0,30719800.0,30336500.0,11021200.0,21010300.0,36439000.0,14820000.0,5974800.0,4314800.0,9750400.0,3407010000.0,0.0,0.0
2024-10-22,34997400.0,9460000.0,12062600.0,624900.0,4841500.0,2006200.0,1189700.0,9036800.0,0.0,16568100.0,35466600.0,5433900.0,21299200.0,15813900.0,5680300.0,18603300.0,5889100.0,8544500.0,4634600.0,25482200.0,226311600.0,3790500.0,7511400.0,27830700.0,26685800.0,10455700.0,17858300.0,34183800.0,11165100.0,9649700.0,5758000.0,12240100.0,3342080000.0,0.0,0.0
2024-10-23,26095900.0,4680400.0,19513700.0,388900.0,6296300.0,3585900.0,2193500.0,12411600.0,0.0,18280500.0,39761500.0,6914300.0,29995900.0,23263500.0,7441600.0,24655200.0,18792000.0,14248400.0,5098800.0,19654400.0,285930000.0,3800700.0,4837800.0,35647000.0,39346600.0,10104900.0,10768100.0,49314600.0,16535700.0,18855300.0,4554600.0,13058200.0,3532650000.0,0.0,0.0
2024-10-24,22877000.0,4452800.0,20485200.0,263400.0,4872500.0,7506100.0,1649600.0,7923600.0,0.0,22412500.0,30163900.0,5486300.0,22086500.0,18381900.0,5386300.0,17568800.0,5522600.0,7184700.0,7745400.0,13581600.0,172354900.0,4244900.0,5861200.0,34079600.0,22024900.0,16684200.0,11891500.0,34979900.0,9935800.0,8149800.0,3317400.0,11645900.0,3543030000.0,0.0,0.0
2024-10-25,29758500.0,4672400.0,19977700.0,331900.0,3510100.0,3806500.0,1425800.0,24183200.0,0.0,19828900.0,35590200.0,6455300.0,25259600.0,23807800.0,6400400.0,11138100.0,8863200.0,11337900.0,7227000.0,16899100.0,205122100.0,4442600.0,4877900.0,50416500.0,38762100.0,10553300.0,13420800.0,47268200.0,13434900.0,6257400.0,3792500.0,8959400.0,3501280000.0,0.0,0.0
2024-10-28,36010100.0,4125600.0,13195800.0,447200.0,4265000.0,2928900.0,912500.0,13859200.0,0.0,32138600.0,31854500.0,5447300.0,31529500.0,19877700.0,4842500.0,10761400.0,6656000.0,10925100.0,6417200.0,14882400.0,173586700.0,5186400.0,5753800.0,36729700.0,20477800.0,8443100.0,27222900.0,30174700.0,20135300.0,4765800.0,5213300.0,7990200.0,3691280000.0,0.0,0.0
2024-10-29,71896000.0,4650400.0,23702300.0,488900.0,2473500.0,2089800.0,1361700.0,13819200.0,0.0,42169000.0,42992200.0,8475400.0,32312900.0,20282200.0,5216900.0,16525900.0,9048900.0,13019100.0,13848400.0,17644100.0,157593600.0,5127900.0,5681000.0,26154700.0,28014100.0,9573300.0,12629200.0,42899700.0,13779100.0,4019800.0,4738600.0,9682400.0,3879100000.0,0.0,0.0
2024-10-30,87701700.0,4227200.0,17911500.0,428100.0,2824600.0,2080800.0,1412200.0,8335200.0,0.0,68890800.0,28728700.0,6341100.0,23685200.0,19754800.0,5820500.0,14177800.0,4924000.0,26864900.0,13784200.0,29749100.0,179418100.0,4801500.0,5518100.0,31309200.0,29756000.0,9128500.0,12803400.0,41435800.0,10007800.0,3529500.0,4166500.0,9268800.0,3851120000.0,0.0,0.0
2024-10-31,44386600.0,9374000.0,26086600.0,877500.0,4988900.0,1541900.0,1771900.0,13902800.0,0.0,44769000.0,43194600.0,8662900.0,22506900.0,24078400.0,8613900.0,13383700.0,4277400.0,26838400.0,9250800.0,53971000.0,270039600.0,5582400.0,6056500.0,50973400.0,41245200.0,13057500.0,9810800.0,60182500.0,13062700.0,5806500.0,4073500.0,15539000.0,4425660000.0,0.0,0.0
2024-11-01,39027400.0,5255600.0,17847000.0,600500.0,4298100.0,2232800.0,1625200.0,11903600.0,0.0,31796500.0,44045700.0,15659500.0,15847000.0,21222200.0,5256400.0,12163100.0,4131800.0,15303200.0,12650200.0,24230400.0,207127800.0,6339000.0,5454800.0,33722500.0,33655800.0,11010800.0,9940300.0,45667500.0,12691200.0,5008300.0,5979600.0,12181800.0,3796450000.0,0.0,0.0
2024-11-04,29117400.0,4616400.0,13621300.0,479000.0,4587700.0,2401000.0,1576700.0,9287600.0,0.0,21492700.0,27291200.0,8179300.0,12424200.0,20463700.0,4644000.0,10984500.0,2583100.0,12064600.0,17405600.0,19672300.0,187528200.0,4885500.0,5130200.0,75413300.0,23291600.0,7701600.0,8202100.0,38217000.0,10917300.0,4637700.0,10742700.0,11731000.0,3602060000.0,0.0,0.0
2024-11-05,27067300.0,4590400.0,13441800.0,656100.0,2903300.0,2877300.0,1622300.0,9040000.0,0.0,18242100.0,31611900.0,8118500.0,12942800.0,26404600.0,6547100.0,8780200.0,3032100.0,9775400.0,9300200.0,17626000.0,160537400.0,3678300.0,4397400.0,208868200.0,24353600.0,8554000.0,5062300.0,39478300.0,10339200.0,4133600.0,6438800.0,10612500.0,3768310000.0,0.0,0.0
2024-11-06,32911500.0,7345600.0,24300800.0,723900.0,5921400.0,3327200.0,2437400.0,16910800.0,0.0,33695500.0,43173100.0,15261400.0,20834500.0,75554600.0,8926600.0,22899300.0,4646400.0,18305400.0,13862000.0,26681800.0,242043900.0,7849300.0,11473700.0,114255900.0,43082200.0,17747300.0,10502500.0,68182000.0,19834900.0,7598500.0,7411300.0,19974000.0,6329530000.0,0.0,0.0
2024-11-07,30326400.0,13025200.0,18970600.0,832600.0,5817000.0,3783900.0,2145500.0,14300800.0,0.0,25352900.0,51325800.0,15674000.0,70733400.0,34970300.0,7522800.0,14856100.0,3357400.0,14653700.0,23405400.0,19901800.0,207323300.0,5333500.0,9056700.0,121591200.0,32853100.0,15823800.0,12204200.0,47233200.0,14865200.0,7696700.0,14877300.0,12665800.0,4925740000.0,0.0,0.0
2024-11-08,27560300.0,25313600.0,13503200.0,3967000.0,4050800.0,2269400.0,3277100.0,11382800.0,0.0,22006200.0,30543400.0,12335300.0,64845200.0,26597800.0,8926100.0,14719300.0,3279100.0,9415700.0,20852400.0,16891400.0,175665800.0,4618300.0,7506200.0,84124000.0,22924500.0,17769100.0,24689200.0,46444900.0,13112100.0,4621500.0,9826100.0,14396500.0,4666740000.0,0.0,0.0
2024-11-11,29868100.0,11624800.0,17036700.0,1792700.0,3139600.0,2552300.0,2181800.0,13381600.0,0.0,17450400.0,11008700.0,3980000.0,35693700.0,29207700.0,7146800.0,13980900.0,2872400.0,10209100.0,14870800.0,24503300.0,182325600.0,3762000.0,6364400.0,108357800.0,24167500.0,27297200.0,16073600.0,37586800.0,16610000.0,6556500.0,7850400.0,10433200.0,4333000000.0,0.0,0.0
2024-11-12,33560300.0,12885600.0,15862000.0,1390100.0,6283200.0,1794200.0,1691400.0,12734800.0,0.0,25134900.0,44594900.0,8037600.0,28019200.0,35314300.0,7181400.0,15021000.0,2452900.0,16287700.0,14914000.0,19401200.0,198634700.0,5386600.0,6507500.0,59061300.0,25835300.0,25153600.0,14941500.0,43006100.0,11819000.0,6110700.0,5314700.0,12860200.0,4243400000.0,0.0,0.0
2024-11-13,35146600.0,12063600.0,17472500.0,850600.0,5121300.0,2377800.0,1757600.0,18982800.0,0.0,23184000.0,33873600.0,6661800.0,41306100.0,25947700.0,7161900.0,13177600.0,2327100.0,10757600.0,9053200.0,21502200.0,191903300.0,4145000.0,5412300.0,85937400.0,24567400.0,121001300.0,16784300.0,47388600.0,13882200.0,4591000.0,3863200.0,12802600.0,4220180000.0,0.0,0.0
2024-11-14,31681400.0,11496800.0,20638900.0,727300.0,3413200.0,2331900.0,1859900.0,10328400.0,0.0,31007500.0,32749300.0,7510000.0,35122500.0,29272100.0,7716400.0,15910800.0,1932600.0,11053700.0,17882400.0,30246900.0,194463300.0,5422700.0,7444300.0,59968200.0,28679500.0,45509000.0,12614400.0,38904100.0,11453900.0,5020200.0,3230200.0,15740700.0,4184570000.0,0.0,0.0
2024-11-15,44217500.0,12047200.0,20836200.0,682800.0,10937800.0,3182200.0,2269900.0,13842000.0,0.0,32504600.0,33709500.0,16761500.0,37576000.0,37930000.0,11328500.0,26284300.0,4039400.0,17712900.0,21212200.0,28247600.0,250132900.0,9108900.0,9939400.0,155280400.0,51461100.0,42280000.0,8955300.0,75988800.0,9834800.0,6155000.0,3562100.0,17370600.0,4590960000.0,0.0,0.0
2024-11-18,38705400.0,10448400.0,17856900.0,669600.0,6850400.0,2774300.0,1797300.0,9537600.0,0.0,20135300.0,27780900.0,4788200.0,54116400.0,29368500.0,7510600.0,16062100.0,2865000.0,14327300.0,14511400.0,24727000.0,221205300.0,6991300.0,6681000.0,136663100.0,27080800.0,29097900.0,13086300.0,37001700.0,10681500.0,7583700.0,5744000.0,25093800.0,3983860000.0,0.0,0.0
2024-11-19,23131400.0,12958800.0,18003400.0,1064600.0,4948900.0,2234200.0,1690500.0,12678000.0,0.0,23434900.0,34523200.0,4951500.0,30086600.0,26009400.0,8233700.0,16254800.0,2353300.0,9522400.0,6922000.0,18133500.0,227834900.0,8248900.0,5683700.0,75557800.0,24523000.0,28809600.0,9722600.0,49412000.0,9390100.0,14850300.0,6372400.0,36340900.0,4036940000.0,0.0,0.0
2024-11-20,28843100.0,7866400.0,17196700.0,572300.0,4440400.0,1758300.0,1452100.0,9999600.0,0.0,18997100.0,19934000.0,5752900.0,28874800.0,24222700.0,9061300.0,18904900.0,2524600.0,9797300.0,7667800.0,19191700.0,309871700.0,5067300.0,7081100.0,59182200.0,29565500.0,17269700.0,8739800.0,50032600.0,10624500.0,10605600.0,4446700.0,18183200.0,3772620000.0,0.0,0.0
2024-11-21,29311400.0,13185600.0,24835300.0,885100.0,6295800.0,3552100.0,2320500.0,18215600.0,0.0,59734400.0,28040000.0,5098200.0,43881800.0,28679400.0,10141100.0,17292300.0,4475700.0,11154700.0,9692600.0,20780200.0,400946600.0,5977000.0,6240400.0,56336700.0,34526700.0,28114900.0,11882000.0,46750300.0,18137300.0,10137200.0,7868500.0,18729200.0,4230120000.0,0.0,0.0
2024-11-22,21784700.0,7649600.0,17332500.0,698900.0,3873500.0,3258200.0,2078700.0,13770000.0,0.0,38604600.0,29564900.0,5373900.0,28146300.0,22693100.0,8266000.0,19562200.0,2879100.0,9164000.0,5523200.0,24814600.0,236406200.0,5846300.0,10609800.0,61381700.0,23826600.0,28378000.0,11893200.0,38226400.0,8838900.0,4944000.0,6993300.0,23990600.0,4141420000.0,0.0,0.0
2024-11-25,30923100.0,9612000.0,26850600.0,1499700.0,3792600.0,2446600.0,3240900.0,20091200.0,0.0,33135300.0,35003000.0,7716000.0,31379300.0,33534000.0,12256200.0,36805300.0,5021800.0,13599800.0,13424000.0,27691100.0,344941900.0,8580400.0,19357000.0,80640500.0,26375200.0,40883200.0,11298900.0,42441400.0,14380000.0,10649700.0,7673800.0,25078600.0,5633150000.0,0.0,0.0
2024-11-26,32092400.0,8479200.0,16308800.0,619200.0,3037400.0,1610700.0,1438000.0,27805200.0,0.0,20486700.0,41103500.0,5093100.0,22521800.0,22581400.0,5683500.0,14473300.0,2254200.0,10356600.0,8823000.0,23458900.0,190287700.0,4653600.0,6276700.0,46923600.0,26557100.0,41464100.0,8647700.0,45621300.0,10186600.0,7680900.0,5331100.0,16657000.0,3835170000.0,0.0,0.0
2024-11-27,30175300.0,6823600.0,19722700.0,505600.0,2241000.0,3868500.0,1499500.0,43230800.0,0.0,19266500.0,30239600.0,5587600.0,24277900.0,19472800.0,4140400.0,13263400.0,2240300.0,7200200.0,6242000.0,18332400.0,226370900.0,3622900.0,5522900.0,53839900.0,24957400.0,26623100.0,10872100.0,34000200.0,9895200.0,7384600.0,4819900.0,14358900.0,3363340000.0,0.0,0.0
2024-11-29,16085700.0,5131600.0,11024000.0,397600.0,2813800.0,1006800.0,1095900.0,9702000.0,0.0,14257200.0,25037800.0,5136200.0,23227400.0,16782700.0,5687800.0,10648400.0,1655900.0,7130500.0,6862200.0,16271900.0,141863200.0,2799300.0,3823700.0,30104000.0,15334000.0,19870500.0,11582300.0,30177400.0,8045300.0,3018300.0,2475800.0,11041200.0,2444420000.0,0.0,0.0
2024-12-02,33102400.0,5328000.0,21472400.0,866800.0,3098300.0,1831400.0,1955800.0,21861200.0,0.0,23789100.0,32387400.0,5950600.0,28440400.0,25274800.0,6946500.0,16500100.0,3149900.0,12522400.0,11365600.0,20207200.0,171682800.0,4967400.0,5728200.0,46405000.0,25147200.0,41206900.0,9770100.0,31746000.0,16646900.0,5331900.0,4843800.0,17173000.0,4412470000.0,0.0,0.0
2024-12-03,22665300.0,7181200.0,17024400.0,1383700.0,2748900.0,2324500.0,1653900.0,14327600.0,0.0,22248700.0,24868500.0,5364800.0,20329100.0,21376700.0,8674400.0,24874500.0,3031000.0,14907200.0,10756400.0,18302000.0,164414000.0,4277400.0,8127300.0,100751400.0,18597900.0,30532400.0,11204800.0,26906600.0,11217700.0,7607800.0,3898800.0,17775200.0,4095000000.0,0.0,0.0
2024-12-04,25942700.0,5845900.0,32748200.0,924900.0,2794600.0,1923800.0,1784700.0,20255600.0,0.0,31615100.0,22733500.0,5908800.0,17219600.0,19903000.0,10333100.0,28137700.0,3742500.0,14697000.0,8071600.0,26009400.0,231224300.0,6964600.0,6823500.0,86284800.0,26086200.0,23047100.0,9122100.0,42787600.0,12761100.0,5222800.0,5327200.0,17312600.0,4003390000.0,0.0,0.0
2024-12-05,29576900.0,6967000.0,18490000.0,732400.0,3689000.0,1573800.0,2089400.0,12764800.0,0.0,21356200.0,23106300.0,5210300.0,28954000.0,20227000.0,7898100.0,21040400.0,2594800.0,8081200.0,9355200.0,21697800.0,172621200.0,5229600.0,5022200.0,66585800.0,18169600.0,19910400.0,9114200.0,28762200.0,12483700.0,11214600.0,3554200.0,21932300.0,4212020000.0,0.0,0.0
2024-12-06,33576800.0,10017900.0,27830800.0,938600.0,3483500.0,2271600.0,1737300.0,12952400.0,0.0,21462400.0,29931300.0,6880200.0,19783600.0,20760900.0,8389600.0,15581100.0,4158700.0,16935500.0,7874400.0,18821000.0,188505600.0,8359200.0,5741200.0,93640900.0,23762600.0,19915400.0,8153700.0,31241500.0,9672900.0,4552300.0,3220400.0,18803500.0,3924830000.0,0.0,0.0
2024-12-09,57055600.0,6800700.0,20886300.0,1177500.0,5459500.0,2126800.0,1855500.0,11410400.0,0.0,25389600.0,22095100.0,4303100.0,22414900.0,16684300.0,8410300.0,22348300.0,2391600.0,11426000.0,11989000.0,19144400.0,189308600.0,8380400.0,7164300.0,168134800.0,20674400.0,27871000.0,8512800.0,34742700.0,9699700.0,8959200.0,6844200.0,20931100.0,4556460000.0,0.0,0.0
2024-12-10,38907200.0,4595200.0,27762600.0,928100.0,5823000.0,1635100.0,1556800.0,9677200.0,0.0,54813000.0,27195200.0,3543400.0,25017800.0,19946500.0,9398700.0,14949400.0,3523000.0,10938900.0,8487200.0,18469500.0,210020900.0,5329400.0,6219900.0,89672500.0,24350000.0,12573000.0,9025000.0,37234500.0,15307900.0,6682900.0,7109700.0,13164500.0,4048410000.0,0.0,0.0
2024-12-11,45588100.0,4790500.0,41295200.0,639200.0,3118000.0,1299600.0,1903600.0,14115600.0,0.0,67894100.0,24730000.0,6452800.0,36443900.0,23156900.0,13446700.0,32819000.0,3037600.0,10837200.0,6877600.0,19200200.0,184905200.0,7925900.0,5237500.0,89477700.0,32168600.0,14544800.0,10024500.0,28677700.0,9027600.0,4269500.0,6209300.0,19682100.0,4269950000.0,0.0,0.0
2024-12-12,34267100.0,4411800.0,46967200.0,667200.0,4413800.0,1447200.0,2344300.0,8759200.0,0.0,34817500.0,29081600.0,4518000.0,21879500.0,21454500.0,6176300.0,17542100.0,2040700.0,7474700.0,8548800.0,20834800.0,159211400.0,6849500.0,4072800.0,73859700.0,23577500.0,13386700.0,9630200.0,31543800.0,7944900.0,3265000.0,3703000.0,14298600.0,3678010000.0,0.0,0.0
2024-12-13,67544700.0,9338600.0,121336600.0,557700.0,3750800.0,4118800.0,2951900.0,12476000.0,0.0,25143500.0,34201100.0,5230100.0,24677300.0,23972900.0,8324900.0,13429000.0,2547600.0,8453300.0,9390600.0,20177800.0,231514900.0,4353900.0,3884500.0,76172800.0,28780400.0,18758500.0,6403300.0,35904700.0,19477000.0,11623200.0,4016400.0,11495900.0,3584960000.0,0.0,0.0
2024-12-16,42090300.0,10455700.0,111623200.0,1741600.0,3156900.0,2110600.0,2581300.0,20727200.0,0.0,44934900.0,22269000.0,4607600.0,42539400.0,32293500.0,8732400.0,24559700.0,3179900.0,10885600.0,8755600.0,23598800.0,237951100.0,6696500.0,5943600.0,126099600.0,31979900.0,19543700.0,8640100.0,43695200.0,15139300.0,4849100.0,4801300.0,16742000.0,4391100000.0,0.0,0.0
2024-12-17,43314900.0,7868400.0,70382100.0,1497300.0,3681900.0,1561200.0,2050200.0,15560000.0,0.0,43504000.0,29039500.0,4881100.0,31560500.0,33064300.0,10343000.0,21902400.0,3295800.0,12897800.0,9287600.0,22733500.0,259410300.0,6572600.0,6069200.0,75469400.0,28579100.0,15278000.0,7752600.0,55773500.0,11169400.0,5869200.0,5475200.0,23560800.0,4544500000.0,0.0,0.0
2024-12-18,49724400.0,6427300.0,53960100.0,1614000.0,3947600.0,2639200.0,2725300.0,19297600.0,0.0,34166100.0,80034500.0,11553900.0,37488600.0,52267500.0,9336100.0,20946100.0,3800900.0,17075500.0,9605200.0,24444500.0,277444500.0,7620900.0,7517100.0,109643400.0,54703200.0,21660900.0,15219300.0,108248700.0,14721100.0,6554000.0,5690600.0,24665600.0,5246960000.0,0.0,0.0
2024-12-19,46160700.0,6365100.0,40845200.0,1316300.0,3664200.0,1700300.0,2610800.0,17503600.0,0.0,32265200.0,69005700.0,9273800.0,27705800.0,51871700.0,9516700.0,21300600.0,3438500.0,14958100.0,14377000.0,22963700.0,209719200.0,9829500.0,8585200.0,99524300.0,46441800.0,15541800.0,9441800.0,85919500.0,10553400.0,6615500.0,7554400.0,16606500.0,4896880000.0,0.0,0.0
2024-12-20,53591200.0,10434400.0,131910400.0,7032800.0,3553800.0,2059000.0,5373800.0,20884400.0,0.0,63462900.0,63276200.0,6070900.0,47711400.0,53882200.0,17702800.0,42458100.0,7678000.0,48989400.0,22822600.0,64263700.0,306528600.0,19205200.0,21999300.0,281230800.0,60530000.0,25072900.0,9671200.0,125716700.0,16170100.0,8720800.0,8735100.0,49350600.0,8223220000.0,0.0,0.0
2024-12-23,47777900.0,3854300.0,40643800.0,626700.0,1846000.0,1512200.0,1856800.0,11009200.0,0.0,25675000.0,29239400.0,5954500.0,27057200.0,29606800.0,8720800.0,13010800.0,2492200.0,10205800.0,7701200.0,19152500.0,176053500.0,6822200.0,6983900.0,93819500.0,29672800.0,14463700.0,5377300.0,57635800.0,17847000.0,4161500.0,2871400.0,26205400.0,3593280000.0,0.0,0.0
2024-12-24,24829600.0,2044600.0,22827200.0,260500.0,1257100.0,881000.0,939000.0,5158800.0,0.0,10403300.0,11926100.0,3076100.0,18418400.0,13399600.0,3164100.0,5019100.0,1461000.0,4726100.0,4054600.0,7164500.0,105157000.0,3399800.0,2460800.0,64983300.0,17558200.0,8689600.0,5321500.0,33160100.0,7634500.0,1725800.0,1642700.0,8992400.0,1757720000.0,0.0,0.0
2024-12-26,24998200.0,3082200.0,28459000.0,525800.0,1246600.0,863000.0,969000.0,4926000.0,0.0,12046600.0,18384900.0,3703300.0,24726600.0,20024800.0,4656300.0,7943800.0,1433900.0,6081400.0,5842400.0,8194200.0,116205600.0,5528500.0,3629400.0,60377100.0,19090500.0,19997600.0,7286000.0,41219100.0,8044900.0,2188900.0,1928000.0,10994000.0,2904530000.0,0.0,0.0
2024-12-27,32924000.0,3178100.0,29282200.0,392100.0,1921500.0,1449200.0,1943400.0,13381600.0,0.0,18891400.0,20631800.0,3752500.0,22491400.0,26956000.0,5588300.0,8542800.0,1617200.0,8084200.0,6462400.0,18117700.0,170582600.0,4287000.0,4367900.0,66975900.0,33839600.0,15559200.0,9949900.0,64969300.0,10664400.0,3813100.0,3214700.0,11384400.0,3159610000.0,0.0,0.0
2024-12-30,30501600.0,3527800.0,27316800.0,648900.0,2073300.0,1099300.0,1881200.0,9861600.0,0.0,14264700.0,20659200.0,4797700.0,17610900.0,25706100.0,6268700.0,8972200.0,1936700.0,7025900.0,7627200.0,13158700.0,167734700.0,5397000.0,4354500.0,60850900.0,34584000.0,13775600.0,8921900.0,56578800.0,11235200.0,3663200.0,4930600.0,9790200.0,3433250000.0,0.0,0.0
2024-12-31,30203400.0,3422200.0,17927700.0,510300.0,2823100.0,1555700.0,1742900.0,8948800.0,0.0,17466900.0,18664900.0,5856000.0,15311400.0,26208300.0,5811400.0,9256700.0,1915600.0,6019500.0,7622000.0,13246500.0,155659200.0,4274800.0,3957600.0,56267900.0,29117000.0,13084800.0,7136700.0,57052700.0,6427900.0,3431600.0,2761600.0,11267700.0,3128350000.0,0.0,0.0
2025-01-02,34256200.0,4687300.0,31525800.0,516500.0,3766900.0,1351300.0,1765100.0,10852000.0,0.0,20370800.0,30415400.0,5034800.0,22986200.0,29363000.0,6051300.0,12991000.0,3117000.0,12682300.0,7692800.0,16896500.0,198247200.0,4970200.0,5401700.0,72217200.0,36389800.0,13792700.0,7225900.0,50204000.0,10951400.0,4808000.0,6169600.0,14820400.0,3621680000.0,0.0,0.0
2025-01-03,36785300.0,5051100.0,24973200.0,434600.0,3172400.0,1099600.0,1612200.0,10645600.0,0.0,18596200.0,32611000.0,2863700.0,28235500.0,24525300.0,5878800.0,10403200.0,2240100.0,11436800.0,7473400.0,16662900.0,229322500.0,5218100.0,5256600.0,62415000.0,29059500.0,22114700.0,10461200.0,37888500.0,10261900.0,7696700.0,8762600.0,10834600.0,3667340000.0,0.0,0.0
2025-01-06,48020200.0,10098200.0,34028400.0,1614500.0,3869100.0,2004900.0,1970400.0,11596800.0,0.0,29563600.0,32110000.0,3894600.0,23299900.0,23541900.0,7910500.0,17924200.0,2838900.0,14560800.0,7555600.0,20573600.0,265377400.0,9470600.0,8731700.0,105619500.0,36109700.0,22305400.0,15193000.0,47679400.0,24339900.0,9688500.0,7406900.0,14519900.0,4940120000.0,0.0,0.0
2025-01-07,39220400.0,6768700.0,25928600.0,935300.0,4473800.0,2110900.0,1888000.0,10587200.0,0.0,26487200.0,43790200.0,5524400.0,27090300.0,28835200.0,8422000.0,17799600.0,3419500.0,12071500.0,9786200.0,18139100.0,351782200.0,7473300.0,8447400.0,91727300.0,36690300.0,19138800.0,11266700.0,60393100.0,17010000.0,7258000.0,5258700.0,11238000.0,4517330000.0,0.0,0.0
2025-01-08,46723100.0,5374300.0,18756500.0,590300.0,5201400.0,2648700.0,1774800.0,10199200.0,0.0,24864800.0,35304900.0,6402900.0,128343800.0,26795900.0,11175600.0,14412400.0,2724200.0,10085800.0,6333400.0,15054600.0,227349900.0,6791800.0,4974800.0,91349500.0,30777800.0,18750200.0,9006800.0,47304700.0,13262700.0,4115800.0,7198700.0,13453600.0,4441740000.0,0.0,0.0
2025-01-09,,,,,,,,,0.0,,,,,,,,,,,,,,,,,,,,,,,,,,
2025-01-10,59415600.0,5374900.0,23864000.0,482800.0,3644200.0,3070200.0,2765800.0,11326800.0,0.0,26665200.0,37417300.0,8210900.0,69769800.0,37379400.0,8821500.0,22425000.0,3946000.0,19256600.0,13412200.0,20201100.0,207602500.0,9632700.0,8501500.0,78148600.0,40532500.0,15340000.0,7177700.0,73105000.0,17265200.0,5205600.0,9743400.0,18140900.0,4751930000.0,0.0,0.0
2025-01-13,39128900.0,5380300.0,23772100.0,422400.0,2925900.0,2711200.0,1693800.0,13351600.0,0.0,21823700.0,39180700.0,5094300.0,52751700.0,28603800.0,10376400.0,18016200.0,3394300.0,10785000.0,11269400.0,17604800.0,204808900.0,8101400.0,6772200.0,69046300.0,31694200.0,18040200.0,7403900.0,47910100.0,16612400.0,6856600.0,6289200.0,18617100.0,4421200000.0,0.0,0.0
2025-01-14,37005300.0,6419500.0,18143100.0,509000.0,2307000.0,2401300.0,1683800.0,10141200.0,0.0,17174900.0,29581100.0,4365500.0,43673200.0,25447500.0,8681700.0,16658300.0,2238900.0,13598000.0,7584400.0,16935900.0,195590500.0,6996400.0,5982200.0,56814900.0,33737200.0,13862800.0,5023600.0,48420600.0,14182900.0,6231600.0,7486300.0,13549200.0,4142280000.0,0.0,0.0
2025-01-15,38185800.0,7187900.0,21745600.0,702100.0,2366800.0,2911700.0,1839400.0,11528400.0,0.0,21776000.0,53574900.0,7846600.0,74872100.0,30124700.0,7434600.0,16187200.0,2867800.0,15524300.0,17406000.0,19637800.0,185217300.0,7141600.0,8059200.0,56025800.0,34957600.0,15252200.0,6835700.0,56900200.0,18286500.0,4268100.0,7817300.0,17348200.0,4544570000.0,0.0,0.0
2025-01-16,29414100.0,6224700.0,23471900.0,466000.0,3343600.0,3476900.0,1353000.0,9779600.0,0.0,17815400.0,32363000.0,7550900.0,46324600.0,21029800.0,8964000.0,12585500.0,3403700.0,8355300.0,13699800.0,15300000.0,209235600.0,5068000.0,5774400.0,62908700.0,28229000.0,10860200.0,6261600.0,43319700.0,38539600.0,4427700.0,5772000.0,13267700.0,4285810000.0,0.0,0.0
2025-01-17,35765900.0,5812900.0,31196600.0,533600.0,6237000.0,2650300.0,2375000.0,19662000.0,0.0,27735100.0,29546400.0,3912800.0,30697700.0,26754900.0,10773100.0,17948900.0,3312800.0,17280600.0,23598800.0,26197500.0,201188800.0,7338900.0,7262700.0,54754000.0,51837900.0,14068300.0,11100600.0,58070600.0,21606100.0,4915100.0,8263500.0,15868200.0,4366830000.0,0.0,0.0
2025-01-21,31578800.0,6366600.0,30903200.0,531100.0,4616000.0,3684600.0,2042400.0,10744000.0,0.0,29971300.0,32962700.0,4431300.0,35231900.0,26086300.0,11111700.0,19817100.0,3858600.0,11674000.0,19388000.0,26085700.0,197749000.0,7456200.0,13914700.0,56229000.0,23628000.0,62027700.0,14810800.0,42532900.0,19061300.0,7427400.0,10678200.0,23247500.0,4702920000.0,0.0,0.0
2025-01-22,35023800.0,9751400.0,29610500.0,362100.0,6868300.0,4909700.0,2155000.0,14435600.0,0.0,26200600.0,25028500.0,3656400.0,26440200.0,21307300.0,16834700.0,18191900.0,3660600.0,12274000.0,15763200.0,27803800.0,237651400.0,5905100.0,14356700.0,66876400.0,33593000.0,27902200.0,10858600.0,48196000.0,17294500.0,9963900.0,9003500.0,15567100.0,4323040000.0,0.0,0.0
2025-01-23,24921100.0,5866800.0,17653900.0,368600.0,4711200.0,2734500.0,1352400.0,9516000.0,0.0,26951400.0,27434800.0,4860900.0,17140800.0,20850700.0,10506400.0,16528400.0,2279400.0,9910200.0,12859600.0,18389300.0,155915500.0,4759100.0,7614300.0,55937900.0,23096600.0,23888100.0,22725200.0,41152100.0,8986800.0,7579300.0,10217800.0,14198400.0,4432250000.0,0.0,0.0
2025-01-24,31570300.0,7969100.0,25387800.0,309800.0,6097500.0,2410200.0,1562400.0,9126800.0,0.0,23877500.0,23648600.0,4468700.0,19665900.0,19074500.0,9887300.0,19244600.0,2523000.0,19065300.0,18088000.0,15549500.0,234657600.0,4509600.0,6199800.0,77931900.0,19878300.0,23878600.0,14408300.0,34604700.0,13183800.0,8530300.0,5265600.0,14973800.0,4214250000.0,0.0,0.0
2025-01-27,61067900.0,33282600.0,90569400.0,458300.0,14256500.0,17004700.0,3044700.0,15134000.0,0.0,41728900.0,28540600.0,4297100.0,21461100.0,27461700.0,15152300.0,20742900.0,4343000.0,28399200.0,20224400.0,35647800.0,818830900.0,9820600.0,9170800.0,76093300.0,60771700.0,17477200.0,25701100.0,70361100.0,68667500.0,47118800.0,32356900.0,18880600.0,5198750000.0,0.0,0.0
2025-01-28,40554800.0,20683600.0,50316000.0,548200.0,7245500.0,8526900.0,2166400.0,32988800.0,0.0,24157900.0,30439900.0,3906600.0,15725200.0,16847400.0,10320600.0,14956000.0,3180100.0,20950100.0,12760600.0,23491700.0,579666400.0,6349700.0,6716300.0,65916700.0,33194200.0,16086900.0,16903700.0,44433300.0,31738800.0,24199200.0,20931000.0,14641600.0,4473640000.0,0.0,0.0
2025-01-29,40199100.0,13131700.0,32533700.0,422400.0,5188700.0,8028000.0,1713700.0,17118000.0,0.0,18218300.0,20072100.0,4918400.0,13098600.0,20280500.0,7156400.0,11325600.0,2358300.0,21377800.0,14167200.0,23581400.0,467120600.0,4874100.0,4850300.0,49262200.0,26649000.0,12874500.0,14534800.0,37177400.0,15199500.0,17317300.0,14323400.0,11261400.0,4115310000.0,0.0,0.0
2025-01-30,29788400.0,12583800.0,42449500.0,536700.0,5231800.0,10280600.0,1788200.0,11140800.0,0.0,24354700.0,34495300.0,4365600.0,12505500.0,25575100.0,8911000.0,13201000.0,2125200.0,29322900.0,10688600.0,54586300.0,392925500.0,4671300.0,4136500.0,46067500.0,27431300.0,19556500.0,13956000.0,39281300.0,13539000.0,13358600.0,18034800.0,11012200.0,4634620000.0,0.0,0.0
2025-01-31,40463400.0,10350700.0,41104700.0,611300.0,3819000.0,11221300.0,1873800.0,12483200.0,0.0,32001100.0,37101100.0,6277400.0,20046600.0,35330700.0,8457800.0,12096800.0,2556500.0,19303900.0,9875000.0,34161900.0,388161100.0,4905500.0,5464700.0,78731000.0,38755200.0,20632300.0,19622400.0,66566900.0,15746900.0,11188000.0,12159400.0,16391200.0,4843770000.0,0.0,0.0
2025-02-03,34586100.0,10210900.0,24507300.0,1001800.0,5044300.0,8356500.0,2751000.0,14220800.0,0.0,27838300.0,29965100.0,8294000.0,16578800.0,34023300.0,6687500.0,12067900.0,3048800.0,21415700.0,12351200.0,25679100.0,371235700.0,7196200.0,8668600.0,126592700.0,40580800.0,18884700.0,13391100.0,65857200.0,17719800.0,10950400.0,9849800.0,20484200.0,4797210000.0,0.0,0.0
2025-02-04,69412100.0,6112800.0,23768500.0,511500.0,3453900.0,5376000.0,2001600.0,11462800.0,0.0,43856400.0,28938600.0,6742300.0,16434500.0,17985500.0,9645000.0,15678000.0,2976900.0,13826300.0,18416400.0,20532100.0,256550000.0,12804900.0,6410900.0,230806800.0,26046800.0,17138200.0,10229700.0,33457800.0,12692900.0,7636300.0,5652700.0,15201200.0,4410160000.0,0.0,0.0
2025-02-05,110385200.0,6427400.0,29196000.0,459700.0,3534900.0,8512100.0,2047600.0,12434400.0,0.0,70373900.0,31834000.0,6576300.0,13473000.0,15197300.0,8947000.0,10686800.0,2362900.0,17778200.0,15210400.0,16316700.0,262230800.0,9248100.0,7536800.0,90628300.0,21134100.0,15116200.0,15125200.0,30653100.0,10997800.0,8100300.0,7017700.0,15926700.0,4756250000.0,0.0,0.0
2025-02-06,50426600.0,5434100.0,21169500.0,559200.0,3297000.0,9273200.0,2218000.0,9653200.0,0.0,29297400.0,24224100.0,5268500.0,10405900.0,18809400.0,7418100.0,13423400.0,3590000.0,13080700.0,9156400.0,16309800.0,251483600.0,5604900.0,4957900.0,128217500.0,19434500.0,15384000.0,10217500.0,35771500.0,8491400.0,5610600.0,5943800.0,13088500.0,4847120000.0,0.0,0.0
2025-02-07,46082500.0,8744100.0,22117500.0,556200.0,3547300.0,5205700.0,1632900.0,14006000.0,0.0,49315000.0,28778200.0,4565300.0,15951700.0,28914400.0,6204900.0,13184700.0,2858000.0,16427100.0,9268800.0,22886800.0,228186300.0,5872300.0,4535600.0,143795400.0,29605500.0,19260100.0,20254400.0,50788500.0,11616200.0,6041100.0,6438600.0,12451100.0,4766900000.0,0.0,0.0
2025-02-10,34905400.0,5122500.0,23901600.0,432400.0,2631600.0,3369300.0,2036900.0,9035200.0,0.0,23105600.0,23382600.0,3229100.0,13666900.0,14574700.0,6936200.0,16154300.0,8052000.0,12904300.0,14228800.0,20817900.0,216989100.0,8715400.0,7062900.0,99938100.0,20852800.0,27264800.0,13740400.0,26048700.0,9296500.0,7773300.0,5726400.0,15274600.0,4458760000.0,0.0,0.0
2025-02-11,35033800.0,5748800.0,18476200.0,421500.0,3206000.0,2682900.0,1748500.0,9295200.0,0.0,21239500.0,24410000.0,3379500.0,15568800.0,18215700.0,7554500.0,30589100.0,4180400.0,12998000.0,6282200.0,18140600.0,178902400.0,6354000.0,5438100.0,94311700.0,19325500.0,20244700.0,8989400.0,30056700.0,9224500.0,9012300.0,4000000.0,11953600.0,4324880000.0,0.0,0.0
2025-02-12,25319700.0,13595100.0,16397300.0,495800.0,3038000.0,3326700.0,1662300.0,8044000.0,0.0,22072600.0,34362700.0,7280200.0,11894500.0,25572800.0,7746000.0,26033800.0,3110200.0,12016500.0,5392400.0,19121700.0,160278600.0,6658200.0,6037400.0,75316900.0,25009400.0,15500000.0,9229300.0,45076100.0,7373700.0,21298100.0,5265400.0,15162100.0,4627960000.0,0.0,0.0
2025-02-13,40911800.0,9614200.0,20962000.0,356100.0,4539400.0,3855800.0,1623300.0,14725200.0,0.0,21402500.0,36149900.0,6121900.0,14220200.0,21419400.0,10704700.0,24393100.0,3096800.0,12569100.0,11445000.0,23891700.0,197430000.0,7175300.0,6328300.0,60027000.0,28714800.0,18636400.0,13010600.0,40921300.0,15580900.0,14407500.0,7820700.0,12604400.0,4763800000.0,0.0,0.0
2025-02-14,32477200.0,12230800.0,16988800.0,694100.0,5179500.0,2710500.0,1410700.0,11382000.0,0.0,20448400.0,26668300.0,5157900.0,8178200.0,13574500.0,6411800.0,20779100.0,2674400.0,16901200.0,12214200.0,22758500.0,195479600.0,5001800.0,13179500.0,65528900.0,17862600.0,15313000.0,9566200.0,26910400.0,23220300.0,7157300.0,5713300.0,14109500.0,4335190000.0,0.0,0.0
2025-02-18,31720300.0,20867700.0,26080500.0,1318700.0,4688000.0,3555200.0,2090600.0,11013600.0,0.0,29916700.0,23274200.0,4484100.0,20116100.0,15166500.0,9670700.0,15569100.0,3367800.0,21938700.0,16147000.0,21423100.0,219176600.0,8738700.0,7075300.0,84227200.0,20565000.0,20977200.0,10860700.0,26749000.0,14988100.0,6717700.0,5963700.0,18247300.0,4684980000.0,0.0,0.0
2025-02-19,28807700.0,24011900.0,16375500.0,2319600.0,5303400.0,2839800.0,1349600.0,9660800.0,0.0,19549400.0,38958600.0,4607000.0,20531200.0,16194800.0,7974700.0,16032300.0,2990700.0,17535500.0,13129600.0,24114200.0,167536000.0,5777300.0,7910700.0,147487300.0,19666900.0,18899000.0,9323600.0,31011100.0,13163100.0,5945000.0,6213400.0,18508000.0,4562330000.0,0.0,0.0
2025-02-20,27219600.0,11659600.0,16104000.0,2514000.0,5174700.0,4618100.0,2000500.0,19075600.0,0.0,20441500.0,25789000.0,7545400.0,13058700.0,18507700.0,7224000.0,13398000.0,3020000.0,12587400.0,14056600.0,23508700.0,143903600.0,6789800.0,6162600.0,243093900.0,26550800.0,22884800.0,10248800.0,36554000.0,10639300.0,9035800.0,7134900.0,55450900.0,4813690000.0,0.0,0.0
2025-02-21,41353700.0,13999600.0,24883600.0,1454500.0,7348200.0,4468600.0,1816300.0,22392800.0,0.0,35199200.0,32016500.0,6156500.0,15788800.0,45036900.0,12546900.0,21662300.0,3036700.0,15660400.0,15406000.0,27524800.0,228217600.0,10604400.0,9813700.0,129063200.0,47093800.0,16255100.0,10767100.0,76519800.0,13757300.0,15635300.0,9974300.0,35014800.0,5434560000.0,0.0,0.0
2025-02-24,29072200.0,23489800.0,33050400.0,1322600.0,5578700.0,6429900.0,1759700.0,21537600.0,0.0,29854200.0,21029200.0,4109500.0,12451800.0,30246200.0,10201900.0,21418400.0,3397600.0,15677000.0,15892200.0,26443700.0,251381100.0,7187000.0,8564100.0,184485000.0,39268400.0,19606100.0,11216500.0,50737200.0,15114300.0,17153500.0,9860000.0,29755900.0,4990120000.0,0.0,0.0
2025-02-25,39169200.0,17287300.0,33100800.0,1360300.0,4893500.0,5503000.0,2083800.0,18015200.0,0.0,41913400.0,30604400.0,7697100.0,13278400.0,33665100.0,12303700.0,21555600.0,3891600.0,20579700.0,15326200.0,29387400.0,271428700.0,9474600.0,7314900.0,132626300.0,48940000.0,29089000.0,10645900.0,58266500.0,20581000.0,20420600.0,13529900.0,29331200.0,5374690000.0,0.0,0.0
2025-02-26,29178200.0,11252900.0,21368300.0,2838000.0,5080800.0,5174800.0,1555700.0,13684000.0,0.0,35431300.0,21777500.0,7379800.0,13883600.0,25464200.0,11396400.0,14531200.0,4140900.0,14488700.0,10048600.0,19619000.0,322553800.0,9076500.0,5519000.0,94428700.0,34457600.0,16325100.0,11640300.0,43321600.0,14112300.0,15843700.0,9208400.0,19069700.0,4869580000.0,0.0,0.0
2025-02-27,47263700.0,11570000.0,27572900.0,1453900.0,5695200.0,5170000.0,1629100.0,12892400.0,0.0,39991000.0,40521800.0,5907900.0,34732800.0,29378500.0,8364600.0,16789500.0,3350400.0,12500000.0,15082200.0,21127400.0,443175800.0,6731000.0,5467000.0,99680500.0,52448000.0,23949000.0,9460700.0,74196700.0,24219200.0,12551000.0,16672900.0,16431500.0,5057680000.0,0.0,0.0
2025-02-28,45194600.0,12439400.0,39747200.0,1153700.0,3135900.0,6518800.0,3307100.0,15092400.0,0.0,48130600.0,44321200.0,11831500.0,21996100.0,32015400.0,12037200.0,22167400.0,4972900.0,17534200.0,30136600.0,32845700.0,389091100.0,8455500.0,10240100.0,125977400.0,47654000.0,37550700.0,8395800.0,88744100.0,27929400.0,9527600.0,13060900.0,25451300.0,6441140000.0,0.0,0.0
2025-03-03,38958000.0,14681200.0,37435600.0,875800.0,5522300.0,8103100.0,2422500.0,20260000.0,0.0,40770500.0,40729100.0,9637400.0,18253700.0,36330000.0,9191500.0,21717600.0,4371300.0,10843800.0,16649800.0,23007700.0,411381400.0,8321700.0,7615300.0,114573900.0,44587200.0,26785200.0,12207400.0,74249200.0,37403000.0,15779700.0,10900500.0,18372200.0,5613850000.0,0.0,0.0
2025-03-04,54156900.0,17937700.0,37910500.0,956100.0,8631100.0,7223400.0,2536800.0,32180400.0,0.0,45388000.0,66274600.0,12745500.0,21074800.0,56427100.0,11999700.0,25411900.0,3954500.0,21495200.0,18274600.0,29342900.0,398163300.0,10274200.0,12117600.0,116800300.0,67875400.0,25807900.0,16062600.0,109648200.0,29395200.0,17251800.0,15914800.0,25227700.0,6138110000.0,0.0,0.0
2025-03-05,27855500.0,10270900.0,25644500.0,944900.0,3518200.0,4131800.0,1898600.0,63832400.0,0.0,30954900.0,32302200.0,15590000.0,16067800.0,35778500.0,8744800.0,23933600.0,2327500.0,13770000.0,14343600.0,23433100.0,284337900.0,5578700.0,6989100.0,116053000.0,46323700.0,18412400.0,11104900.0,71230500.0,17334000.0,8103200.0,8481800.0,17639000.0,5285970000.0,0.0,0.0
2025-03-06,28985000.0,9461900.0,56864100.0,912300.0,3651700.0,5910200.0,2594600.0,22454800.0,0.0,28302000.0,50431500.0,9318900.0,16639300.0,39206300.0,8037900.0,21694000.0,2954900.0,13446500.0,10766200.0,23304600.0,321181900.0,8421000.0,6702500.0,117340600.0,57574300.0,18086800.0,8490200.0,80094900.0,17864300.0,10284400.0,11789300.0,19957800.0,5165080000.0,0.0,0.0
2025-03-07,33254400.0,12894400.0,74528900.0,1277800.0,4137700.0,6697400.0,5510700.0,27477600.0,0.0,27385800.0,52828900.0,9210200.0,16189200.0,43514000.0,9637600.0,28393300.0,7607600.0,21375700.0,12711000.0,22034100.0,341755500.0,8997700.0,9566700.0,105377100.0,54714700.0,16108800.0,11056400.0,81158800.0,21012700.0,9677300.0,9798000.0,35913200.0,5705140000.0,0.0,0.0
2025-03-10,38733200.0,15811700.0,44217100.0,1359900.0,5791300.0,6342300.0,4459900.0,27988000.0,0.0,43604000.0,57602100.0,7698500.0,15686800.0,39442800.0,17559000.0,25251200.0,4707600.0,21999900.0,17820800.0,32840100.0,366487400.0,11156900.0,11047000.0,136843800.0,76668000.0,21122000.0,10783200.0,99326600.0,18265100.0,14742900.0,11399900.0,35148800.0,6409370000.0,0.0,0.0
2025-03-11,34078300.0,11291100.0,42153200.0,975300.0,4299500.0,4832400.0,3204900.0,33410000.0,0.0,39587400.0,75826700.0,10408600.0,17836200.0,51509700.0,9890300.0,28076400.0,4513100.0,17401500.0,12955400.0,30380200.0,354865700.0,7981600.0,11032300.0,109351500.0,68760800.0,15509200.0,12628400.0,88102100.0,16561100.0,10287600.0,11062700.0,28687600.0,6221240000.0,0.0,0.0
2025-03-12,34241300.0,11498000.0,30409700.0,1215600.0,4787100.0,5888700.0,2331600.0,20495600.0,0.0,28372400.0,53763000.0,7610300.0,27255100.0,36881700.0,8010700.0,18923300.0,4546200.0,15747000.0,11126400.0,24253600.0,323857500.0,8330200.0,10158800.0,116525100.0,46971100.0,19095600.0,9649100.0,69588200.0,14737600.0,9870900.0,14722600.0,33301600.0,5219830000.0,0.0,0.0
2025-03-13,28575200.0,6973800.0,27236100.0,760600.0,3382500.0,3302300.0,3447200.0,17398400.0,0.0,31756200.0,81223200.0,6902300.0,32423200.0,31336900.0,5286700.0,15746600.0,4178600.0,16480300.0,7195200.0,20473000.0,299033100.0,5351100.0,6609000.0,100927200.0,46563300.0,10493900.0,5729800.0,74079400.0,14381600.0,8079800.0,8033100.0,31507800.0,5018980000.0,0.0,0.0
2025-03-14,24715300.0,8580100.0,25900900.0,656200.0,3951200.0,3685400.0,3186400.0,17462000.0,0.0,31995900.0,51469800.0,4390900.0,37795900.0,34089400.0,6235800.0,14205100.0,2696800.0,12364500.0,10129000.0,19952800.0,277593500.0,5277500.0,6790500.0,113985000.0,43563000.0,12008900.0,7618600.0,62660300.0,11449400.0,7348500.0,6613100.0,35500600.0,4863180000.0,0.0,0.0
2025-03-17,43689500.0,6639600.0,26830600.0,664500.0,2481100.0,2598600.0,2256100.0,17020400.0,0.0,31184300.0,33954200.0,6734000.0,30552900.0,26947600.0,6669800.0,15634800.0,2758400.0,15473900.0,8721800.0,22474300.0,255501500.0,5449500.0,9931700.0,99348900.0,41744400.0,15581600.0,6534700.0,49008700.0,9678100.0,7248000.0,6259900.0,26297800.0,5031770000.0,0.0,0.0
2025-03-18,27152800.0,9528700.0,24951000.0,558300.0,2389900.0,3287900.0,2182000.0,12742400.0,0.0,42074800.0,40195900.0,8993300.0,20876300.0,22888000.0,7348800.0,12657600.0,2435400.0,20297700.0,10953600.0,19486900.0,299686900.0,8158600.0,6099900.0,93236500.0,39072300.0,9768300.0,4202500.0,66041400.0,9986000.0,6148800.0,4648400.0,17850900.0,4666270000.0,0.0,0.0
2025-03-19,32287500.0,10323000.0,37962700.0,576500.0,3029500.0,3248500.0,1908500.0,16226400.0,0.0,34275600.0,45212700.0,5854500.0,16600500.0,31595600.0,5936400.0,14780000.0,2812200.0,20537500.0,8924800.0,19185500.0,273426200.0,6080100.0,7569200.0,89797400.0,40430300.0,12096300.0,8083800.0,66556000.0,10678500.0,7165400.0,5973600.0,24555900.0,4660090000.0,0.0,0.0
2025-03-20,26871800.0,7534400.0,31430000.0,524900.0,4191900.0,4341100.0,1891800.0,11532000.0,0.0,28138500.0,42977600.0,4409100.0,29478500.0,25665900.0,7485900.0,16295300.0,2723500.0,24336500.0,9906200.0,18470500.0,248829700.0,4536400.0,8789200.0,105547400.0,36780500.0,8509000.0,5779800.0,62958200.0,12209700.0,5474100.0,5639100.0,18185500.0,4678420000.0,0.0,0.0
2025-03-21,30767900.0,10786500.0,43086500.0,803500.0,2993200.0,2894000.0,3447600.0,32478000.0,0.0,36625800.0,35124000.0,4919600.0,21965900.0,39470200.0,17047100.0,47479500.0,6016100.0,25015900.0,15285600.0,39675900.0,266498500.0,11574800.0,16027300.0,116748700.0,42234900.0,16743600.0,7804800.0,83763000.0,9993200.0,5240900.0,7484300.0,26797200.0,9367460000.0,0.0,0.0
2025-03-24,53342000.0,10403100.0,33180300.0,689500.0,2388400.0,3018600.0,2208100.0,16587600.0,0.0,30879100.0,36393500.0,4823500.0,34724200.0,25774700.0,8046400.0,12575400.0,3443400.0,15741300.0,13276000.0,21004500.0,228452500.0,5968900.0,6102100.0,112164700.0,34567200.0,13807100.0,6813200.0,58766800.0,11440000.0,6225200.0,7760500.0,17900700.0,4517990000.0,0.0,0.0
2025-03-25,29077500.0,7780200.0,23417300.0,439800.0,2775000.0,3423000.0,1623000.0,17033600.0,0.0,24174400.0,29075500.0,6825800.0,17186900.0,17836900.0,7456200.0,12513900.0,2657100.0,15312500.0,9374800.0,15775000.0,167447200.0,4763300.0,8366700.0,78015300.0,26035200.0,12026500.0,4278200.0,38355700.0,8718800.0,6850800.0,8146500.0,27908600.0,4467340000.0,0.0,0.0
2025-03-26,39824000.0,14156000.0,30578500.0,521600.0,2639300.0,5566800.0,1644700.0,13101200.0,0.0,28901600.0,51236100.0,8281700.0,29897400.0,19344600.0,7223500.0,14478200.0,2624400.0,12609800.0,10422400.0,16108400.0,293463300.0,5882200.0,7756000.0,81428600.0,34627100.0,12762900.0,4692100.0,51848300.0,14612400.0,18957000.0,6723100.0,27228800.0,4183140000.0,0.0,0.0
2025-03-27,32773700.0,12678600.0,32151700.0,374500.0,2260800.0,4160100.0,1547000.0,10664400.0,0.0,24508300.0,38493100.0,5085100.0,14119000.0,23960000.0,6752500.0,11663400.0,3119500.0,10436500.0,7172400.0,13766800.0,236902100.0,5397500.0,6211700.0,82823000.0,33469800.0,11754300.0,5514000.0,42164200.0,17559100.0,17175000.0,7259300.0,16782800.0,4403460000.0,0.0,0.0
2025-03-28,31069100.0,9783800.0,30391500.0,678200.0,2481700.0,4019100.0,2100500.0,13830000.0,0.0,48669300.0,58896900.0,6224500.0,15453500.0,26656200.0,5760300.0,17412900.0,3211600.0,17602800.0,8929600.0,21632000.0,229872500.0,8550900.0,5479100.0,91091700.0,46363800.0,25511900.0,5971300.0,71662700.0,16332000.0,13147200.0,7023700.0,14790600.0,4513330000.0,0.0,0.0
2025-03-31,30865300.0,10768100.0,35656400.0,779100.0,4832600.0,5854200.0,3102000.0,13188000.0,0.0,54603500.0,47853500.0,13255800.0,15046800.0,32250800.0,12481400.0,24016900.0,4418800.0,21124700.0,11176000.0,35184700.0,299212700.0,9985700.0,11520100.0,108092900.0,53000300.0,15132500.0,5593800.0,95328200.0,19408300.0,13779500.0,7766200.0,30269300.0,5257250000.0,0.0,0.0
2025-04-01,23523200.0,6956400.0,20472400.0,509500.0,3071100.0,3882200.0,2041500.0,10728400.0,0.0,30672900.0,54256000.0,18128800.0,22958100.0,26054100.0,23303100.0,15309100.0,2411200.0,12836600.0,10071000.0,19689500.0,222614000.0,6072800.0,7021100.0,78980700.0,41156200.0,14075300.0,5751200.0,54609600.0,9180000.0,10133200.0,8054800.0,22080300.0,4434500000.0,0.0,0.0
2025-04-02,20794000.0,7163700.0,19523700.0,731800.0,2367800.0,3714700.0,1719900.0,9888000.0,0.0,25041700.0,49072400.0,7635900.0,25696300.0,36603000.0,10356900.0,14606500.0,2776800.0,13470800.0,9265600.0,16092600.0,220601200.0,5866200.0,6274500.0,96563100.0,49894500.0,15260400.0,4716500.0,76014500.0,10072700.0,8254100.0,5714300.0,19384100.0,4243830000.0,0.0,0.0
2025-04-03,50472500.0,19579700.0,44354900.0,661900.0,5631400.0,7388600.0,3096900.0,17217600.0,0.0,46883400.0,116401400.0,18188000.0,19912800.0,60551500.0,13249300.0,24959600.0,7023900.0,34777500.0,17076000.0,30198000.0,338769400.0,8216200.0,9393300.0,93878200.0,70456300.0,16592900.0,6285100.0,125986000.0,28370500.0,14045300.0,12729000.0,33012900.0,7210470000.0,0.0,0.0
2025-04-04,65847000.0,21792400.0,72302200.0,971200.0,9420300.0,9755600.0,5167000.0,28131200.0,0.0,62259500.0,181273300.0,27006500.0,26829500.0,92612800.0,16601700.0,26517300.0,8831100.0,38589800.0,20772600.0,49209900.0,532273800.0,12911400.0,13454200.0,147323200.0,117088400.0,22799700.0,10987600.0,217965100.0,36085100.0,27351300.0,17707400.0,36209000.0,8853500000.0,0.0,0.0
2025-04-07,70515400.0,20012600.0,68503500.0,1045900.0,6239800.0,8582400.0,4626600.0,25198400.0,0.0,76794100.0,193374800.0,68670600.0,29250700.0,96706200.0,18083000.0,34258400.0,7725900.0,36606100.0,19783800.0,50425000.0,611041300.0,14423200.0,15708000.0,169083700.0,161557000.0,23935500.0,12531100.0,256611400.0,46388300.0,20280000.0,12926800.0,36884900.0,8691980000.0,0.0,0.0
2025-04-08,69910200.0,21129700.0,58888200.0,942900.0,4940600.0,7031900.0,3545400.0,21202400.0,0.0,52200200.0,106007700.0,19508000.0,26233100.0,61090600.0,12018400.0,22774400.0,5562500.0,28034200.0,38567800.0,35868900.0,476243400.0,9488900.0,11541100.0,135345600.0,101248100.0,19958400.0,8034200.0,165816600.0,30479700.0,17171900.0,11458100.0,34351700.0,7408140000.0,0.0,0.0
2025-04-09,97827400.0,22451400.0,72708300.0,1105400.0,6838800.0,9583000.0,5084500.0,30628000.0,0.0,70406200.0,152382200.0,24170800.0,31936100.0,123015100.0,18773700.0,27918700.0,8265700.0,39216600.0,20005000.0,50199700.0,612918300.0,14067000.0,10670200.0,187244300.0,142876900.0,31470400.0,10023800.0,241867300.0,45612500.0,18896600.0,14023800.0,46632800.0,9489600000.0,0.0,0.0
2025-04-10,65210600.0,12227000.0,51212200.0,655700.0,4305700.0,4847600.0,4209100.0,18210400.0,0.0,48022000.0,93884100.0,12093800.0,18742100.0,67503000.0,13830500.0,22450200.0,6049500.0,28173500.0,11691200.0,38024400.0,437812400.0,10980300.0,10581600.0,124448200.0,108384100.0,16731400.0,6637100.0,162331200.0,24503500.0,11791000.0,8735400.0,34735300.0,6677140000.0,0.0,0.0
2025-04-11,57892600.0,11227300.0,33964100.0,516500.0,4790500.0,5847600.0,2721800.0,13533200.0,0.0,33636200.0,71884000.0,55446600.0,15810600.0,44954400.0,9943900.0,19988200.0,4439900.0,17642300.0,11311600.0,23839200.0,313417300.0,8563300.0,8602800.0,95130700.0,52483800.0,15484400.0,6439000.0,97866300.0,19632200.0,8185500.0,5268000.0,25508100.0,5602550000.0,0.0,0.0
2025-04-14,36003000.0,10648400.0,25748300.0,665800.0,2997500.0,4093300.0,2219900.0,12192000.0,0.0,30333000.0,50011400.0,12630900.0,19201300.0,35214600.0,10685300.0,13930200.0,4068300.0,14130900.0,9034200.0,19251200.0,264705000.0,5393800.0,9877300.0,122836900.0,43941200.0,13196800.0,4315500.0,68034000.0,17509400.0,7879500.0,5007400.0,27742900.0,5031440000.0,0.0,0.0
2025-04-15,28116500.0,9119500.0,17242400.0,330600.0,2421700.0,4168200.0,1788200.0,20819200.0,0.0,27551500.0,39790500.0,7708100.0,9735200.0,30715500.0,10847700.0,14965500.0,2901200.0,15558700.0,6163800.0,17199900.0,228966900.0,5459600.0,8765000.0,118457700.0,35404200.0,30434200.0,4581000.0,56892900.0,14306600.0,6190300.0,4279400.0,21871200.0,4317110000.0,0.0,0.0
2025-04-16,62109000.0,8003100.0,34638600.0,368400.0,3345100.0,4198700.0,2531700.0,16746800.0,0.0,28187400.0,52028800.0,8708400.0,9711300.0,35063300.0,7986900.0,15276200.0,3098900.0,18735100.0,10120400.0,21967800.0,397016900.0,7878600.0,5897500.0,121997600.0,48980600.0,14733000.0,4876700.0,83484800.0,23806100.0,14543000.0,5956700.0,22229100.0,4607750000.0,0.0,0.0
2025-04-17,34801400.0,8567100.0,22501800.0,519600.0,2257400.0,5283700.0,2711100.0,8393200.0,0.0,33046600.0,37355500.0,6987000.0,10178700.0,42359200.0,10981100.0,20754500.0,2728500.0,14593500.0,14276600.0,21120200.0,292517500.0,6131400.0,7227100.0,83991800.0,44837000.0,9225400.0,4126700.0,79868100.0,27239900.0,9296500.0,4853100.0,21393900.0,4714880000.0,0.0,0.0
2025-04-21,33855400.0,9472800.0,23469800.0,478900.0,3145800.0,3395300.0,2841300.0,11619600.0,0.0,26049100.0,36078000.0,4901300.0,11771300.0,26019000.0,6285400.0,16037200.0,2669900.0,16166000.0,9265000.0,20807300.0,288501100.0,7412800.0,8062400.0,83831100.0,44149300.0,9055600.0,4078600.0,69368100.0,15170500.0,8511100.0,6092400.0,18361200.0,4226340000.0,0.0,0.0
2025-04-22,35236700.0,8795200.0,18504900.0,440800.0,2580900.0,3337800.0,2230600.0,10308400.0,0.0,26971800.0,33941100.0,5233000.0,12158500.0,34477100.0,7136300.0,15613500.0,4200700.0,17399400.0,8981200.0,19485000.0,241004800.0,7144700.0,7907400.0,91185400.0,52304400.0,9383900.0,6187200.0,75948100.0,12668600.0,10428000.0,4882200.0,15407800.0,4666950000.0,0.0,0.0
2025-04-23,41102600.0,11589100.0,24380500.0,492700.0,4548900.0,4989500.0,2109700.0,14322400.0,0.0,31128800.0,63723400.0,8041300.0,14517900.0,44866100.0,9099400.0,16353900.0,3210100.0,18173900.0,9988400.0,20545500.0,247526000.0,7760000.0,9309200.0,112909500.0,55801100.0,17819300.0,7446800.0,90590700.0,17667900.0,24253700.0,7046200.0,18046900.0,5371390000.0,0.0,0.0
2025-04-24,33681900.0,11772000.0,27576900.0,493200.0,3173800.0,7728100.0,2468500.0,18499600.0,0.0,45894000.0,49007800.0,7308900.0,17959300.0,29820100.0,8310400.0,16893900.0,2479500.0,13910000.0,7238200.0,22232300.0,220815000.0,15577300.0,20077700.0,103190700.0,45956100.0,15536400.0,5918000.0,64150400.0,18761100.0,13734200.0,5468700.0,13444500.0,4697710000.0,0.0,0.0
2025-04-25,28575300.0,12462700.0,21242300.0,556200.0,2340900.0,6941600.0,1780900.0,13342000.0,0.0,56034000.0,47981700.0,5341300.0,27672300.0,25029000.0,8643600.0,16316000.0,2282900.0,17098900.0,7796600.0,18973200.0,251064700.0,11544700.0,12892800.0,103933800.0,38697100.0,13775600.0,4597400.0,61119600.0,14654800.0,14315000.0,4323300.0,15317200.0,4236580000.0,0.0,0.0
2025-04-28,30456700.0,7531800.0,16385800.0,456100.0,3309800.0,4187700.0,1616200.0,11194800.0,0.0,29745800.0,42220700.0,4950500.0,13570800.0,22482300.0,5815200.0,15997500.0,2578300.0,15179000.0,6114200.0,16579400.0,207708500.0,8498600.0,8127000.0,111082900.0,33550800.0,13139000.0,3862900.0,47613800.0,11415600.0,8872000.0,4335000.0,12950000.0,4257880000.0,0.0,0.0
2025-04-29,20700600.0,11766700.0,14630000.0,399500.0,2708000.0,3076200.0,1523100.0,9628400.0,0.0,26809000.0,51198600.0,5350200.0,8214700.0,20118200.0,5246700.0,16244100.0,3164500.0,11835000.0,6896200.0,14974000.0,170444300.0,7010700.0,8266200.0,79709000.0,30613100.0,6646500.0,3945000.0,47775100.0,9830100.0,6317500.0,4289000.0,12679000.0,4747150000.0,0.0,0.0
2025-04-30,29730700.0,12433000.0,22768900.0,519600.0,3501200.0,3420200.0,2212400.0,12748800.0,0.0,34981100.0,69994200.0,13923200.0,9548200.0,29046100.0,9598200.0,21074700.0,5564600.0,29244000.0,10457400.0,36461100.0,235044600.0,7923500.0,12475500.0,109461700.0,46810600.0,10400100.0,3454600.0,93101500.0,10073000.0,8979700.0,5047100.0,21639900.0,5449490000.0,0.0,0.0
2025-05-01,29591500.0,16458000.0,24939700.0,450500.0,4882000.0,5626400.0,1829900.0,12320400.0,0.0,30203200.0,50848600.0,13703300.0,9987400.0,33169700.0,7325800.0,18034200.0,5186900.0,31159000.0,10329800.0,58938100.0,236121500.0,6807000.0,6792800.0,90677600.0,43316500.0,8397400.0,4774700.0,63186100.0,22670600.0,16440700.0,10589900.0,13171800.0,4935270000.0,0.0,0.0
2025-05-02,29957900.0,11102200.0,17766800.0,507900.0,4139000.0,3329400.0,1547400.0,10834800.0,0.0,25715000.0,41354100.0,9331600.0,24011700.0,30201800.0,5974500.0,12629600.0,3994600.0,24739300.0,8323200.0,30757400.0,190194800.0,7169700.0,5750200.0,103094300.0,39218100.0,12728900.0,6250400.0,60717300.0,21691200.0,9145600.0,5615800.0,16031400.0,4854380000.0,0.0,0.0
2025-05-05,41268900.0,7358600.0,14025400.0,358100.0,2692200.0,2590500.0,1952600.0,13124000.0,0.0,21341800.0,39815300.0,10089400.0,9584900.0,20834200.0,5464100.0,11932700.0,3534100.0,13887700.0,9218600.0,20136100.0,133163200.0,8972200.0,7576200.0,135961300.0,28309500.0,8016300.0,3243300.0,38659200.0,14618900.0,6240200.0,5941400.0,12439100.0,4358260000.0,0.0,0.0
2025-05-06,54264300.0,14475300.0,16348800.0,759300.0,5743300.0,2756600.0,1381200.0,13724800.0,0.0,21277200.0,36292600.0,6081200.0,10913300.0,24642100.0,8644200.0,12705500.0,2691700.0,10600700.0,10516200.0,15104200.0,158525600.0,6889900.0,7703800.0,201193400.0,32786300.0,7751400.0,11247900.0,48264700.0,14565600.0,6740400.0,10113700.0,10626000.0,4717260000.0,0.0,0.0
2025-05-07,86474400.0,17846700.0,20253700.0,886300.0,5395200.0,2742500.0,1316000.0,26693600.0,0.0,127490100.0,32676200.0,9471100.0,8906100.0,23623300.0,7853100.0,15018200.0,2725900.0,13139100.0,7741800.0,23295300.0,206758800.0,6313200.0,6430000.0,95428800.0,38006300.0,7727300.0,7781300.0,55588000.0,9682500.0,10037400.0,12497700.0,11301300.0,4987440000.0,0.0,0.0
2025-05-08,54231400.0,9722100.0,18460900.0,1693000.0,4566300.0,3038200.0,1882600.0,14476000.0,0.0,57498700.0,32684900.0,6409000.0,39187700.0,32646300.0,7606100.0,14371100.0,2131500.0,14622800.0,12167800.0,23491300.0,198428100.0,6392400.0,7230800.0,126966200.0,39577600.0,15754000.0,5707700.0,65130800.0,10343000.0,7275900.0,7363500.0,14461100.0,5627400000.0,0.0,0.0
2025-05-09,31704300.0,8270900.0,13289200.0,642400.0,5168000.0,2693300.0,1176700.0,18773200.0,0.0,32435300.0,23971200.0,3698700.0,19086400.0,17203000.0,6520400.0,11228900.0,1917800.0,10427300.0,17310200.0,15324200.0,132972200.0,4770500.0,6453200.0,81005300.0,27767400.0,30349700.0,7728500.0,37603400.0,11582800.0,6369800.0,5859900.0,13697800.0,4645090000.0,0.0,0.0
2025-05-12,50543400.0,9793600.0,25437700.0,878000.0,5117700.0,5604700.0,2069000.0,13114000.0,0.0,44138800.0,70558600.0,9483700.0,16465600.0,38207200.0,9023800.0,21539000.0,4137900.0,21965100.0,12576000.0,22821900.0,225023300.0,8392700.0,7378400.0,94257300.0,45090600.0,15229700.0,10077500.0,78993600.0,22064900.0,8952200.0,8358700.0,26783900.0,6014580000.0,0.0,0.0
2025-05-13,55659500.0,12100800.0,28790500.0,868800.0,4568000.0,6400500.0,2917000.0,14938400.0,0.0,42382100.0,52141900.0,13166800.0,13943100.0,28295800.0,10549600.0,14389100.0,3018600.0,18570800.0,10768400.0,23618800.0,330430100.0,8650200.0,7780800.0,147155400.0,53269600.0,14950700.0,25050800.0,67947200.0,19996000.0,8987200.0,9075900.0,19746700.0,5516290000.0,0.0,0.0
2025-05-14,86743700.0,11725400.0,19751400.0,566000.0,4819600.0,5633000.0,2215000.0,11389200.0,0.0,48755900.0,45406500.0,6994700.0,18701800.0,26316100.0,10216000.0,16286800.0,2656600.0,12348200.0,10132400.0,19902800.0,281180800.0,10463000.0,5988900.0,96611500.0,47014500.0,36800900.0,14844300.0,66283500.0,12359000.0,9603500.0,5370200.0,25620100.0,5233450000.0,0.0,0.0
2025-05-15,43843200.0,8292100.0,18803700.0,569900.0,5913300.0,2890300.0,2470700.0,10127600.0,0.0,33146700.0,49301300.0,9024900.0,11151400.0,21563700.0,7945800.0,19817100.0,2928500.0,14341800.0,13507800.0,21992300.0,226632600.0,9165100.0,8727300.0,69503000.0,50153300.0,27530600.0,11551700.0,71268100.0,10241800.0,6667500.0,3953500.0,44026100.0,4991290000.0,0.0,0.0
2025-05-16,43419700.0,5900000.0,23094600.0,420500.0,4545900.0,2373400.0,2033700.0,8533600.0,0.0,42846900.0,30657200.0,6819200.0,17643800.0,28906400.0,8051200.0,18441200.0,2636900.0,18519000.0,17207400.0,23849800.0,226542500.0,8896400.0,7100800.0,57003700.0,48394600.0,24452900.0,11695100.0,76052100.0,9146700.0,5170000.0,6263900.0,33746200.0,4850850000.0,0.0,0.0
2025-05-19,37737400.0,6161700.0,15355500.0,425600.0,3035300.0,2919800.0,1879800.0,8062400.0,0.0,30426100.0,26228800.0,11704900.0,13255300.0,25859600.0,12639900.0,13282800.0,2748600.0,9592400.0,8020000.0,21336500.0,193154600.0,9406200.0,8119900.0,72503900.0,52536200.0,17316300.0,7185600.0,68168500.0,10144400.0,4593500.0,5141300.0,20041600.0,4144010000.0,0.0,0.0
2025-05-20,29030800.0,5882800.0,11787200.0,383500.0,3041100.0,3209300.0,2271200.0,8530400.0,0.0,46607700.0,25933700.0,8929600.0,17686200.0,22053100.0,7351500.0,12137800.0,2035000.0,6743500.0,10801400.0,15441800.0,161514200.0,7624200.0,5576600.0,61265300.0,42517600.0,18173600.0,7344700.0,60614500.0,7054100.0,4030700.0,3426500.0,15609600.0,4416850000.0,0.0,0.0
2025-05-21,43594600.0,8339500.0,17642900.0,570700.0,3070300.0,4790800.0,1438900.0,17284400.0,0.0,73416000.0,54737300.0,11383500.0,21395200.0,36704400.0,7032200.0,12094400.0,2386700.0,11464600.0,12556600.0,19216900.0,270608700.0,9243700.0,6424200.0,80657700.0,71292800.0,17081800.0,11605200.0,95197700.0,7375700.0,5354900.0,4067400.0,15742300.0,5254250000.0,0.0,0.0
2025-05-22,29252000.0,5523400.0,14340200.0,510400.0,3169700.0,4071900.0,1660900.0,10363600.0,0.0,74864400.0,43242700.0,10981200.0,105188100.0,31831300.0,7535300.0,11101800.0,2642000.0,8228400.0,7625000.0,18025600.0,187344000.0,7140200.0,6245600.0,75498300.0,55607200.0,18681200.0,12221700.0,70860400.0,11825000.0,3800000.0,4624100.0,13712200.0,5157050000.0,0.0,0.0
2025-05-23,30867300.0,7452500.0,15385600.0,422400.0,13341300.0,2909200.0,1413900.0,17951200.0,0.0,35211400.0,29598900.0,9860700.0,53827300.0,29114600.0,6727300.0,12822100.0,2701500.0,8454100.0,7017800.0,16883500.0,198821300.0,8122500.0,5349800.0,65905800.0,58368100.0,14249900.0,48870400.0,76029000.0,9403100.0,3967400.0,7254000.0,13668600.0,4662820000.0,0.0,0.0
2025-05-26,,,,,,,,,0.0,,,,,,,,,,,,,,,,,,,,,,,,,,
2025-05-27,37885000.0,7884100.0,17941700.0,477500.0,13926600.0,3520900.0,1868200.0,15988800.0,0.0,37995700.0,33524700.0,10834400.0,30147600.0,31655900.0,6990700.0,10666100.0,2526700.0,9508400.0,10532600.0,20974300.0,192953600.0,13974800.0,11423800.0,86455200.0,47226300.0,21781500.0,34964100.0,72588500.0,12228200.0,6457200.0,7192500.0,17180900.0,5366380000.0,0.0,0.0
2025-05-28,27483700.0,5570900.0,20443000.0,524500.0,7431300.0,2934400.0,1674700.0,11573600.0,0.0,34784000.0,27012900.0,8591500.0,28831300.0,26046700.0,8459300.0,8710900.0,1935600.0,9042900.0,6653800.0,17086300.0,304021100.0,9431500.0,5385900.0,64866000.0,46637200.0,30832500.0,24672800.0,68445500.0,17787600.0,5920500.0,5027400.0,11220100.0,4665050000.0,0.0,0.0
2025-05-29,30501400.0,17909400.0,20743700.0,535400.0,7191900.0,3653400.0,2016700.0,13296000.0,0.0,29317300.0,28616300.0,9679100.0,25706100.0,32749500.0,6810600.0,10291100.0,2248800.0,8858800.0,8291400.0,13974800.0,369241900.0,6656900.0,4842500.0,62929100.0,58513300.0,16266100.0,20748500.0,69973300.0,14609900.0,5908200.0,3543800.0,14338000.0,4569750000.0,0.0,0.0
2025-05-30,36088500.0,16492800.0,27088600.0,1121100.0,5413300.0,4391300.0,5403800.0,17954800.0,0.0,52639900.0,28930300.0,10268600.0,27156200.0,37768900.0,15529700.0,28019500.0,4062900.0,16241000.0,27001600.0,34770500.0,333170900.0,12992100.0,12587500.0,185897600.0,67662800.0,12706300.0,15538200.0,90601200.0,11998300.0,6935600.0,5306100.0,29980100.0,6378540000.0,0.0,0.0
2025-06-02,34078400.0,9415000.0,19197000.0,521000.0,3475200.0,3027300.0,2148000.0,13933600.0,0.0,38612300.0,45527200.0,13341900.0,15261800.0,30334300.0,6669300.0,10202700.0,2577000.0,15766300.0,10140200.0,16626500.0,197663100.0,6723700.0,7574400.0,93218700.0,44762800.0,10757100.0,10618500.0,61630500.0,7447400.0,4001800.0,5613000.0,16999200.0,4832240000.0,0.0,0.0
2025-06-03,37161500.0,12112700.0,30380200.0,503300.0,5818700.0,3284500.0,1992900.0,30528800.0,0.0,45084900.0,28458700.0,8508900.0,12476200.0,37702200.0,8209800.0,20139800.0,3028100.0,11585000.0,12030400.0,15743800.0,225578800.0,7339500.0,6223000.0,91297700.0,44070300.0,12186500.0,19429400.0,63606200.0,9548300.0,8438200.0,10019900.0,15598600.0,5026680000.0,0.0,0.0
2025-06-04,31025000.0,9528000.0,31536000.0,558100.0,3311200.0,2411500.0,1422100.0,61814400.0,0.0,26900800.0,41403600.0,10115900.0,12079000.0,27225300.0,6983900.0,13565900.0,2069500.0,14031900.0,9816000.0,14162700.0,167120800.0,6519700.0,4939000.0,97306300.0,41359300.0,11683000.0,14002000.0,57314200.0,13531100.0,5005700.0,5290600.0,11115600.0,4767050000.0,0.0,0.0
2025-06-05,34091000.0,7932600.0,41970900.0,682200.0,3422700.0,2911200.0,3289400.0,24713200.0,0.0,36379100.0,44563900.0,8762800.0,17201700.0,35728700.0,5295400.0,13531400.0,3813500.0,13083100.0,9656400.0,20131700.0,231397900.0,9560800.0,10351800.0,131055900.0,61031200.0,27953900.0,14292000.0,92278700.0,12214300.0,4812000.0,4296700.0,15817100.0,5091850000.0,0.0,0.0
2025-06-06,27042100.0,6622800.0,41146700.0,443700.0,3328900.0,2464900.0,1855400.0,17372000.0,0.0,35731800.0,41300100.0,7624200.0,16146100.0,32144500.0,5391500.0,9524000.0,2622800.0,11728000.0,7381200.0,15285600.0,153986200.0,7628200.0,5697700.0,87175100.0,42467000.0,34136500.0,14203500.0,66588700.0,8532000.0,5377100.0,3302200.0,15599300.0,4355710000.0,0.0,0.0
2025-06-09,55437700.0,8000700.0,25334100.0,537200.0,16021100.0,2914700.0,1696700.0,10898400.0,0.0,28935900.0,30169000.0,6061200.0,36305100.0,33984400.0,5319000.0,12281300.0,4059800.0,12773200.0,8529000.0,16469900.0,185114500.0,8453100.0,6544200.0,74785600.0,33688700.0,60217100.0,11572700.0,53016400.0,11472300.0,5820400.0,5350000.0,13655700.0,4642360000.0,0.0,0.0
2025-06-10,41691900.0,8785700.0,25491300.0,600200.0,10657500.0,4322600.0,2255000.0,9890000.0,0.0,61766100.0,24234400.0,5579900.0,31977900.0,30182200.0,6791600.0,12265000.0,4698700.0,10850100.0,9260600.0,15375900.0,155881900.0,11852900.0,7680000.0,69308900.0,40664800.0,30798100.0,17364100.0,66247000.0,14514000.0,7573000.0,7818200.0,17162500.0,4882880000.0,0.0,0.0
2025-06-11,32261900.0,9307500.0,24599000.0,487400.0,7928300.0,5465200.0,2459800.0,11026000.0,0.0,31646800.0,30114400.0,6594900.0,53397300.0,31113400.0,6016000.0,12718500.0,3312100.0,9582500.0,9598400.0,16399200.0,167694000.0,9168400.0,5960100.0,97366000.0,53701000.0,21283400.0,32819400.0,73658200.0,13326400.0,5560400.0,4029300.0,16389600.0,5111550000.0,0.0,0.0
2025-06-12,44718400.0,8765700.0,20410900.0,350100.0,4439100.0,4018700.0,1720100.0,14080800.0,0.0,20941900.0,28373200.0,7795400.0,20079600.0,25367000.0,7075500.0,12806900.0,2584700.0,7322700.0,12519200.0,18950600.0,162365000.0,11444900.0,6509900.0,56248200.0,34104900.0,12967500.0,18131300.0,64129000.0,9796100.0,6778700.0,4357300.0,17845700.0,4669500000.0,0.0,0.0
2025-06-13,39702700.0,6217300.0,19028400.0,359000.0,5083200.0,2718300.0,1786000.0,10442800.0,0.0,27663100.0,35271000.0,9195200.0,19404600.0,60580000.0,6587500.0,17467200.0,2435500.0,9274400.0,12311600.0,16814500.0,180820600.0,9581000.0,7104500.0,93519000.0,55814400.0,15593900.0,9819500.0,89506000.0,10152500.0,5900600.0,3960700.0,18694700.0,5258910000.0,0.0,0.0
2025-06-16,100968500.0,7734700.0,20363000.0,471000.0,11181200.0,3085500.0,2109300.0,10841200.0,0.0,27389200.0,26225100.0,7508400.0,29311100.0,28974000.0,7024000.0,15045900.0,4045700.0,13720300.0,10466600.0,15626100.0,183133700.0,11183700.0,6332000.0,80779800.0,37622100.0,13601300.0,17909900.0,79984100.0,10932900.0,7553800.0,4177700.0,14881700.0,5111710000.0,0.0,0.0
2025-06-17,86623900.0,11797600.0,22014300.0,445600.0,4245200.0,3006400.0,1668200.0,13594800.0,0.0,24973000.0,27747200.0,5285000.0,18889300.0,32843200.0,6407100.0,15437000.0,3379000.0,10066100.0,24016000.0,15414100.0,139108000.0,10235200.0,6809700.0,70479100.0,42180900.0,14498900.0,15126400.0,82209400.0,8389700.0,6102900.0,4170400.0,14935600.0,4955700000.0,0.0,0.0
2025-06-18,49627100.0,9164100.0,30435500.0,482800.0,4390100.0,3944900.0,1509600.0,11321200.0,0.0,28707500.0,32833500.0,6732400.0,18288700.0,42850500.0,8325200.0,16227600.0,4008700.0,10068300.0,9847200.0,17526500.0,161494100.0,8785800.0,7211200.0,58260200.0,43983500.0,18457700.0,10568300.0,76605000.0,6932000.0,6331700.0,5591600.0,11333700.0,5106470000.0,0.0,0.0
2025-06-20,79931000.0,18552800.0,42134900.0,1182000.0,5507700.0,2591100.0,3255700.0,20732400.0,0.0,75659900.0,45845800.0,6261700.0,33099000.0,36978100.0,22605500.0,40859400.0,7085000.0,22538600.0,25572000.0,37576200.0,242956200.0,23001000.0,16173400.0,87067000.0,61643500.0,37066000.0,12288700.0,94051400.0,16992000.0,6689600.0,6585700.0,20604900.0,7451500000.0,0.0,0.0
2025-06-23,65152900.0,16234000.0,19747000.0,391200.0,5086400.0,3218200.0,2082900.0,17726800.0,0.0,57671000.0,32361400.0,9310300.0,24966100.0,35516400.0,7397900.0,21822800.0,5172500.0,11080100.0,11479600.0,24864000.0,154308900.0,12840400.0,6588200.0,70501100.0,50666100.0,44056800.0,12979200.0,87426000.0,7535500.0,9121400.0,4150400.0,20432400.0,5597000000.0,0.0,0.0
2025-06-24,78572000.0,11279800.0,32764900.0,743500.0,5802500.0,3335400.0,2385100.0,14534000.0,0.0,40524300.0,50893200.0,7694500.0,19999100.0,31772500.0,9544200.0,15216100.0,4461200.0,13823200.0,9318200.0,22305600.0,187566100.0,9226800.0,7470100.0,58574200.0,45442000.0,28392600.0,21270500.0,67735300.0,14814700.0,7544700.0,6851900.0,22403700.0,5443690000.0,0.0,0.0
2025-06-25,74607200.0,7883500.0,18894200.0,440400.0,3953200.0,4852600.0,1827700.0,11830400.0,0.0,35479000.0,24156100.0,6393300.0,16075700.0,27725600.0,7153700.0,12540400.0,4259800.0,9320400.0,9336000.0,17495100.0,269146500.0,10922600.0,5933700.0,61435300.0,44804200.0,22969800.0,15243000.0,62114800.0,9168400.0,5324500.0,3813900.0,11154700.0,5171110000.0,0.0,0.0
2025-06-26,58180100.0,15262400.0,23569600.0,484300.0,7823300.0,3011400.0,2262800.0,12068000.0,0.0,31796700.0,28889100.0,7131900.0,21786400.0,26261200.0,7156900.0,14454100.0,5354900.0,13964800.0,13353600.0,21578900.0,198145700.0,11538100.0,7410400.0,69440500.0,43811400.0,41601800.0,9834600.0,78548400.0,7982200.0,5398100.0,3677900.0,19361400.0,5308140000.0,0.0,0.0
2025-06-27,61937900.0,10396100.0,27477600.0,1010900.0,8007500.0,4106600.0,2129200.0,13865200.0,0.0,108140200.0,47849500.0,8402400.0,21643300.0,47717300.0,10010800.0,23470700.0,7422200.0,18775700.0,16973200.0,34539200.0,263234500.0,26536500.0,19257000.0,202598600.0,57577100.0,75749300.0,19169600.0,86258400.0,13133000.0,9337700.0,8903700.0,31431900.0,7889350000.0,0.0,0.0
2025-06-30,42972500.0,12519500.0,24708400.0,529900.0,4105800.0,2805300.0,2127600.0,10811200.0,0.0,63378900.0,52885900.0,10542300.0,29526400.0,25558000.0,9039300.0,15429000.0,5054800.0,15402100.0,10403200.0,28369000.0,194580300.0,11402400.0,11238200.0,97305600.0,45548700.0,18438400.0,10735600.0,92502500.0,9279800.0,5349800.0,4753900.0,17803000.0,5782900000.0,0.0,0.0
2025-07-01,55257200.0,8685500.0,28847600.0,997400.0,6175200.0,4771500.0,2200600.0,16356400.0,0.0,35904500.0,45411000.0,10659800.0,21237900.0,43864800.0,10896700.0,21729300.0,5121900.0,13431200.0,11892600.0,19945400.0,213143600.0,12846700.0,10664900.0,91479700.0,56166700.0,26656500.0,13562900.0,70030100.0,9990200.0,8974300.0,6125700.0,15635800.0,6275310000.0,0.0,0.0
2025-07-02,39228000.0,8326300.0,17582100.0,574300.0,4886000.0,4136800.0,1606100.0,8452800.0,0.0,29128900.0,32359500.0,6026200.0,24757100.0,35735200.0,5544000.0,13050200.0,4021500.0,9336700.0,10103200.0,16319600.0,171224100.0,9388700.0,8848700.0,59732000.0,36538300.0,14865600.0,8222700.0,66510400.0,12012500.0,5761600.0,3264900.0,12502000.0,5645710000.0,0.0,0.0
2025-07-03,28646000.0,5296700.0,10592700.0,268700.0,2774000.0,2227800.0,1101400.0,10616000.0,0.0,21689700.0,19750000.0,7398900.0,13345300.0,23515700.0,3482500.0,9440500.0,1678600.0,8601700.0,7567200.0,13984800.0,143716100.0,4941400.0,6999600.0,41812500.0,26443500.0,7976000.0,5842800.0,51065800.0,7779600.0,4003600.0,3342400.0,7686200.0,3378110000.0,0.0,0.0
2025-07-07,37395000.0,6245100.0,16760600.0,452800.0,5686100.0,3497500.0,1832600.0,13077600.0,0.0,34175600.0,37027200.0,8518600.0,33850900.0,41551200.0,6270900.0,16984700.0,3404300.0,9457100.0,8535000.0,13981600.0,140139000.0,7773700.0,7225700.0,71959700.0,45349300.0,35564100.0,6922200.0,74814500.0,13817500.0,4427000.0,4313400.0,12930900.0,5236740000.0,0.0,0.0
2025-07-08,36124600.0,7297000.0,14869400.0,507700.0,6422000.0,2985000.0,1716200.0,8573200.0,0.0,40442500.0,31358900.0,5282800.0,25675900.0,36339300.0,6438200.0,17115500.0,3123600.0,7770700.0,11827600.0,11846600.0,138133000.0,7718300.0,12034800.0,59834800.0,36153300.0,27769400.0,9832600.0,59024600.0,8854400.0,6641600.0,5076200.0,16875000.0,5739030000.0,0.0,0.0
2025-07-09,37013100.0,14511700.0,20133000.0,339900.0,4122900.0,3371700.0,2922600.0,7477200.0,0.0,43025600.0,30277500.0,6900800.0,24574200.0,32425200.0,6147400.0,33704100.0,3265800.0,11418000.0,19926200.0,18659500.0,183656400.0,7762600.0,18770900.0,68494800.0,43045500.0,16267300.0,7638800.0,66113300.0,9475300.0,4936300.0,6931500.0,13702600.0,4813340000.0,0.0,0.0
2025-07-10,61101500.0,9371000.0,17891600.0,1225700.0,6329500.0,3545400.0,2897000.0,16714800.0,0.0,29252400.0,28776200.0,4451900.0,19544600.0,33865900.0,6732900.0,14608400.0,5366800.0,9913600.0,10965600.0,16492100.0,167704100.0,8869700.0,7200500.0,64383900.0,34710900.0,13663800.0,8646500.0,57529000.0,13124700.0,24686000.0,4358200.0,18894800.0,5367350000.0,0.0,0.0
2025-07-11,50049200.0,12954500.0,14274700.0,1121500.0,4033700.0,2184100.0,1942000.0,13537600.0,0.0,34282900.0,30482200.0,6004300.0,23363600.0,31579600.0,7872000.0,12916700.0,4524100.0,10873900.0,11687600.0,16459500.0,193633300.0,7963600.0,8053800.0,52134800.0,39618600.0,16371500.0,10642600.0,63670200.0,8817800.0,7222200.0,3714500.0,14595000.0,4656210000.0,0.0,0.0
2025-07-14,44718600.0,8871000.0,11934200.0,538600.0,6277200.0,1910500.0,1679300.0,13362000.0,0.0,32536600.0,23716200.0,5101600.0,16527600.0,24632200.0,10185600.0,13983200.0,5707500.0,8939400.0,11320200.0,12058800.0,136975800.0,8480300.0,11491700.0,81774400.0,36453300.0,29196200.0,22373600.0,51898500.0,10673500.0,6560400.0,3793800.0,13779100.0,4722250000.0,0.0,0.0
2025-07-15,93370100.0,7456400.0,17918400.0,373400.0,6068400.0,3037100.0,1878000.0,10116400.0,0.0,33448300.0,37039500.0,5628100.0,15889200.0,44215400.0,6873200.0,12639800.0,2937600.0,11529500.0,13261200.0,14927200.0,230627400.0,8933500.0,9142600.0,59126200.0,43277700.0,29999700.0,14511500.0,74317300.0,14270100.0,7079600.0,4259400.0,10450800.0,5133670000.0,0.0,0.0
2025-07-16,59492800.0,6384000.0,15031000.0,516000.0,4388600.0,2447300.0,2950300.0,7921600.0,0.0,33104200.0,39780100.0,12786300.0,24133200.0,48199800.0,22134800.0,13178300.0,2804700.0,13067600.0,8908400.0,15154400.0,158831500.0,10941600.0,8479000.0,57550300.0,52314700.0,26692300.0,15709200.0,88987500.0,15092800.0,6036900.0,6605400.0,11181600.0,5177460000.0,0.0,0.0
2025-07-17,50605100.0,8587100.0,17231100.0,341000.0,5384800.0,2403900.0,2280600.0,9026400.0,0.0,31992600.0,25703200.0,4747200.0,20228800.0,43548000.0,11295700.0,20464700.0,3134300.0,11803300.0,8546200.0,17503100.0,160841100.0,26161000.0,8320000.0,60165500.0,40423800.0,46760200.0,15631000.0,68885700.0,27395700.0,7989200.0,3948100.0,11165100.0,5512290000.0,0.0,0.0
2025-07-18,48859800.0,6007600.0,15012400.0,404200.0,4633400.0,4124700.0,2115500.0,11613600.0,0.0,34014500.0,27686400.0,4035000.0,25760400.0,49009900.0,9792600.0,14928000.0,3481300.0,12779800.0,10850000.0,21209700.0,146456400.0,13752800.0,7337300.0,45771600.0,50484700.0,32919600.0,14382300.0,65621600.0,16252000.0,5781900.0,6416300.0,14636300.0,5184700000.0,0.0,0.0
2025-07-21,39021100.0,6686800.0,17726800.0,377300.0,5126400.0,3590500.0,1742400.0,13664800.0,0.0,45803100.0,28483300.0,5232300.0,23907000.0,28191400.0,8254000.0,17811700.0,3037500.0,9404400.0,7058000.0,14066800.0,123126100.0,9025600.0,6328400.0,45072800.0,39595200.0,29305900.0,13695900.0,63375000.0,11971800.0,4821200.0,4315900.0,13450400.0,5010840000.0,0.0,0.0
2025-07-22,49028000.0,7779700.0,16564800.0,759600.0,5325700.0,3844400.0,1799900.0,7902400.0,0.0,44660200.0,26017700.0,6098000.0,18995700.0,30873300.0,9288000.0,22339900.0,2672000.0,8921100.0,7994200.0,13868600.0,193114300.0,8281500.0,8187000.0,49880800.0,43270600.0,24381700.0,10660400.0,60046300.0,11919500.0,6335800.0,4187400.0,9049100.0,5662040000.0,0.0,0.0
2025-07-23,41510900.0,7428900.0,20556200.0,1098200.0,4909000.0,4590500.0,2401600.0,12096000.0,0.0,58681900.0,26025000.0,5074000.0,14455100.0,37478100.0,10617600.0,21030000.0,2467600.0,8771600.0,8568000.0,16396600.0,154082200.0,6166000.0,4804800.0,48062000.0,40215300.0,18179900.0,13539300.0,70511000.0,9885400.0,6072900.0,8849500.0,9729700.0,5642510000.0,0.0,0.0
2025-07-24,48440100.0,5370200.0,16413800.0,1104900.0,3695700.0,4169100.0,2057100.0,9944400.0,0.0,74881700.0,27013700.0,5867400.0,18006300.0,29446700.0,6636900.0,12511400.0,4426000.0,10920800.0,8634200.0,16107000.0,128984600.0,9749400.0,7027400.0,38925700.0,42275500.0,12600600.0,17648600.0,71307100.0,9081900.0,4504500.0,4919300.0,14991500.0,5282720000.0,0.0,0.0
2025-07-25,53432300.0,4868100.0,12476200.0,723400.0,3508700.0,2587200.0,1827700.0,7178800.0,0.0,39785900.0,30123100.0,3614000.0,13392000.0,24555500.0,6254900.0,12574800.0,3401000.0,8271700.0,6257000.0,19125700.0,122316800.0,7021600.0,5799900.0,57972300.0,30630800.0,14517900.0,9932700.0,56865400.0,11593400.0,8556100.0,5492100.0,12868500.0,4470720000.0,0.0,0.0
2025-07-28,68267800.0,9431500.0,13683400.0,627700.0,3534900.0,4777000.0,2006300.0,7303200.0,0.0,38139500.0,22093800.0,5073200.0,16976700.0,24934900.0,8014600.0,13668800.0,3070500.0,8715700.0,7205800.0,14308000.0,140023500.0,10639100.0,7885000.0,63886900.0,31498700.0,20928700.0,9616800.0,54917100.0,11892200.0,10607100.0,3211400.0,12293100.0,4565620000.0,0.0,0.0
2025-07-29,108154800.0,9916700.0,19210800.0,383300.0,3714300.0,14567300.0,2065900.0,10999600.0,0.0,41389200.0,21371800.0,7864000.0,21070300.0,28685900.0,7663400.0,16223400.0,3147700.0,13267000.0,10622800.0,16469200.0,154077500.0,6282900.0,11466100.0,42427200.0,45463300.0,14706500.0,9449700.0,60556300.0,9411500.0,15169700.0,4255800.0,14034300.0,5076120000.0,0.0,0.0
2025-07-30,64820300.0,9861700.0,16738900.0,447900.0,4376900.0,6618400.0,1699600.0,8470000.0,0.0,32445400.0,38392400.0,7425600.0,17861400.0,48924400.0,6189200.0,10448200.0,2805900.0,27077300.0,8232800.0,26380400.0,174312200.0,9738400.0,8162900.0,40261700.0,43433800.0,16853400.0,10481100.0,80418900.0,6823800.0,18502400.0,5511800.0,13864100.0,5375070000.0,0.0,0.0
2025-07-31,71765300.0,16040900.0,25488500.0,513200.0,7921500.0,4614200.0,2564400.0,11331200.0,0.0,51329200.0,41501300.0,10411800.0,21572700.0,42913900.0,11036200.0,17193400.0,3639600.0,38831100.0,21681600.0,51617300.0,221685400.0,11689700.0,11845400.0,45342600.0,64613600.0,13041500.0,12515900.0,103385200.0,13490700.0,10875600.0,5635400.0,15651300.0,6077080000.0,0.0,0.0
2025-08-01,75396100.0,11560600.0,21428100.0,457600.0,6061800.0,4545600.0,2934500.0,12057600.0,0.0,34832200.0,68963100.0,11870100.0,20028200.0,63854100.0,8927800.0,16107500.0,3344800.0,19028700.0,24496800.0,28977600.0,204529000.0,7630500.0,8594200.0,61287000.0,69400800.0,16566300.0,26341400.0,140103600.0,13549800.0,11015000.0,5737100.0,16750400.0,5827150000.0,0.0,0.0
2025-08-04,52951000.0,9524100.0,17164600.0,769800.0,3438200.0,2485300.0,2389900.0,7531200.0,0.0,31547400.0,37539200.0,8449500.0,16131400.0,34989600.0,12679100.0,10701500.0,4734500.0,15801700.0,12150200.0,25349000.0,148174600.0,8384700.0,7679400.0,82993600.0,47669800.0,11625100.0,14471100.0,73218000.0,6450700.0,6744800.0,4625600.0,19050200.0,4842580000.0,0.0,0.0
2025-08-05,88808500.0,14691100.0,18477500.0,2535000.0,4324900.0,3715000.0,2462300.0,12418400.0,0.0,31602300.0,29656300.0,8218700.0,22060500.0,31337100.0,7934400.0,11993400.0,4222900.0,11640300.0,17575400.0,19171600.0,156407600.0,5535100.0,6670100.0,130917500.0,48666600.0,10920400.0,16986000.0,68051400.0,11868900.0,5091100.0,4601400.0,17977000.0,5517410000.0,0.0,0.0
2025-08-06,133641800.0,25997100.0,17392100.0,842000.0,4451900.0,2944600.0,2753000.0,8142800.0,0.0,21562900.0,30512900.0,10107500.0,23969600.0,23142100.0,8957200.0,10783000.0,6474300.0,9733900.0,23287000.0,21355700.0,137192300.0,6747400.0,7376200.0,82924800.0,41823700.0,8051600.0,11221200.0,64357500.0,9457200.0,4079300.0,7360600.0,23738400.0,5408560000.0,0.0,0.0
2025-08-07,95448300.0,11165800.0,16319400.0,700900.0,3332000.0,3050100.0,1893300.0,22840400.0,0.0,26321800.0,29405000.0,5725900.0,27970400.0,37088000.0,9315900.0,15790800.0,3603300.0,9019700.0,18061000.0,16079100.0,151878400.0,7674600.0,6719000.0,77829200.0,44463000.0,21522100.0,12678600.0,74205800.0,17691000.0,5302500.0,8944400.0,12509500.0,5306090000.0,0.0,0.0
2025-08-08,68866700.0,9767700.0,12458700.0,667300.0,3769000.0,3023800.0,2189700.0,14528400.0,0.0,39161800.0,24679000.0,5623800.0,20441500.0,28318100.0,7686800.0,9232700.0,2622000.0,7320800.0,24432200.0,15531000.0,123396700.0,5315100.0,5811000.0,62657900.0,35255500.0,39170200.0,21723300.0,64051600.0,10552500.0,3734000.0,4064600.0,12394700.0,4769910000.0,0.0,0.0
2025-08-11,70651000.0,7837900.0,12396400.0,615600.0,3296200.0,2754200.0,2290100.0,10101600.0,0.0,25832400.0,30159800.0,4920200.0,35598800.0,25212800.0,7256800.0,10909400.0,2649000.0,7612000.0,17179600.0,20194400.0,138323200.0,5773400.0,7331700.0,56125600.0,33112900.0,24893500.0,13769800.0,58742300.0,8272900.0,4109500.0,3690600.0,12856700.0,4652400000.0,0.0,0.0
2025-08-12,52243500.0,7457400.0,17609600.0,997600.0,3087300.0,2715200.0,1588500.0,9244000.0,0.0,30397900.0,40846200.0,6724600.0,20775300.0,43815500.0,7916700.0,11061100.0,3438300.0,14563100.0,15005400.0,18667000.0,145485700.0,7668700.0,6938000.0,54819000.0,42143300.0,20848000.0,11072300.0,64730800.0,7295800.0,6185600.0,4059700.0,17915300.0,5135300000.0,0.0,0.0
2025-08-13,108305100.0,9178100.0,17371200.0,1129000.0,5341300.0,4069500.0,2352600.0,9844400.0,0.0,28342900.0,35039600.0,5925200.0,20702300.0,41705800.0,5878700.0,10356500.0,2999100.0,8811800.0,11458800.0,19619200.0,179871700.0,6147000.0,5812400.0,53610000.0,41209300.0,14523600.0,13281600.0,60092800.0,7971900.0,9976000.0,4111700.0,19398500.0,5195950000.0,0.0,0.0
2025-08-14,66308800.0,7285500.0,15717600.0,517800.0,3002800.0,4232600.0,1808700.0,11646400.0,0.0,25230400.0,36559900.0,5527500.0,16638200.0,55945500.0,8241700.0,10722400.0,4699400.0,8116200.0,8080200.0,20269100.0,129554000.0,6892500.0,6343700.0,53472900.0,45425000.0,18472900.0,10882000.0,59327500.0,11040500.0,8129200.0,3005000.0,10858400.0,4462050000.0,0.0,0.0
2025-08-15,51543100.0,6056300.0,22806900.0,583300.0,2663100.0,2430100.0,1638300.0,9057600.0,0.0,34931400.0,22754000.0,7428500.0,10334800.0,33571400.0,9477600.0,12381100.0,3416600.0,13375400.0,9693600.0,25213300.0,156602200.0,9162200.0,7121700.0,60288700.0,49480200.0,14183100.0,9087400.0,68592500.0,8155500.0,6207700.0,4025200.0,13604900.0,4575060000.0,0.0,0.0
2025-08-18,35937500.0,5098200.0,14724700.0,848300.0,2658800.0,1652900.0,2078500.0,9010800.0,0.0,18526600.0,25400800.0,9669600.0,8204300.0,20144100.0,9284000.0,14094900.0,3272600.0,16513700.0,8934200.0,23760600.0,132008000.0,9901000.0,8274500.0,62656600.0,29831000.0,21268900.0,7240900.0,43804900.0,6919800.0,3251400.0,2890400.0,11656100.0,4162290000.0,0.0,0.0
2025-08-19,64455000.0,9630300.0,20149600.0,654300.0,4162400.0,3648300.0,1673400.0,11147200.0,0.0,24240200.0,21700500.0,6499300.0,18738400.0,25000700.0,9274200.0,13862200.0,2893600.0,12286700.0,11144000.0,21481000.0,185229200.0,8596900.0,7868100.0,137922700.0,53752600.0,24104800.0,11004800.0,69750700.0,14594700.0,7307700.0,3358900.0,16999000.0,4377440000.0,0.0,0.0
2025-08-20,60233200.0,9449800.0,23600500.0,409700.0,8106300.0,3809900.0,2229600.0,8850400.0,0.0,28955500.0,29704900.0,6270700.0,16401300.0,29229700.0,9030000.0,17530800.0,3879900.0,11898200.0,9904400.0,27723000.0,215142700.0,10023500.0,7840400.0,220336400.0,76781100.0,20325000.0,14611200.0,88890300.0,17165200.0,8282300.0,5225300.0,18655000.0,4470390000.0,0.0,0.0
2025-08-21,37880500.0,5873700.0,14946300.0,367000.0,3032900.0,1357400.0,2145600.0,7201600.0,0.0,19774600.0,35825900.0,5351300.0,10121000.0,24539400.0,8859600.0,8840400.0,2282200.0,8876300.0,8233200.0,18443300.0,140040900.0,8153600.0,6417500.0,94678600.0,46436900.0,14951500.0,10181700.0,54805800.0,7449100.0,3744300.0,3028800.0,51825100.0,4013560000.0,0.0,0.0
2025-08-22,43998600.0,7362100.0,16301300.0,395500.0,4584000.0,2865800.0,3136000.0,8809200.0,0.0,42827000.0,59541500.0,10867700.0,15199400.0,58205500.0,9524000.0,12999600.0,2796700.0,10612700.0,9363000.0,24324200.0,172789400.0,5218000.0,5797300.0,102099200.0,51502100.0,18818200.0,11240600.0,84083200.0,10299500.0,5622100.0,3447300.0,32695200.0,5046860000.0,0.0,0.0
2025-08-25,36134700.0,5341200.0,15124700.0,301200.0,2861900.0,1909600.0,2284300.0,9653200.0,0.0,29928900.0,32714800.0,9936400.0,12158700.0,28453700.0,6229100.0,13634600.0,2944300.0,6861200.0,9870400.0,21638600.0,163012800.0,6624300.0,4692500.0,86879800.0,34044700.0,30133200.0,9671400.0,51274300.0,7655000.0,4610800.0,2723100.0,18956100.0,4059070000.0,0.0,0.0
2025-08-26,52138600.0,7242100.0,25689100.0,414000.0,2837000.0,1984100.0,4341300.0,12586800.0,0.0,28464100.0,33659900.0,5871200.0,13548900.0,25121500.0,9145000.0,17964200.0,2807600.0,7601800.0,14191600.0,30835700.0,168688200.0,11208100.0,6338000.0,86573700.0,34103000.0,47698000.0,13630100.0,51581600.0,9793100.0,5947500.0,3430800.0,22270400.0,4867680000.0,0.0,0.0
2025-08-27,37031000.0,6271600.0,13830300.0,327100.0,1862200.0,1764700.0,1893600.0,32478400.0,0.0,23022900.0,24335000.0,5222800.0,17335700.0,25395400.0,5951100.0,11562700.0,3234400.0,8315400.0,8998800.0,17277900.0,235518900.0,8092900.0,4551200.0,76380600.0,36927100.0,16784700.0,7621300.0,48341100.0,9516400.0,6412800.0,2665500.0,12925700.0,4143680000.0,0.0,0.0
2025-08-28,36285200.0,8372500.0,18907100.0,553800.0,3989900.0,3224500.0,2067900.0,39927200.0,0.0,32339300.0,24203800.0,6544700.0,16109100.0,25011200.0,6424700.0,16209900.0,3471700.0,7468000.0,8658000.0,18015600.0,281787800.0,9265100.0,5857400.0,57885200.0,46787900.0,16940200.0,9570700.0,61519500.0,8466200.0,6817500.0,3376200.0,19241600.0,4283760000.0,0.0,0.0
2025-08-29,37516800.0,7959600.0,21610700.0,583300.0,6985300.0,3939500.0,1609000.0,21940400.0,0.0,39728400.0,35070300.0,6818900.0,11540600.0,29254800.0,6942300.0,14601100.0,2492500.0,9070500.0,8329000.0,20961600.0,243257900.0,7760700.0,5318200.0,45270500.0,56030400.0,15897800.0,8497700.0,74522200.0,15526000.0,6367600.0,3999300.0,15600300.0,4234840000.0,0.0,0.0
2025-09-02,38656100.0,7415200.0,19693000.0,494300.0,4950700.0,3182400.0,1793900.0,15051200.0,0.0,47523000.0,51804000.0,8623200.0,13787100.0,33108600.0,9049000.0,24770100.0,3228700.0,9350900.0,7692600.0,18128000.0,231164900.0,17348600.0,6432800.0,65435000.0,65876800.0,20305200.0,20743100.0,81983500.0,13974900.0,8130500.0,4234700.0,15351300.0,4784000000.0,0.0,0.0
2025-09-03,30752800.0,6840100.0,18529400.0,635200.0,3618300.0,3827000.0,1670500.0,12146000.0,0.0,103336100.0,34283100.0,7586100.0,10369800.0,33252400.0,7111700.0,33581500.0,3219500.0,7699300.0,9364600.0,16345100.0,164424900.0,11259200.0,6592500.0,66052300.0,54230200.0,33322300.0,32491300.0,70820900.0,7198500.0,4081900.0,2815300.0,18995900.0,4465360000.0,0.0,0.0
2025-09-04,32103500.0,8365000.0,31220800.0,383600.0,2194900.0,3861600.0,1471900.0,11053600.0,0.0,51684200.0,37999700.0,6395300.0,13213900.0,30323800.0,7854800.0,16736000.0,2881300.0,11439100.0,10297400.0,15509500.0,141670100.0,6342200.0,6934900.0,53292300.0,47526300.0,17273100.0,19563100.0,65219200.0,6241900.0,4607300.0,2771800.0,15640900.0,4670770000.0,0.0,0.0
2025-09-05,78256000.0,9567500.0,78401600.0,398100.0,2481200.0,7696700.0,1928500.0,8677200.0,0.0,46588900.0,39147800.0,9566300.0,11508900.0,47542500.0,9733800.0,23978000.0,2533100.0,9663400.0,6677200.0,31994800.0,224441400.0,7186300.0,6436200.0,81855900.0,68342500.0,17362000.0,13121700.0,85178900.0,14056600.0,7719600.0,5199600.0,13748500.0,5066120000.0,0.0,0.0
2025-09-08,41849000.0,7925500.0,43535600.0,608800.0,2469500.0,4783500.0,1737000.0,10183200.0,0.0,32474700.0,27003400.0,7599600.0,10501700.0,31487700.0,8382500.0,21671700.0,2873600.0,13087800.0,8388400.0,16771000.0,163769100.0,11127600.0,7178400.0,47643000.0,46371400.0,18846400.0,10257100.0,63133100.0,12986600.0,10222700.0,4153400.0,13685700.0,5211500000.0,0.0,0.0
2025-09-09,42802500.0,6158500.0,26972300.0,311800.0,3714600.0,3151200.0,1496800.0,8507200.0,0.0,38061000.0,36704500.0,8223100.0,17694900.0,35395800.0,6005700.0,14120600.0,2310800.0,10999000.0,8931000.0,14410500.0,157548400.0,5866400.0,4984900.0,61359500.0,44007600.0,13243700.0,11157500.0,66133900.0,13443400.0,7608500.0,4451700.0,11819700.0,4798350000.0,0.0,0.0
2025-09-10,52465300.0,19772500.0,51086800.0,481300.0,4657100.0,3692000.0,2277500.0,9115200.0,0.0,35141100.0,38106100.0,8864500.0,14430000.0,33910200.0,6891600.0,16041900.0,3479500.0,12478300.0,9660000.0,21611800.0,226852000.0,6015100.0,6205500.0,62211400.0,49308000.0,11638500.0,15044400.0,78034500.0,18822400.0,12971100.0,9715800.0,17934900.0,5253010000.0,0.0,0.0
2025-09-11,48817700.0,13666200.0,29430900.0,467000.0,3701200.0,3175600.0,1532000.0,9647600.0,0.0,30599300.0,34221500.0,8554300.0,21599100.0,43629800.0,5792500.0,15128700.0,2761500.0,7923300.0,7235800.0,18881600.0,151159300.0,6144400.0,5819500.0,42025500.0,44745800.0,22816300.0,12727000.0,69934400.0,10005000.0,6779700.0,4408900.0,15900800.0,5426460000.0,0.0,0.0
2025-09-12,42232800.0,17920400.0,31949800.0,303800.0,3651100.0,2140400.0,1461600.0,11058800.0,0.0,26771600.0,25702800.0,36502700.0,68818800.0,46097600.0,7220200.0,18712400.0,2072600.0,8248600.0,9685200.0,23624900.0,124911000.0,5713700.0,5957000.0,54498500.0,50745900.0,27889800.0,12267800.0,72780100.0,8496600.0,4065400.0,3824900.0,11641900.0,4641640000.0,0.0,0.0
2025-09-15,36808700.0,12140800.0,21792200.0,393400.0,10202900.0,2747300.0,2199400.0,11517600.0,0.0,58383800.0,27248800.0,4990100.0,34677000.0,33014000.0,4768100.0,15986100.0,3584500.0,10533800.0,8669600.0,17143800.0,147061600.0,7279600.0,5995000.0,45396100.0,44360300.0,23957100.0,23182900.0,63772400.0,8147700.0,7643900.0,4750600.0,10756900.0,5045020000.0,0.0,0.0
2025-09-16,27946500.0,9382400.0,21306500.0,484700.0,7893300.0,2521000.0,2012600.0,11632000.0,0.0,34109700.0,33075600.0,5847700.0,30636600.0,37059300.0,7959300.0,18555900.0,3578500.0,11782500.0,17305800.0,19711900.0,140737800.0,9283500.0,6559600.0,34598700.0,36942100.0,42608100.0,16497200.0,61169000.0,10381900.0,5449900.0,3828400.0,14481900.0,5359510000.0,0.0,0.0
2025-09-17,41823800.0,8295400.0,45197100.0,504200.0,3893600.0,3272300.0,1556800.0,15491200.0,0.0,34108000.0,35955700.0,10701700.0,49629900.0,79955600.0,6714900.0,17372300.0,2681600.0,9400900.0,13103400.0,15816600.0,211843800.0,6092900.0,6764200.0,69255500.0,69384800.0,20731000.0,12722100.0,101952200.0,10422000.0,5123300.0,3468100.0,25382000.0,5805340000.0,0.0,0.0
2025-09-18,84549500.0,6939000.0,24663900.0,436600.0,4374400.0,2743000.0,1860900.0,40482000.0,0.0,31239500.0,43250000.0,7589200.0,45892900.0,49167700.0,8200900.0,17722900.0,4654100.0,10955000.0,11807000.0,18913700.0,191763300.0,6106600.0,7651500.0,70768600.0,61069300.0,19434100.0,25964600.0,90459200.0,16917300.0,5295000.0,3589600.0,14869400.0,5292400000.0,0.0,0.0
2025-09-19,55448100.0,17810900.0,41240100.0,1740500.0,7982600.0,3756400.0,4606000.0,28371200.0,0.0,55571400.0,32042900.0,5528800.0,50959400.0,56092000.0,25621000.0,31192900.0,5696900.0,23696800.0,26027800.0,52474100.0,237182100.0,12365500.0,17224800.0,109129900.0,58196100.0,26870000.0,52070400.0,97945600.0,17640200.0,6682800.0,9188500.0,34791600.0,9125960000.0,0.0,0.0
2025-09-22,46505500.0,8675200.0,28660000.0,406900.0,6029900.0,2212600.0,2794300.0,15501600.0,0.0,32290500.0,26670200.0,5282700.0,35675500.0,53572900.0,7193900.0,13298700.0,3657900.0,11706900.0,9337400.0,20009300.0,269637000.0,5797600.0,8712900.0,45916700.0,57154800.0,22995900.0,26290400.0,69452200.0,15630300.0,8731700.0,4819500.0,12861900.0,5642620000.0,0.0,0.0
2025-09-23,39448300.0,8215500.0,21944100.0,449000.0,4657400.0,2545600.0,3258500.0,10938000.0,0.0,26628000.0,37088500.0,7077500.0,40011900.0,41854500.0,8350400.0,15072800.0,2976900.0,10872600.0,8378000.0,19799600.0,192559600.0,6356500.0,8853400.0,62354800.0,64635500.0,38064000.0,21098400.0,81708900.0,17830300.0,16541300.0,6525200.0,13158700.0,5633620000.0,0.0,0.0
2025-09-24,38464100.0,7035700.0,19677300.0,1192500.0,6363600.0,3413400.0,2149800.0,8872800.0,0.0,28201000.0,28124300.0,5419700.0,33075600.0,36002200.0,6676800.0,14759300.0,2427300.0,8828200.0,7993600.0,13533700.0,143564100.0,5949100.0,6483300.0,45379700.0,49850300.0,30681600.0,16844500.0,68082200.0,10231000.0,5978100.0,3844400.0,11391800.0,5459180000.0,0.0,0.0
2025-09-25,36809900.0,6325300.0,21678200.0,974700.0,6950700.0,3831300.0,2991500.0,10859200.0,0.0,31020400.0,33509900.0,6517500.0,44799700.0,37209500.0,8475000.0,14395000.0,2558400.0,10591100.0,6265800.0,15786500.0,191586700.0,7101700.0,7511400.0,72321200.0,70920200.0,22418500.0,21368700.0,89622100.0,11863400.0,6197600.0,4262600.0,13366700.0,5874670000.0,0.0,0.0
2025-09-26,30316900.0,4867700.0,15464700.0,442500.0,3414200.0,2145300.0,4812900.0,9438800.0,0.0,18503200.0,31046800.0,7295300.0,32156900.0,28942800.0,8634400.0,17821600.0,2284700.0,9696300.0,6195200.0,16213100.0,148573700.0,6224700.0,5721100.0,44275800.0,54337400.0,14907100.0,12613200.0,69179200.0,10451900.0,3607600.0,3096200.0,11859300.0,5103110000.0,0.0,0.0
2025-09-29,39828800.0,6183600.0,21336000.0,719300.0,3541900.0,1900300.0,4107000.0,8791600.0,0.0,32505800.0,28558500.0,6357500.0,27595300.0,26391500.0,8597100.0,14818500.0,3073800.0,9246800.0,14643400.0,17617800.0,193063500.0,11930200.0,8139700.0,38413800.0,48332900.0,16145400.0,15753900.0,73499000.0,8046200.0,5876700.0,8373900.0,15477200.0,5358760000.0,0.0,0.0
2025-09-30,29669300.0,5828900.0,20109500.0,608700.0,4494100.0,1899100.0,3096700.0,9152800.0,0.0,34724300.0,54970300.0,9257800.0,22600600.0,33447700.0,11569000.0,13815000.0,2640100.0,16226800.0,9550400.0,19728200.0,236981000.0,7583400.0,7762600.0,43561700.0,46533800.0,14856100.0,20559300.0,86288000.0,8348800.0,6822300.0,5828400.0,13873400.0,6057210000.0,0.0,0.0
2025-10-01,39895200.0,7820700.0,21122700.0,520100.0,3961500.0,2093400.0,2642100.0,10049600.0,0.0,31658200.0,58042600.0,8347000.0,33912400.0,28520000.0,13063800.0,14877500.0,3055300.0,20419600.0,10103200.0,22632300.0,173844900.0,5880800.0,7566000.0,45717300.0,46899600.0,25640200.0,13151400.0,72545400.0,14620100.0,12844000.0,5387700.0,16142800.0,6037950000.0,0.0,0.0
2025-10-02,55475200.0,9473800.0,19917600.0,452700.0,3300700.0,1731400.0,2063800.0,10355200.0,0.0,25483300.0,33348900.0,9420600.0,37383600.0,28687400.0,7728100.0,14350700.0,2690400.0,11415300.0,8636200.0,21222900.0,136805800.0,4497300.0,6892100.0,39849200.0,43765400.0,35212900.0,18790600.0,56896000.0,10198000.0,8936100.0,4224200.0,15605400.0,5416130000.0,0.0,0.0
2025-10-03,42699100.0,7178600.0,14749100.0,378800.0,3528500.0,3695900.0,2319200.0,7934000.0,0.0,30249600.0,35109200.0,5154300.0,37681800.0,34579600.0,8675100.0,12249200.0,2599100.0,16154300.0,6190400.0,15112300.0,137596900.0,5425700.0,5212600.0,105533400.0,46482100.0,37741900.0,17498400.0,70494400.0,10572500.0,5728500.0,5306900.0,11867500.0,5713110000.0,0.0,0.0
2025-10-06,248859600.0,7277600.0,18465700.0,431900.0,6015700.0,3081700.0,2504000.0,7797600.0,0.0,28894700.0,29485100.0,6319600.0,36301000.0,31507400.0,5806100.0,14333300.0,3814200.0,21654700.0,6508000.0,21388600.0,157678100.0,6750700.0,6737000.0,52504200.0,41962100.0,31020500.0,18427900.0,54623300.0,15785000.0,7203300.0,6019800.0,13303600.0,5604460000.0,0.0,0.0
2025-10-07,115748100.0,7348700.0,18086700.0,376300.0,4003200.0,1863800.0,2601800.0,11430000.0,0.0,23181300.0,27672300.0,5119900.0,47589100.0,31766600.0,8776800.0,13328300.0,2515700.0,12062900.0,11596000.0,14615200.0,140088000.0,6110300.0,6844400.0,58179300.0,58209500.0,36545600.0,19406600.0,72020100.0,13081000.0,6899100.0,2865800.0,15538900.0,5546150000.0,0.0,0.0
2025-10-08,159983500.0,11283400.0,21478300.0,501000.0,3552200.0,3187200.0,2376900.0,14470000.0,0.0,21307100.0,34932200.0,5141900.0,40788200.0,25825000.0,5751200.0,12606700.0,2464600.0,10790600.0,15259800.0,13363400.0,130168900.0,8256700.0,5254700.0,36299700.0,50629800.0,36149900.0,15443400.0,60702200.0,12821200.0,4889900.0,3706000.0,13584100.0,5383130000.0,0.0,0.0
2025-10-09,94290700.0,8459900.0,17643700.0,512200.0,3920400.0,1490500.0,3742900.0,8815200.0,0.0,27892100.0,65586700.0,7130600.0,25016200.0,26243100.0,7484800.0,12705200.0,2802700.0,12717200.0,7595200.0,18343600.0,182997200.0,13706600.0,6134500.0,45050300.0,45551000.0,25844500.0,22078400.0,66501900.0,10259900.0,4972800.0,3796100.0,19508000.0,5385020000.0,0.0,0.0
2025-10-10,118656600.0,10459300.0,28941000.0,456200.0,7190300.0,2815600.0,3142500.0,12570400.0,0.0,33180300.0,83840400.0,10417700.0,41146800.0,70569400.0,9598000.0,17991700.0,4016200.0,16980100.0,13538800.0,24133800.0,268774400.0,17545200.0,7374000.0,55194000.0,97614800.0,40876800.0,36466900.0,159422600.0,23398000.0,16066600.0,4388200.0,18519400.0,6596610000.0,0.0,0.0
2025-10-13,63104000.0,14233900.0,45984300.0,395700.0,6821200.0,3289800.0,2169600.0,9362400.0,0.0,24995000.0,31926800.0,5607600.0,49458800.0,36298600.0,7979500.0,13690000.0,3369300.0,9251800.0,12850800.0,14284200.0,153482800.0,7272000.0,7511100.0,41332400.0,65872600.0,26180300.0,30071300.0,79560500.0,20318300.0,11056200.0,3868800.0,10871200.0,5303960000.0,0.0,0.0
2025-10-14,71216300.0,13672400.0,22078000.0,363000.0,7770500.0,3236800.0,1925900.0,11074000.0,0.0,22111600.0,63860100.0,7650600.0,34459600.0,45320800.0,13613300.0,14245600.0,2992800.0,8829800.0,12406800.0,14684300.0,205641400.0,8371100.0,8585300.0,49261400.0,69203200.0,27623500.0,23524700.0,88779600.0,16567900.0,7427500.0,3088200.0,30859500.0,5666920000.0,0.0,0.0
2025-10-15,108481000.0,8687000.0,23918500.0,1360300.0,6175100.0,2802600.0,2009800.0,6923200.0,0.0,27007700.0,59802200.0,7769300.0,31348000.0,45369000.0,9473000.0,11193700.0,2522100.0,10246800.0,8829000.0,14694700.0,214450500.0,6101100.0,10003100.0,37372100.0,62805500.0,26290800.0,61078600.0,81702600.0,20788000.0,5642900.0,5412000.0,21416300.0,5633060000.0,0.0,0.0
2025-10-16,69726400.0,6909500.0,20317200.0,800500.0,4921400.0,4806700.0,2721400.0,8683200.0,0.0,27997200.0,75725200.0,11627200.0,35988400.0,52740400.0,10611800.0,15707200.0,2021600.0,9017000.0,12707600.0,15559600.0,179723300.0,8532900.0,8809700.0,42870900.0,70982000.0,23835200.0,41118400.0,110563300.0,26341500.0,5000100.0,3562200.0,16366200.0,6048180000.0,0.0,0.0
2025-10-17,55804200.0,6533900.0,20937900.0,675100.0,6135100.0,2367700.0,2502200.0,7707200.0,0.0,29671600.0,70044200.0,12491000.0,33423300.0,55379500.0,7764400.0,15541800.0,2194200.0,12232400.0,9446000.0,19867800.0,173135200.0,6710100.0,8612900.0,43421500.0,72024900.0,16892900.0,30755000.0,96500900.0,17633300.0,5880700.0,4004700.0,13735600.0,5358120000.0,0.0,0.0
2025-10-20,56741700.0,6120700.0,15640200.0,453600.0,3758500.0,2317000.0,1523700.0,11280400.0,0.0,22350200.0,43762300.0,10437800.0,28516100.0,32545000.0,8034700.0,17786800.0,2329600.0,8900200.0,9350800.0,14665600.0,128544700.0,4810600.0,5601300.0,31975800.0,45761700.0,25835200.0,15883800.0,60493400.0,13391600.0,6692000.0,4058400.0,10581200.0,4672170000.0,0.0,0.0
2025-10-21,47122400.0,3648900.0,16092600.0,498500.0,5869500.0,1834000.0,1448200.0,5763600.0,0.0,47312100.0,45418100.0,7642000.0,26167000.0,26337900.0,6716000.0,33651300.0,2461100.0,7647300.0,11733600.0,15586200.0,124240200.0,5614300.0,6013400.0,27528100.0,44538200.0,17508200.0,30772200.0,56249000.0,11190500.0,8130700.0,5781700.0,10899700.0,5245020000.0,0.0,0.0
2025-10-22,59668800.0,7349200.0,19268800.0,576000.0,5320100.0,3146800.0,2372400.0,6721200.0,0.0,35029400.0,50698600.0,6523500.0,39326800.0,46578400.0,6343100.0,18293000.0,2735700.0,8734500.0,10264600.0,18962700.0,162249600.0,6486000.0,6394400.0,58263100.0,61478800.0,22149400.0,39024300.0,80564000.0,15409100.0,22483700.0,5344400.0,12296500.0,5710010000.0,0.0,0.0
2025-10-23,39024400.0,7327400.0,12859200.0,343400.0,4536300.0,1950700.0,1974800.0,12589200.0,0.0,19901400.0,37962400.0,6138300.0,65822800.0,28591000.0,8882500.0,13989400.0,2081500.0,9856000.0,6085800.0,14023500.0,111363700.0,6091800.0,8205400.0,35812300.0,42844300.0,13226400.0,21950100.0,65604500.0,10379900.0,9679400.0,3033700.0,11408200.0,5565750000.0,0.0,0.0
2025-10-24,71221100.0,5170800.0,16143700.0,383700.0,4036700.0,2865700.0,1639400.0,10202000.0,0.0,28655100.0,39905600.0,7555200.0,27501700.0,26627000.0,6903400.0,15688200.0,1994500.0,9151300.0,4802600.0,15532400.0,131296700.0,3580200.0,11968500.0,34813500.0,47632500.0,12041200.0,23940900.0,74356500.0,8747000.0,7188500.0,4787500.0,10318000.0,5058220000.0,0.0,0.0
2025-10-27,65613100.0,5509100.0,20065800.0,489500.0,4116100.0,5348200.0,1967600.0,7728800.0,0.0,35235200.0,36495000.0,7272300.0,25766700.0,31798100.0,7126000.0,13800000.0,2139700.0,11321100.0,7873000.0,18734700.0,153452700.0,4744600.0,7775300.0,47153100.0,54098600.0,19183300.0,14938400.0,63339800.0,13615000.0,6673000.0,4539500.0,16375900.0,5290650000.0,0.0,0.0
2025-10-28,47448700.0,5037400.0,21056000.0,566100.0,24708000.0,7721700.0,2090800.0,13469600.0,0.0,29738600.0,31591400.0,5539600.0,35730100.0,28075900.0,8329500.0,12730500.0,2336500.0,12193800.0,6944200.0,29986700.0,297986200.0,5626500.0,5819300.0,38201000.0,61195700.0,11772900.0,32305100.0,61738100.0,11804200.0,6044100.0,9390500.0,13323000.0,5695930000.0,0.0,0.0
2025-10-29,49335600.0,6901400.0,24975200.0,445800.0,8371100.0,4002700.0,2449600.0,7122400.0,0.0,43580300.0,51827100.0,11223300.0,25520900.0,56235300.0,10551100.0,19789600.0,2502300.0,26818600.0,11593800.0,36023000.0,308829600.0,7767600.0,7405500.0,65537300.0,67422800.0,17907200.0,18613600.0,85657100.0,16177300.0,6298900.0,6158900.0,11986400.0,6280130000.0,0.0,0.0
2025-10-30,45162500.0,6911300.0,24295300.0,491200.0,4575200.0,2788400.0,2677100.0,7819600.0,0.0,74876000.0,39967300.0,8958800.0,16098700.0,44538700.0,7072500.0,14751700.0,3128400.0,88440100.0,17451000.0,41023100.0,178864400.0,5752700.0,6760700.0,43541700.0,61628600.0,12479000.0,14854300.0,76335800.0,14507100.0,5693500.0,3805400.0,14065100.0,6052700000.0,0.0,0.0
2025-10-31,34449200.0,6209300.0,21598400.0,533200.0,5691000.0,2799100.0,2456300.0,7492400.0,0.0,39267900.0,45044600.0,9739900.0,19319900.0,37214700.0,8791700.0,16742700.0,3582700.0,56953200.0,10007400.0,34006400.0,179802200.0,6313600.0,7930300.0,52697600.0,66305100.0,13830100.0,17575000.0,87164100.0,12667900.0,7726600.0,4231300.0,20237000.0,6398280000.0,0.0,0.0
2025-11-03,36351400.0,6422600.0,17198900.0,603800.0,4805300.0,1865900.0,3206600.0,7642000.0,0.0,29786000.0,54615100.0,8012500.0,23850500.0,28887900.0,7542600.0,15660400.0,3899300.0,33003600.0,8660200.0,22374700.0,180267300.0,8331500.0,8946400.0,81016800.0,37154300.0,11463500.0,15378700.0,57315000.0,12466600.0,6065100.0,3585000.0,14811700.0,6065720000.0,0.0,0.0
2025-11-04,56491800.0,9026400.0,24047500.0,1132900.0,5005700.0,2064700.0,2554500.0,10020400.0,0.0,30078400.0,49705000.0,6119000.0,22044300.0,34468700.0,7209400.0,12743800.0,4151300.0,27356600.0,10849000.0,20958700.0,188919300.0,8302900.0,9295400.0,121380900.0,63830800.0,13725500.0,17619200.0,78427000.0,16224300.0,8984800.0,3805000.0,12636400.0,5739510000.0,0.0,0.0
2025-11-05,67366600.0,15901000.0,17087600.0,4863000.0,4928500.0,2762800.0,2974800.0,6584800.0,0.0,31010300.0,42273700.0,11749200.0,21843100.0,38229200.0,5049400.0,12850100.0,6070300.0,20219900.0,10659200.0,23024300.0,171350300.0,7136400.0,11199900.0,76121000.0,48688500.0,13254300.0,14542400.0,74402400.0,10502500.0,6534700.0,3547000.0,13356800.0,5939600000.0,0.0,0.0
2025-11-06,66049700.0,13296100.0,19896900.0,1891500.0,7109500.0,2580000.0,3247700.0,12399600.0,0.0,37173600.0,46629200.0,7665000.0,35400200.0,40601200.0,6767400.0,15906700.0,3544900.0,23628800.0,20265800.0,27406500.0,223029800.0,6449400.0,10024500.0,78468600.0,72115100.0,21053100.0,23758800.0,85035300.0,11516900.0,5907100.0,6543600.0,14866000.0,6051900000.0,0.0,0.0
2025-11-07,52162600.0,11341600.0,21903200.0,1049900.0,6592300.0,4986200.0,2584000.0,9708400.0,0.0,34479600.0,47233800.0,11460300.0,32829800.0,54978900.0,6959200.0,25108300.0,3250100.0,29946800.0,28199600.0,24019800.0,264942300.0,7592300.0,8500100.0,73989700.0,81835400.0,25058800.0,42361300.0,100592400.0,15715700.0,9143000.0,5805300.0,17248700.0,5926070000.0,0.0,0.0
2025-11-10,43361600.0,6974300.0,16409000.0,1118600.0,4873400.0,2310900.0,2612700.0,8658000.0,0.0,29557300.0,51875200.0,9097300.0,26986800.0,31238000.0,5323800.0,15318000.0,3824300.0,19245000.0,13442600.0,26101500.0,198897100.0,6617500.0,10208100.0,87764200.0,55919900.0,22929800.0,31546000.0,75842900.0,10869200.0,5590100.0,4273700.0,14507600.0,5366050000.0,0.0,0.0
2025-11-11,61336800.0,7189300.0,16446800.0,1240000.0,3301000.0,1845600.0,1663400.0,5423200.0,0.0,19842100.0,17001100.0,4937700.0,17370000.0,27357900.0,7465600.0,16160200.0,2755800.0,13302200.0,14259800.0,17980000.0,176483300.0,7683600.0,7332500.0,49819700.0,44868800.0,33240100.0,20087500.0,58953400.0,9666300.0,5625700.0,4542600.0,13182100.0,4983490000.0,0.0,0.0
2025-11-12,108942000.0,6471400.0,12190500.0,1048600.0,2737000.0,1653300.0,1829700.0,7966000.0,0.0,24829900.0,43962900.0,7188200.0,23096500.0,34543200.0,8803000.0,13612600.0,2818600.0,24493300.0,12540600.0,26574900.0,154935300.0,5790100.0,7851100.0,55347100.0,47444400.0,21987100.0,20965100.0,62312500.0,9715900.0,6131700.0,4252100.0,12084400.0,5293610000.0,0.0,0.0
2025-11-13,63178600.0,10471400.0,22616600.0,1285500.0,4771900.0,6005200.0,2430600.0,9624000.0,0.0,29494000.0,53631300.0,46965300.0,37229500.0,65710000.0,8631600.0,14002800.0,2294300.0,20973800.0,12625600.0,25273100.0,207423100.0,6663300.0,7566800.0,63188800.0,71333600.0,26517100.0,27631900.0,103457800.0,13827600.0,11389900.0,5467400.0,18088500.0,5473720000.0,0.0,0.0
2025-11-14,47655600.0,10672500.0,18500800.0,823300.0,4893300.0,4941800.0,1739100.0,7769200.0,0.0,31647200.0,40853500.0,11288500.0,29451100.0,58344400.0,8824800.0,13172000.0,3112500.0,20724100.0,10517200.0,28505700.0,186591900.0,5770500.0,9150800.0,62596800.0,80087300.0,21107100.0,26045200.0,96846700.0,11486800.0,10018700.0,5484400.0,23424200.0,5042660000.0,0.0,0.0
2025-11-17,37942200.0,12455900.0,14799600.0,812200.0,3938400.0,3016900.0,2481900.0,5581200.0,0.0,52670200.0,42954200.0,6648500.0,22630800.0,55765900.0,13257000.0,14772300.0,2435700.0,16501300.0,9633400.0,19092800.0,173628900.0,7320200.0,9902300.0,50339000.0,63850400.0,17583500.0,24986200.0,90456100.0,10227100.0,5249900.0,3108600.0,15289400.0,5204220000.0,0.0,0.0
2025-11-18,45619900.0,12561100.0,21726800.0,841200.0,5055800.0,3095200.0,2984700.0,10292000.0,0.0,49158700.0,44098700.0,8769000.0,20780000.0,63092500.0,12468600.0,12838900.0,2773800.0,25500600.0,8938400.0,33815100.0,213598900.0,10821500.0,10735200.0,53710100.0,83327300.0,16982000.0,23969000.0,114467500.0,11850400.0,7586300.0,3279100.0,17604500.0,5159390000.0,0.0,0.0
2025-11-19,52093400.0,7703500.0,21851900.0,1059500.0,6242200.0,3295700.0,3462300.0,6087600.0,0.0,68198900.0,33510100.0,13075900.0,19458100.0,57280500.0,14690800.0,12401500.0,2008300.0,24744700.0,11198400.0,23245300.0,247246400.0,8123200.0,6367000.0,46108200.0,73111500.0,15304000.0,23102800.0,94703000.0,11179200.0,6070500.0,3384400.0,22157000.0,5021610000.0,0.0,0.0
2025-11-20,66342900.0,12642000.0,28867000.0,787200.0,6292900.0,4564100.0,2648300.0,9932400.0,0.0,62025200.0,65471200.0,9076400.0,33669500.0,95483000.0,10612600.0,15396500.0,4205100.0,20603000.0,10497400.0,26802500.0,343504800.0,6878900.0,9021300.0,78443900.0,117743200.0,25029300.0,31531900.0,165293500.0,15747300.0,10076100.0,4271500.0,50375900.0,5596080000.0,0.0,0.0
2025-11-21,67421100.0,16704100.0,30280300.0,902200.0,7150000.0,5335000.0,2870100.0,12254800.0,0.0,74137700.0,62331700.0,12551100.0,29301400.0,99504100.0,13189100.0,26492500.0,3348900.0,21052600.0,10517600.0,31769200.0,346926200.0,7911800.0,12018000.0,71346400.0,103344200.0,18870000.0,24848500.0,123956200.0,20872800.0,10577700.0,6303800.0,41420800.0,5929930000.0,0.0,0.0
2025-11-24,46749600.0,12758600.0,47262400.0,1024200.0,3923100.0,5153900.0,3661200.0,10596800.0,0.0,85165100.0,38964900.0,6903900.0,40440600.0,36135300.0,14803900.0,39818600.0,3687300.0,23554900.0,20668000.0,34421000.0,256618300.0,9391400.0,13846900.0,57877800.0,60168100.0,20281000.0,22736500.0,80437900.0,13570300.0,8208200.0,5750900.0,42519200.0,6039740000.0,0.0,0.0
2025-11-25,69773500.0,7143400.0,33507600.0,914400.0,5827200.0,3196300.0,2534700.0,6608800.0,0.0,88632100.0,56524800.0,9193400.0,18007200.0,46160800.0,10275300.0,17451200.0,4189600.0,25213000.0,11336600.0,28019800.0,320600300.0,8954000.0,10477700.0,36523500.0,57560900.0,10568800.0,21529500.0,81077100.0,13726800.0,8573200.0,3865100.0,20212900.0,5003330000.0,0.0,0.0
2025-11-26,43270200.0,5995000.0,28693000.0,444900.0,2924800.0,2589000.0,1936200.0,8855200.0,0.0,51373400.0,27454800.0,7747100.0,12482000.0,34636600.0,6729000.0,11795100.0,2786600.0,15209500.0,6707200.0,25709100.0,183852000.0,5180600.0,9238500.0,34610500.0,42393600.0,10906100.0,19868500.0,71879600.0,12220300.0,5264800.0,2937800.0,17783300.0,4485000000.0,0.0,0.0
2025-11-28,18658000.0,3895000.0,13365500.0,294900.0,1747800.0,1528200.0,1092600.0,4075600.0,0.0,26018600.0,29430800.0,7798000.0,10307400.0,18911800.0,5638300.0,7423000.0,1850700.0,11033200.0,4734200.0,14386700.0,121332800.0,2969300.0,4707200.0,17199500.0,23034400.0,5636800.0,17890300.0,49212000.0,5515400.0,4059600.0,1908400.0,9846500.0,2558540000.0,0.0,0.0
2025-12-01,30768700.0,4690600.0,23252000.0,770000.0,2507800.0,3142000.0,2149400.0,8234400.0,0.0,41183000.0,45274800.0,9898100.0,13654200.0,36920000.0,8473700.0,14388100.0,3354100.0,13029900.0,12668400.0,23964000.0,188131000.0,7623300.0,8240700.0,27779600.0,40957600.0,13260600.0,20612000.0,61201200.0,7713000.0,6501500.0,3251000.0,17236800.0,4549370000.0,0.0,0.0
2025-12-02,42002500.0,5619000.0,22207000.0,584200.0,2540300.0,3611800.0,2160600.0,20221200.0,0.0,35854700.0,38842600.0,7317200.0,12670200.0,31918500.0,8393600.0,19871300.0,3947800.0,11640900.0,12917800.0,19562700.0,182632200.0,6830300.0,16376800.0,35368000.0,54541800.0,13390800.0,19300200.0,62953800.0,10746400.0,5304500.0,3029200.0,18711800.0,4582290000.0,0.0,0.0
2025-12-03,28545200.0,5286300.0,21336400.0,552200.0,1890600.0,2026300.0,1886800.0,22315200.0,0.0,41838300.0,35019100.0,6855100.0,17183100.0,32846300.0,8363300.0,17001700.0,4986900.0,11134300.0,9945400.0,34615100.0,165138000.0,5109200.0,9125300.0,30541600.0,47841600.0,14385200.0,25902800.0,57238500.0,9599200.0,5374500.0,2492600.0,24478300.0,4736780000.0,0.0,0.0
2025-12-04,24478200.0,4516400.0,15845900.0,1259100.0,4185000.0,1932500.0,3787800.0,9909200.0,0.0,31240900.0,34777400.0,8928900.0,33399900.0,40245800.0,9049900.0,17710000.0,4632200.0,29874600.0,9041400.0,22318200.0,167364900.0,6803000.0,10479300.0,29217800.0,47067800.0,28366600.0,42614600.0,61970300.0,6753000.0,4962300.0,3408700.0,25905100.0,4872440000.0,0.0,0.0
2025-12-05,33292400.0,5166300.0,24779900.0,389500.0,4654500.0,1395700.0,2359800.0,10517600.0,0.0,28851700.0,30486800.0,9118700.0,17478700.0,36956600.0,7785300.0,13978200.0,3147200.0,21207900.0,7021000.0,22608700.0,143971100.0,5971300.0,12791700.0,32079300.0,53614200.0,14633100.0,25834700.0,79241000.0,10275300.0,7445800.0,4524300.0,23956400.0,4944560000.0,0.0,0.0
2025-12-08,30943200.0,7813800.0,30410600.0,533200.0,2608300.0,2489400.0,2407900.0,6642000.0,0.0,33909400.0,43160800.0,14728300.0,16359700.0,29100000.0,7785700.0,17775100.0,3575000.0,13161000.0,8101200.0,21965900.0,204378100.0,6327400.0,17507500.0,30456700.0,43462400.0,21748500.0,24333200.0,55231500.0,16643100.0,5556300.0,4230200.0,22700700.0,4757130000.0,0.0,0.0
2025-12-09,25166100.0,5227900.0,24546000.0,459300.0,3192800.0,1356000.0,1899500.0,8143200.0,0.0,30194000.0,30558800.0,8509200.0,12985500.0,30170100.0,7509400.0,13010600.0,2355100.0,12997100.0,7928400.0,14696100.0,144719700.0,10035200.0,10375700.0,18937600.0,37156000.0,17526200.0,16250000.0,58310100.0,11349100.0,6414700.0,3939500.0,24326700.0,4508050000.0,0.0,0.0
2025-12-10,23279400.0,5921300.0,31531000.0,1396000.0,3792500.0,1750000.0,3318300.0,9437200.0,0.0,33428900.0,53052100.0,13356900.0,14899800.0,51105200.0,11599800.0,29789400.0,4103900.0,16910900.0,14382400.0,35756200.0,162785400.0,18526400.0,13650400.0,59398000.0,55031400.0,38839900.0,22479000.0,85671300.0,12429200.0,5301300.0,5778100.0,22859600.0,5526570000.0,0.0,0.0
2025-12-11,30694600.0,6679500.0,45681600.0,742700.0,3263100.0,2890400.0,3041600.0,8006000.0,0.0,42353700.0,44546400.0,8672800.0,19063200.0,41345200.0,9009000.0,23124200.0,4844000.0,13056700.0,11279800.0,24669200.0,182136600.0,7854000.0,11798000.0,36843200.0,58272800.0,31378800.0,22399100.0,86173700.0,15028400.0,11321100.0,6197100.0,21586600.0,5021060000.0,0.0,0.0
2025-12-12,37073900.0,8508700.0,95588500.0,943800.0,5592300.0,4856300.0,4808900.0,10710800.0,0.0,35940200.0,45566100.0,8348700.0,14308200.0,57657700.0,6922700.0,18444500.0,3771900.0,14016900.0,9710600.0,21248100.0,204274900.0,8143100.0,10268800.0,42427400.0,75158700.0,33545300.0,28677000.0,113160300.0,19306100.0,12512200.0,5870200.0,19092400.0,4910160000.0,0.0,0.0
2025-12-15,27222200.0,6441900.0,65894900.0,1017000.0,3856800.0,2553700.0,4771400.0,8739600.0,0.0,29151900.0,28983600.0,6117000.0,22526900.0,43120100.0,8467000.0,18660100.0,3814900.0,15549100.0,11236800.0,23727700.0,164775600.0,8409600.0,13877700.0,32796100.0,49538200.0,32932200.0,21888200.0,90811000.0,12082400.0,8861400.0,4287400.0,18713700.0,4975600000.0,0.0,0.0
2025-12-16,23467600.0,6656100.0,58061100.0,897700.0,3986400.0,2893600.0,3843300.0,7034800.0,0.0,30585000.0,27908000.0,7456400.0,16642300.0,43115300.0,9949800.0,17370000.0,2972300.0,14309100.0,10106200.0,20705600.0,148588100.0,7520300.0,10251700.0,42070300.0,55152800.0,22447400.0,20564600.0,122030600.0,11418400.0,7808700.0,4190100.0,19642300.0,4983180000.0,0.0,0.0
2025-12-17,31595400.0,8589200.0,73300900.0,1140700.0,3535000.0,5056800.0,2363700.0,9269200.0,0.0,43930400.0,36999700.0,5673200.0,20237900.0,38132400.0,8457600.0,13672700.0,3328600.0,15598500.0,8776800.0,24527200.0,222775500.0,8067100.0,9833300.0,50424700.0,70654300.0,23761100.0,22147200.0,110625200.0,16823000.0,11959800.0,6902900.0,16177800.0,5122120000.0,0.0,0.0
2025-12-18,29720100.0,5515200.0,54501900.0,955600.0,2785800.0,3234700.0,2467500.0,7340400.0,0.0,33518000.0,52680500.0,7357600.0,16218500.0,39068000.0,7499900.0,15524800.0,3335200.0,20260300.0,9652200.0,28573500.0,176096000.0,6643200.0,12239900.0,40221500.0,78875800.0,27939400.0,19272200.0,108650100.0,11260300.0,7773800.0,7652500.0,21476700.0,5101190000.0,0.0,0.0
2025-12-19,58445500.0,12713100.0,159095200.0,2688900.0,6289400.0,3770400.0,10097600.0,18650800.0,0.0,59943200.0,34413300.0,5806600.0,30432900.0,43610400.0,24803900.0,36911100.0,7128600.0,49977100.0,34156600.0,70836100.0,324925900.0,17543500.0,19345600.0,76929400.0,60369800.0,52764800.0,28175600.0,103599500.0,12735800.0,9716400.0,7141800.0,50043800.0,8554470000.0,0.0,0.0
2025-12-22,24950700.0,5547300.0,28739600.0,876200.0,3302600.0,1961000.0,2373300.0,9213200.0,0.0,26429900.0,37203900.0,4672800.0,28897200.0,40497300.0,8187800.0,12828500.0,2514600.0,15659400.0,10402600.0,16963000.0,129064400.0,8818700.0,11731400.0,36686000.0,43703100.0,48279600.0,24591900.0,69556700.0,6091100.0,5688100.0,4379200.0,21473900.0,4465030000.0,0.0,0.0
2025-12-23,20272300.0,2884300.0,28232600.0,709500.0,2167300.0,1200000.0,1903300.0,8212000.0,0.0,25478700.0,24341800.0,5093900.0,15263300.0,24973500.0,7047300.0,9471000.0,2922800.0,8486800.0,7550000.0,14683600.0,174873600.0,7254800.0,9541600.0,24041000.0,41120400.0,35673300.0,17835300.0,64840000.0,6802300.0,3220400.0,3772000.0,20319900.0,3820560000.0,0.0,0.0
2025-12-24,7956800.0,1642400.0,11424400.0,218900.0,1151200.0,649000.0,1822200.0,2980400.0,0.0,10097400.0,10533500.0,3967700.0,10354100.0,12103000.0,2376500.0,4515300.0,1011500.0,5627500.0,3072000.0,5855900.0,65528500.0,2618700.0,3259200.0,11710100.0,18468700.0,16720600.0,10249600.0,39445600.0,2753900.0,1335200.0,1342200.0,9009600.0,1798270000.0,0.0,0.0
2025-12-26,15792600.0,2308400.0,15028100.0,328400.0,1322600.0,998600.0,1324100.0,4602800.0,0.0,10899000.0,10922900.0,3491500.0,19679600.0,17429900.0,2316700.0,5711400.0,1308900.0,7133800.0,4409800.0,8842200.0,139740300.0,4975500.0,4711500.0,26262000.0,28959800.0,23157800.0,24899600.0,41613300.0,5125900.0,2532800.0,2317500.0,9003800.0,2586550000.0,0.0,0.0
2025-12-29,20326900.0,6199700.0,21946900.0,443500.0,2005500.0,1541100.0,1792500.0,5258400.0,0.0,19621800.0,22012700.0,5034600.0,17259800.0,25218800.0,4348900.0,9686900.0,2148300.0,8506500.0,6686400.0,10893400.0,120006100.0,7201900.0,7662100.0,28242000.0,32458300.0,18294100.0,26422500.0,62559500.0,6205100.0,3075200.0,2856100.0,12979600.0,3541750000.0,0.0,0.0
2025-12-30,16409600.0,4081100.0,16633600.0,430800.0,2140700.0,1120500.0,1680800.0,4672400.0,0.0,17380900.0,20146700.0,4108600.0,13552200.0,22123600.0,3937400.0,8610900.0,1678300.0,9187500.0,6313800.0,13944500.0,97687300.0,4713800.0,6006400.0,23336300.0,31226800.0,30151700.0,19445400.0,47160700.0,6190600.0,3764300.0,2220600.0,11730600.0,3309930000.0,0.0,0.0
2025-12-31,17591600.0,3821600.0,15346100.0,469200.0,1598200.0,1164900.0,1490000.0,6644000.0,0.0,16377700.0,17457100.0,6802100.0,11437000.0,35352000.0,4083800.0,8127800.0,1903600.0,7940400.0,5588400.0,15601600.0,120100500.0,4380300.0,5293200.0,22997400.0,40746500.0,17594200.0,16899500.0,74144800.0,8175100.0,2575500.0,1845100.0,11487400.0,3261830000.0,0.0,0.0
2026-01-02,36446200.0,4707400.0,25398600.0,517600.0,4768200.0,2083300.0,2373400.0,13300000.0,0.0,32009400.0,28403300.0,6611800.0,17122100.0,40007700.0,6325500.0,12151300.0,3124300.0,13726500.0,8948600.0,25571600.0,148240500.0,7182100.0,8946100.0,60634100.0,61859200.0,31517600.0,31101300.0,89377200.0,18526900.0,7348200.0,3838400.0,14306600.0,4184120000.0,0.0,0.0
2026-01-05,31941100.0,9691900.0,31136000.0,777900.0,4887200.0,2730000.0,2805600.0,10462800.0,0.0,30195600.0,38563200.0,8693200.0,20311300.0,37428100.0,9477000.0,21186600.0,4573300.0,12213700.0,9481000.0,25250300.0,183529700.0,9031400.0,12297300.0,39511700.0,46828400.0,33498600.0,68574500.0,71927200.0,17446300.0,5860200.0,4385200.0,19557600.0,5771930000.0,0.0,0.0
2026-01-06,40033200.0,8004000.0,27135500.0,1203500.0,3797900.0,3074300.0,2742300.0,9360400.0,0.0,31212100.0,31721500.0,12834100.0,16937500.0,40677800.0,8107900.0,21019900.0,3769100.0,11074400.0,8791400.0,23037700.0,176862600.0,9576500.0,10421800.0,34838600.0,43137500.0,43669700.0,51439000.0,69273800.0,15599600.0,7813700.0,6577500.0,20120800.0,5509680000.0,0.0,0.0
2026-01-07,29715500.0,7550700.0,20249300.0,778300.0,3965500.0,1689700.0,2680100.0,15868400.0,0.0,35104400.0,27022700.0,7990900.0,14297200.0,33052000.0,7545900.0,20223400.0,4100200.0,12846300.0,12637200.0,25564200.0,153543200.0,8539800.0,14369100.0,45349000.0,44880300.0,28603500.0,34849800.0,75588300.0,11744800.0,5205600.0,9433200.0,23306000.0,5214480000.0,0.0,0.0
2026-01-08,27505000.0,8944200.0,24385200.0,590900.0,4966600.0,3048000.0,5207200.0,9822000.0,0.0,31896100.0,33516900.0,6931700.0,16618400.0,37957000.0,6557800.0,19237000.0,3268300.0,11921700.0,7129000.0,18162600.0,172457000.0,8762800.0,9297100.0,47304300.0,50435900.0,29874200.0,23624700.0,64019200.0,10850800.0,7684900.0,6866800.0,24058300.0,5333200000.0,0.0,0.0
2026-01-09,24217300.0,8989700.0,22482500.0,615600.0,6850000.0,2225800.0,2895400.0,9590000.0,0.0,26214200.0,31849200.0,10277300.0,13686000.0,36301500.0,6154300.0,19638600.0,2972000.0,11634900.0,7137000.0,18491000.0,131327500.0,6767600.0,9528500.0,31362900.0,49688700.0,23780400.0,51357100.0,80125500.0,12325100.0,5665300.0,14316000.0,21902900.0,5163900000.0,0.0,0.0
2026-01-12,27287300.0,8795900.0,20949600.0,479200.0,3814000.0,1598900.0,3246400.0,7755600.0,0.0,33923900.0,23983600.0,6360600.0,16782300.0,28423400.0,11794300.0,20582500.0,3206600.0,14797200.0,9948400.0,23519900.0,137968500.0,12223400.0,12812000.0,34954500.0,37388700.0,22125000.0,25991100.0,63976000.0,12714800.0,4181100.0,7189100.0,49182100.0,5019040000.0,0.0,0.0
2026-01-13,56894900.0,8638900.0,18308000.0,784100.0,3802900.0,2567400.0,2222100.0,10773200.0,0.0,33517600.0,27607400.0,7622500.0,14487700.0,33882400.0,11379600.0,18324800.0,2967900.0,18030400.0,13389600.0,28545800.0,160128900.0,9030200.0,15549200.0,27769400.0,44481400.0,21759500.0,19691600.0,78309700.0,11473600.0,3648000.0,5430300.0,31222100.0,5091730000.0,0.0,0.0
2026-01-14,40466500.0,7414600.0,30094700.0,752800.0,3400900.0,2649200.0,2894900.0,15019600.0,0.0,28525600.0,42994000.0,7331200.0,16602100.0,37164300.0,11858800.0,16739100.0,2949000.0,15527900.0,15125600.0,28184300.0,159586100.0,8329500.0,13475000.0,33651400.0,72598700.0,28346000.0,19538300.0,94676700.0,11210800.0,3780800.0,3888200.0,32764000.0,5530830000.0,0.0,0.0
2026-01-15,55270200.0,8562300.0,22218800.0,455600.0,3813000.0,2004300.0,2185900.0,11340000.0,0.0,28442400.0,30412400.0,6172500.0,21022800.0,33465200.0,8492100.0,15464100.0,3189200.0,13076100.0,11038600.0,23225800.0,206188600.0,5797800.0,10102800.0,31109200.0,53934900.0,24810300.0,22967800.0,77862000.0,42188500.0,4104000.0,7116800.0,34559400.0,5114050000.0,0.0,0.0
2026-01-16,42545600.0,5987000.0,31291200.0,678400.0,5628700.0,1946600.0,3862900.0,13751600.0,0.0,40341600.0,52466300.0,11979300.0,23266200.0,33844900.0,10021500.0,20027500.0,2590600.0,17012500.0,15210000.0,34246700.0,187967200.0,10313500.0,11729300.0,59483600.0,61058100.0,36105300.0,34906400.0,79289200.0,18246100.0,4502300.0,13330600.0,415144600.0,5356550000.0,0.0,0.0
2026-01-20,44327700.0,6371300.0,32293900.0,634800.0,4188700.0,1673600.0,3209900.0,12926000.0,0.0,35361000.0,38653400.0,13607700.0,24568200.0,47911500.0,14057100.0,22152200.0,3018000.0,15169600.0,14677400.0,26130000.0,223345300.0,9982800.0,12901400.0,36708500.0,81988900.0,29300900.0,28057500.0,111623300.0,22809900.0,4690500.0,7599100.0,45334000.0,5769500000.0,0.0,0.0
2026-01-21,62385600.0,5931000.0,32006600.0,670200.0,5503300.0,2637800.0,4073700.0,10747200.0,0.0,35386600.0,42023500.0,11969000.0,31821400.0,59952800.0,14762900.0,21660600.0,3630900.0,14494700.0,17286800.0,37980500.0,200381000.0,7679600.0,14126800.0,47851200.0,79837900.0,30538700.0,51293700.0,127844500.0,16789800.0,5587300.0,6651300.0,34811700.0,5835520000.0,0.0,0.0
2026-01-22,37945000.0,14906700.0,24275400.0,509800.0,4021600.0,5785000.0,2074400.0,6058800.0,0.0,26253600.0,35231900.0,10209500.0,17661900.0,35110800.0,13160000.0,13962800.0,2809400.0,21394700.0,11427600.0,25349400.0,139636600.0,8167400.0,18501900.0,28499500.0,42254800.0,30063000.0,33790300.0,77112200.0,12801000.0,5508700.0,4176200.0,24547300.0,5307580000.0,0.0,0.0
2026-01-23,47525900.0,8053900.0,30259500.0,423000.0,3401500.0,3282500.0,1680600.0,7083200.0,0.0,27280000.0,38360500.0,8147500.0,14734200.0,42636700.0,6950600.0,18307100.0,2350200.0,22797700.0,8787000.0,38000200.0,142748100.0,5870100.0,14562600.0,30285700.0,43645800.0,24381000.0,24149700.0,63059600.0,12904400.0,3496300.0,4475800.0,20806900.0,4871930000.0,0.0,0.0
2026-01-26,30672500.0,10658200.0,25006400.0,443100.0,4825700.0,2591200.0,2458700.0,7828400.0,0.0,26042100.0,27027500.0,6803800.0,39551400.0,32119300.0,6856700.0,14017400.0,3385000.0,16327400.0,11888000.0,29291200.0,124799600.0,6589600.0,12655700.0,22777200.0,35983000.0,21659900.0,22262200.0,60473800.0,8646400.0,3020100.0,3953100.0,19552200.0,4968050000.0,0.0,0.0
2026-01-27,25691600.0,8697000.0,25537600.0,333000.0,4367000.0,3443400.0,2077900.0,11338000.0,0.0,21636200.0,22961500.0,9857200.0,25181300.0,26975500.0,8154100.0,13239200.0,2506600.0,13297400.0,8989600.0,29213900.0,143711600.0,7114900.0,9546000.0,26542300.0,38997200.0,17676500.0,25061300.0,55506100.0,11298100.0,4390300.0,3622100.0,22968600.0,5331720000.0,0.0,0.0
2026-01-28,27061200.0,8568200.0,23001700.0,1337400.0,6208100.0,5297900.0,2474800.0,9530000.0,0.0,27434400.0,35559200.0,17032400.0,18945000.0,37139100.0,9026500.0,14633700.0,2184500.0,25709600.0,8658400.0,36875400.0,148552700.0,5954100.0,7465800.0,44822800.0,50691700.0,16263000.0,29799900.0,61172200.0,12140100.0,4935700.0,4263800.0,16342000.0,5507670000.0,0.0,0.0
2026-01-29,31685200.0,8915300.0,20447500.0,1539000.0,7212400.0,8841900.0,1825000.0,20921200.0,0.0,39785600.0,38201600.0,11049100.0,22225500.0,43922900.0,9645300.0,20862100.0,3211300.0,59852900.0,7884000.0,128855300.0,171764400.0,9062300.0,11035600.0,59846800.0,79944000.0,15857300.0,28477100.0,97486200.0,13844800.0,5662000.0,4798800.0,16381100.0,6877780000.0,0.0,0.0
2026-01-30,40035700.0,6364000.0,28313000.0,1287200.0,7236800.0,4525500.0,2396300.0,10381600.0,0.0,31024000.0,59848000.0,8238500.0,23741900.0,59164200.0,11045500.0,26420500.0,2983200.0,23744600.0,12187400.0,58566800.0,179489500.0,12641300.0,12651400.0,47271000.0,65650700.0,22707000.0,25697200.0,101835100.0,12028100.0,4502700.0,3810800.0,22215400.0,6697340000.0,0.0,0.0
2026-02-02,36308100.0,7719200.0,17278200.0,1149300.0,5398600.0,4479200.0,2451300.0,8294800.0,0.0,32006100.0,42890700.0,8987100.0,21598100.0,42896200.0,8187500.0,19301500.0,3309800.0,14365200.0,19603200.0,42219900.0,165794100.0,14660500.0,10554900.0,72811100.0,49020300.0,18337000.0,21558300.0,79286500.0,12459100.0,4112100.0,5506900.0,31210100.0,5772050000.0,0.0,0.0
2026-02-03,53097100.0,8202300.0,36914800.0,2253100.0,5320400.0,2692800.0,2960700.0,15339600.0,0.0,36506700.0,49372700.0,7313800.0,19966100.0,54588000.0,9346600.0,27007100.0,4043400.0,13760700.0,22894600.0,61424100.0,204019600.0,19096400.0,12424700.0,113169200.0,81234000.0,19000600.0,25137000.0,107904600.0,12540000.0,4433000.0,4375800.0,32018700.0,7017660000.0,0.0,0.0
2026-02-04,107173300.0,13313800.0,43330300.0,1725600.0,9143000.0,4322500.0,2631500.0,18932000.0,0.0,70618400.0,42829400.0,7268600.0,32378000.0,48826500.0,8641400.0,28607300.0,4805900.0,16882800.0,22525800.0,45012400.0,207014100.0,13322900.0,12178500.0,113199500.0,81850700.0,26237400.0,28647500.0,105204600.0,18176000.0,8287200.0,13329800.0,27531800.0,7475750000.0,0.0,0.0
2026-02-05,62196400.0,9640500.0,42775800.0,1529700.0,5927000.0,5244100.0,2988800.0,24212800.0,0.0,88205800.0,75554200.0,12086800.0,33123400.0,48279600.0,10267500.0,21633500.0,3936800.0,17131800.0,12255200.0,66289200.0,206312900.0,11038800.0,13077700.0,93690800.0,89354500.0,22675400.0,24962100.0,113610800.0,14812000.0,6144600.0,7112900.0,30517800.0,6989120000.0,0.0,0.0
2026-02-06,54504500.0,8986800.0,33003400.0,1479400.0,4496700.0,3582100.0,2358600.0,19772000.0,0.0,56380500.0,40915900.0,7759900.0,32508100.0,43354900.0,8274000.0,18512400.0,2831900.0,18159300.0,8589200.0,53515300.0,231346200.0,10960400.0,10441700.0,62661400.0,78019300.0,20049600.0,32154200.0,89127600.0,17025500.0,7197300.0,7406400.0,26593400.0,6283680000.0,0.0,0.0
2026-02-09,38810800.0,6801400.0,30091000.0,1507800.0,3616600.0,2427900.0,1861700.0,11303600.0,0.0,39640100.0,33716900.0,8165100.0,16620800.0,29064800.0,9378500.0,23415600.0,2673900.0,14837500.0,12198800.0,45480500.0,196387400.0,10316200.0,11439900.0,58042500.0,56797600.0,16394400.0,18801700.0,73885200.0,14594900.0,7638400.0,5097000.0,27197300.0,5650260000.0,0.0,0.0
2026-02-10,25326700.0,6138100.0,19542700.0,1779300.0,3481800.0,2779900.0,1781500.0,12485600.0,0.0,39170000.0,37886100.0,9752300.0,13807900.0,24661700.0,6723300.0,28848200.0,3502900.0,10455800.0,16694800.0,44857900.0,136764800.0,10352500.0,9910100.0,56061300.0,53938900.0,13195600.0,16379100.0,65185700.0,14622100.0,6707800.0,9074400.0,24662000.0,5595950000.0,0.0,0.0
2026-02-11,33384700.0,6942400.0,17004700.0,1104700.0,3330600.0,2932000.0,1769400.0,9883600.0,0.0,45406400.0,27272300.0,9106600.0,16057000.0,41829400.0,6803900.0,22649700.0,4553200.0,14323800.0,10330600.0,42491000.0,144192700.0,6733400.0,10217300.0,52796100.0,58575100.0,17563100.0,27032000.0,76353900.0,18651300.0,19793500.0,4279300.0,19232100.0,6175510000.0,0.0,0.0
2026-02-12,32181000.0,16322100.0,22007300.0,868400.0,3956800.0,3632900.0,2970400.0,13990800.0,0.0,47761300.0,48457000.0,13099900.0,18115200.0,47628200.0,10254300.0,26043500.0,6499700.0,14960100.0,9182600.0,40802400.0,189932500.0,9516300.0,13512900.0,74090600.0,81378900.0,18313700.0,35991900.0,118829000.0,16835400.0,12438800.0,7493800.0,33382700.0,7118700000.0,0.0,0.0
2026-02-13,26123900.0,21823000.0,18397200.0,953600.0,5975200.0,2122700.0,2661600.0,14146800.0,0.0,38499700.0,36612400.0,11681500.0,21567100.0,45360300.0,13268500.0,16711900.0,3587900.0,12336400.0,10352000.0,34091600.0,161888000.0,9286100.0,13998900.0,49438100.0,69237500.0,14737900.0,23714100.0,96267500.0,10468200.0,6785200.0,5967900.0,24131200.0,5718360000.0,0.0,0.0
2026-02-17,33712100.0,8724200.0,23469700.0,710600.0,3724300.0,1719000.0,1732200.0,17712400.0,0.0,39247600.0,35682000.0,8623800.0,13735200.0,33734800.0,12703000.0,16260200.0,3367200.0,12674700.0,15516200.0,32078800.0,162276900.0,8749800.0,13319100.0,48407100.0,69013800.0,12059200.0,26562600.0,81354700.0,10063800.0,6449600.0,4655500.0,37995900.0,5418480000.0,0.0,0.0
2026-02-18,35664100.0,9955700.0,13565300.0,691200.0,2693800.0,1811300.0,1926800.0,11010800.0,0.0,28482100.0,33943100.0,7778800.0,13374800.0,36034700.0,8129700.0,16304900.0,3661800.0,14649200.0,14362600.0,23223400.0,164749100.0,7239800.0,14434300.0,59677100.0,64250700.0,19118400.0,19348800.0,73570300.0,7310500.0,5350700.0,3622700.0,36485000.0,5098160000.0,0.0,0.0
2026-02-19,25842300.0,5260600.0,15180900.0,593800.0,2938300.0,1883500.0,1750000.0,8001600.0,0.0,25834400.0,29531000.0,4993000.0,13722100.0,31006000.0,7553900.0,14924700.0,4032300.0,10035700.0,11479600.0,28234000.0,126554500.0,6155800.0,10724600.0,42197200.0,60960800.0,14693400.0,19686400.0,58649400.0,6346500.0,3929800.0,3154700.0,42993300.0,5151690000.0,0.0,0.0
2026-02-20,36317300.0,8309000.0,17658900.0,648000.0,4784600.0,1835900.0,1662200.0,33443200.0,0.0,53210800.0,37959800.0,11200200.0,15804300.0,47126600.0,13565800.0,17175100.0,3862700.0,14183500.0,13205600.0,34015200.0,178422300.0,4811800.0,11508100.0,53726800.0,74127300.0,18253500.0,25553500.0,100034000.0,9009200.0,3879200.0,3879800.0,35151000.0,5432480000.0,0.0,0.0
2026-02-23,28187900.0,9706800.0,16472400.0,810500.0,2771300.0,1574200.0,1489300.0,60305200.0,0.0,31423000.0,33666000.0,9862900.0,14580100.0,44001100.0,9622700.0,17157700.0,3806200.0,8605900.0,12416600.0,43238300.0,171584800.0,6801600.0,14772400.0,52512200.0,63859100.0,13795700.0,29562400.0,90558100.0,9550200.0,4026100.0,4133200.0,25662800.0,5638350000.0,0.0,0.0
2026-02-24,81367000.0,8120000.0,23614400.0,1458400.0,3468100.0,1529400.0,1671100.0,28554800.0,0.0,25615600.0,54979900.0,9493300.0,15049400.0,34884200.0,7246300.0,16448500.0,2756900.0,10135600.0,10076000.0,33884700.0,175123600.0,6319800.0,9709500.0,47121400.0,55023700.0,12858300.0,24592200.0,73798700.0,13269500.0,5458200.0,4375300.0,20161200.0,5266090000.0,0.0,0.0
2026-02-25,44588100.0,7611600.0,20182300.0,4422000.0,3431500.0,2107700.0,1554600.0,22791600.0,0.0,29963600.0,29428200.0,8762700.0,26860100.0,26012100.0,7698200.0,18086900.0,2812500.0,11330700.0,13721400.0,43625500.0,250637100.0,6832700.0,7878500.0,53078300.0,55710700.0,11793700.0,22497000.0,56369500.0,10948400.0,6580300.0,4810200.0,17345700.0,5328060000.0,0.0,0.0
2026-02-26,35020500.0,6360700.0,33025300.0,2090200.0,3628700.0,3262200.0,1804400.0,24799200.0,0.0,36431200.0,54533600.0,8177300.0,70334600.0,41206500.0,7172600.0,12843200.0,2425900.0,10637700.0,18961400.0,34405900.0,360807900.0,7219300.0,7028600.0,45100000.0,96178900.0,18411600.0,27785400.0,71671000.0,14535700.0,8566400.0,7746200.0,18638300.0,5889550000.0,0.0,0.0
2026-02-27,31312400.0,9043300.0,28004200.0,1676700.0,2115900.0,2215900.0,3935000.0,20503200.0,0.0,44640600.0,62450000.0,9970300.0,28768400.0,40631500.0,16428600.0,28483500.0,4269100.0,15703000.0,27123200.0,51367200.0,311636500.0,10585200.0,14878500.0,59412400.0,68125200.0,25729800.0,24940700.0,83308900.0,9186600.0,6967900.0,5494900.0,29205500.0,6665660000.0,0.0,0.0
2026-03-02,34120200.0,6875000.0,20567200.0,1316400.0,4348700.0,2541300.0,1986900.0,15086000.0,0.0,34790200.0,74327000.0,17709600.0,16563500.0,53495700.0,9042400.0,18137200.0,4555400.0,9816100.0,14629400.0,35474900.0,209095300.0,7264000.0,9095500.0,72683900.0,75264600.0,18845500.0,25880100.0,87477200.0,12571600.0,5382300.0,5138100.0,17091500.0,6079080000.0,0.0,0.0
2026-03-03,37785700.0,6119700.0,20826200.0,1185600.0,5520600.0,2021300.0,1947100.0,30852800.0,0.0,35497000.0,118126800.0,13708500.0,19852600.0,59537000.0,6178700.0,20549300.0,2901100.0,12263800.0,15663800.0,38199200.0,178099400.0,6718100.0,10161000.0,67460200.0,97015500.0,17405200.0,23757500.0,105003100.0,18580200.0,6866600.0,6653900.0,16480400.0,6442080000.0,0.0,0.0
2026-03-04,40912600.0,6897700.0,34895800.0,783900.0,2855100.0,1932800.0,1806600.0,33410000.0,0.0,29536200.0,58694100.0,12535500.0,47410200.0,37979700.0,5768000.0,21011800.0,2455900.0,10810100.0,12124200.0,35808000.0,177731200.0,6855400.0,8752700.0,60062200.0,70943900.0,17073000.0,18067300.0,79182200.0,12131100.0,4298500.0,4677700.0,16434100.0,5252170000.0,0.0,0.0
2026-03-05,36000700.0,8384600.0,57076600.0,738400.0,3892200.0,1562700.0,2766000.0,23784800.0,0.0,35752300.0,79841000.0,12599700.0,21173500.0,60414600.0,9375400.0,23165700.0,4321400.0,13341400.0,13868400.0,39001300.0,198779700.0,7133700.0,10060300.0,50714500.0,89602400.0,14528800.0,19816800.0,106606500.0,16249800.0,5291500.0,4946400.0,28604900.0,5989300000.0,0.0,0.0
2026-03-06,33913800.0,6282000.0,39152200.0,653400.0,4112200.0,1930300.0,2708900.0,18416800.0,0.0,25576900.0,82125600.0,12758200.0,18481800.0,64192000.0,7179800.0,15516000.0,3341200.0,13159400.0,11721200.0,31123900.0,189021900.0,5937900.0,8187900.0,74980900.0,86302300.0,22272800.0,25180300.0,100687000.0,13803000.0,8772600.0,5625400.0,21553000.0,5793120000.0,0.0,0.0
2026-03-09,38877200.0,6715200.0,40605800.0,792100.0,3306800.0,2731400.0,2348200.0,15401600.0,0.0,29312100.0,88695000.0,12134400.0,16385600.0,65369500.0,7844000.0,18554100.0,3407500.0,13489700.0,17211600.0,30131900.0,177213600.0,6416000.0,12494900.0,47574200.0,93068200.0,18434200.0,19611000.0,102667700.0,19182800.0,20427900.0,4109000.0,19375900.0,6709410000.0,0.0,0.0
2026-03-10,29139200.0,5435800.0,29531700.0,797200.0,5357000.0,1715300.0,1613400.0,13267200.0,0.0,23239700.0,67499600.0,10571300.0,22204000.0,55879100.0,7214100.0,17243900.0,2391400.0,9859300.0,11988200.0,31706400.0,179118500.0,5341300.0,7756800.0,47501400.0,64078900.0,18248800.0,17362000.0,81505300.0,12985600.0,11306800.0,4148000.0,18793600.0,5944950000.0,0.0,0.0
2026-03-11,23076400.0,4165100.0,20104100.0,564200.0,3474300.0,1420400.0,1260500.0,11622000.0,0.0,24125700.0,59983500.0,12197600.0,29303700.0,50418100.0,6933200.0,11546800.0,2200500.0,8977200.0,12435600.0,25512100.0,145280400.0,4359700.0,8855100.0,33955900.0,60114800.0,18140600.0,18461600.0,68441700.0,10683300.0,7103200.0,6074600.0,18176500.0,5511090000.0,0.0,0.0
2026-03-12,28886900.0,5494200.0,21982700.0,1038600.0,4007700.0,1293200.0,1669200.0,9440000.0,0.0,24928300.0,68674300.0,11401400.0,22093100.0,61802900.0,7710200.0,16842200.0,2639600.0,11617500.0,12005600.0,27263900.0,155762700.0,6165600.0,8489300.0,54409800.0,71836600.0,17683000.0,15996100.0,108882200.0,17549400.0,7465400.0,4053200.0,21751600.0,6292170000.0,0.0,0.0
2026-03-13,27561900.0,5364800.0,34725000.0,551900.0,6618900.0,1129400.0,1469700.0,8908400.0,0.0,23693100.0,68652900.0,11839700.0,15353600.0,53933300.0,6415300.0,11974500.0,2449800.0,18957600.0,8009000.0,26848000.0,160988400.0,4676800.0,7298900.0,42460600.0,63145500.0,16039800.0,15198800.0,97200200.0,17299900.0,6981200.0,3679600.0,15194100.0,5337120000.0,0.0,0.0
2026-03-16,30285200.0,7884200.0,31363100.0,868100.0,3507200.0,1620200.0,1243400.0,14665600.0,0.0,23519700.0,57535600.0,9092100.0,19347200.0,48755700.0,7571500.0,11761200.0,2584300.0,15134900.0,8582000.0,27733700.0,217307400.0,4498700.0,6944000.0,32898900.0,49077200.0,16946700.0,19342300.0,82023100.0,11123500.0,7386700.0,2775200.0,20463200.0,5176290000.0,0.0,0.0
2026-03-17,22779700.0,5959000.0,38026500.0,714900.0,2562600.0,1584000.0,1210400.0,11726000.0,0.0,21955200.0,47967800.0,7209700.0,19488400.0,40642800.0,7281800.0,14900100.0,2437800.0,10348800.0,7674600.0,26228300.0,182497800.0,5460200.0,6147700.0,37118500.0,47106600.0,29734900.0,22279300.0,87128000.0,11434600.0,5121300.0,2065300.0,19895000.0,5063390000.0,0.0,0.0
2026-03-18,28569100.0,5264100.0,25460600.0,519800.0,2682200.0,1370500.0,1434400.0,11196400.0,0.0,20009800.0,50281900.0,13048700.0,16185000.0,43192600.0,6811500.0,13134600.0,3038400.0,11726300.0,13695800.0,25908500.0,156683100.0,5124400.0,10059300.0,32476700.0,56128000.0,33919300.0,15784600.0,82062600.0,12632600.0,6673800.0,3685300.0,19734900.0,5275480000.0,0.0,0.0
2026-03-19,32245300.0,4418900.0,23524800.0,515700.0,3958100.0,1417700.0,1340200.0,9439200.0,0.0,25075800.0,103981600.0,18464600.0,16994300.0,59219500.0,7511500.0,13023300.0,3362300.0,13247700.0,9063200.0,25138800.0,170968500.0,5555500.0,10340300.0,33915900.0,75597600.0,28549900.0,19320700.0,111272500.0,15411600.0,7084600.0,3106700.0,17927700.0,5973390000.0,0.0,0.0
2026-03-20,37265100.0,11351600.0,43325900.0,1003600.0,5443200.0,1754300.0,2621600.0,36446000.0,0.0,44364100.0,109084800.0,20761500.0,17191400.0,76749900.0,17156600.0,33298700.0,6436600.0,21214900.0,21057600.0,50853200.0,241323500.0,14480700.0,60620900.0,48700200.0,91964700.0,35247200.0,31825100.0,163617500.0,17424200.0,87826600.0,11109500.0,57545600.0,10025820000.0,0.0,0.0
2026-03-23,31857800.0,6402200.0,27369200.0,564100.0,3932300.0,2119000.0,1779100.0,14413200.0,0.0,29326900.0,79015800.0,28336300.0,19150800.0,78746600.0,7313700.0,15054900.0,3003200.0,13638000.0,9817400.0,29680100.0,182836300.0,6783000.0,10315600.0,57507100.0,89936100.0,23852300.0,18134600.0,134802700.0,15857200.0,8888100.0,5338500.0,22181500.0,6020650000.0,0.0,0.0
2026-03-24,27258800.0,7858900.0,19799000.0,1175000.0,2914500.0,2027700.0,1259300.0,14545200.0,0.0,36864300.0,71941600.0,19785600.0,13518700.0,45210800.0,9046200.0,15653700.0,2954900.0,10739700.0,8604600.0,42733600.0,147667800.0,5803700.0,8567600.0,56155700.0,57750900.0,21358000.0,17863200.0,96457500.0,9725000.0,6843000.0,3995500.0,17269600.0,5278580000.0,0.0,0.0
2026-03-25,48518300.0,5353300.0,19900000.0,949200.0,2516800.0,1867900.0,1067100.0,12514800.0,0.0,29460700.0,49917700.0,15939200.0,15634000.0,45671700.0,6456400.0,14787900.0,3714000.0,12585000.0,7768400.0,31181200.0,162602100.0,4978500.0,8418100.0,38543300.0,60475500.0,34508800.0,12987300.0,90653800.0,12166900.0,5929000.0,3512900.0,16597300.0,4936720000.0,0.0,0.0
2026-03-26,49213000.0,7553500.0,20343700.0,767900.0,2541300.0,1805400.0,1498300.0,9834800.0,0.0,39080600.0,74979300.0,12897300.0,17726800.0,46830200.0,5171400.0,11202100.0,3025700.0,35780100.0,9179200.0,36836600.0,186152200.0,5677100.0,6443200.0,43038400.0,81492100.0,22988800.0,16127400.0,96494400.0,14560200.0,6621700.0,4437900.0,16442500.0,4845560000.0,0.0,0.0
2026-03-27,29206600.0,5940200.0,23593900.0,864400.0,3182800.0,1351400.0,1540900.0,24128000.0,0.0,35890600.0,68174300.0,11401900.0,19502400.0,48114400.0,7617600.0,17461000.0,3137200.0,30133000.0,8040800.0,37883400.0,196212700.0,6663600.0,11558300.0,35790800.0,82702200.0,20311800.0,21049700.0,103649400.0,14484500.0,5444500.0,4554500.0,16543300.0,5303490000.0,0.0,0.0
2026-03-30,41053300.0,7540500.0,28054500.0,1000900.0,2722000.0,2149500.0,2129100.0,17526800.0,0.0,35141200.0,55210700.0,15430000.0,18695300.0,51290500.0,7241300.0,18502800.0,3569600.0,22795200.0,10468600.0,44797000.0,185627000.0,10386800.0,11616300.0,41289800.0,70602600.0,21933500.0,20844800.0,99275900.0,15740000.0,6930400.0,4734900.0,20428900.0,5458640000.0,0.0,0.0
2026-03-31,42318700.0,7837700.0,29289500.0,817800.0,3989500.0,2257500.0,2447900.0,11906400.0,0.0,43875400.0,101521300.0,18649700.0,23148900.0,58660800.0,7554200.0,18301800.0,3021300.0,32898300.0,16086800.0,45244400.0,226181300.0,8033800.0,10407500.0,45558600.0,95878000.0,26607400.0,19431800.0,152534100.0,18488000.0,6686100.0,5402200.0,21330400.0,6396100000.0,0.0,0.0
2026-04-01,40835800.0,5037700.0,19171000.0,679000.0,2879900.0,1871200.0,1769800.0,8475600.0,0.0,37684500.0,69789200.0,13557600.0,19072900.0,51295900.0,6314600.0,15834300.0,3887300.0,23608100.0,8506000.0,29417200.0,168132000.0,5412600.0,8061700.0,34171000.0,79435100.0,27157200.0,23241700.0,97841500.0,15011600.0,5112600.0,3782800.0,17039700.0,5637260000.0,0.0,0.0
2026-04-02,38463500.0,5125100.0,14021100.0,1071400.0,2348600.0,1659800.0,1828600.0,7960400.0,0.0,21666500.0,53828200.0,13171300.0,15521800.0,30369200.0,6878700.0,14573400.0,2649100.0,13518500.0,6326600.0,24099100.0,143143200.0,5410000.0,5941700.0,30437000.0,50941700.0,32670600.0,26380300.0,68358700.0,8994600.0,3965500.0,2950300.0,11898400.0,4740740000.0,0.0,0.0
2026-04-06,30786400.0,3033100.0,12111300.0,616400.0,1722100.0,1318100.0,1448600.0,6382800.0,0.0,16945500.0,37098300.0,6104900.0,11775700.0,22151400.0,4442400.0,8259900.0,1816000.0,9515700.0,8128600.0,16146600.0,107564300.0,3562500.0,6823100.0,25142200.0,35108500.0,22351800.0,17819800.0,39105800.0,5884800.0,3305700.0,2309800.0,10850400.0,3906440000.0,0.0,0.0
2026-04-07,26483000.0,5758000.0,33310900.0,2129500.0,1808400.0,1518100.0,1428500.0,18507200.0,0.0,23205400.0,47264100.0,6737500.0,19722700.0,34881900.0,6241100.0,12769200.0,2033700.0,9580800.0,11229200.0,21443300.0,132534900.0,5151100.0,7207500.0,28671100.0,49948200.0,25396300.0,36713800.0,69980400.0,6823500.0,2937200.0,2229100.0,16076000.0,4555680000.0,0.0,0.0
2026-04-08,35496400.0,12136800.0,31573100.0,1626000.0,3500600.0,2627000.0,2265700.0,18908800.0,0.0,33547100.0,58556400.0,12107400.0,20132500.0,46680200.0,8771100.0,12331300.0,4155100.0,32036600.0,10961800.0,33064800.0,147732700.0,6878500.0,10849700.0,64827700.0,63086000.0,26863800.0,29389000.0,93606100.0,16356900.0,5696700.0,4320600.0,20194300.0,5904880000.0,0.0,0.0
2026-04-09,27126200.0,7266100.0,20514900.0,2118300.0,2210500.0,1562200.0,1433300.0,21682000.0,0.0,23739200.0,45207500.0,11065900.0,16356800.0,26758400.0,6216500.0,14311000.0,2484700.0,19012900.0,7607000.0,30435300.0,116428500.0,4339400.0,6794800.0,92361400.0,37837500.0,17250900.0,19961200.0,57134400.0,9246000.0,5166400.0,4103200.0,13853100.0,4912410000.0,0.0,0.0
2026-04-10,36477200.0,7054100.0,29958100.0,1696700.0,2134500.0,3336300.0,2333000.0,35756000.0,0.0,19152600.0,33005600.0,4404800.0,13036500.0,22365900.0,7354500.0,11081400.0,2708600.0,13294800.0,7653600.0,28111100.0,160459500.0,4412700.0,9790300.0,116656800.0,34038500.0,18621000.0,19091500.0,42253500.0,13168200.0,4644800.0,2900900.0,13894000.0,4393220000.0,0.0,0.0
2026-04-13,22781800.0,7217900.0,24115800.0,1540200.0,2664900.0,2763400.0,2255500.0,16666000.0,0.0,18866400.0,38561400.0,4300200.0,15259800.0,23820000.0,7663600.0,12696200.0,2872100.0,9538900.0,7027200.0,35745800.0,133648200.0,5827800.0,7121400.0,65772800.0,32972100.0,17994700.0,25411900.0,54185800.0,9596300.0,4733900.0,4458600.0,14510600.0,4785840000.0,0.0,0.0
2026-04-14,25733200.0,7114000.0,24423000.0,1533800.0,3463800.0,3608900.0,2136500.0,12748000.0,0.0,27721400.0,42038000.0,5239800.0,68012600.0,24270400.0,10318700.0,12397600.0,3150100.0,17818000.0,11363600.0,37504500.0,161307000.0,5655800.0,6621600.0,52786800.0,49921100.0,22643000.0,42621100.0,63480500.0,12859500.0,4993800.0,3767300.0,15320800.0,5032380000.0,0.0,0.0
2026-04-15,24695200.0,5835300.0,29559300.0,1164500.0,3124300.0,2422500.0,2346200.0,12432400.0,0.0,24918800.0,47834900.0,5592900.0,96973000.0,21670600.0,6463500.0,16212100.0,2976500.0,14952600.0,9857400.0,45063400.0,185338400.0,7684800.0,7698200.0,48389400.0,50102400.0,23568700.0,58700600.0,58240400.0,14955500.0,5353600.0,3098300.0,17001400.0,5278610000.0,0.0,0.0
2026-04-16,64850800.0,7205600.0,18872900.0,1090900.0,3387100.0,2406800.0,1484300.0,11964400.0,0.0,20541500.0,37743400.0,6618900.0,79286200.0,30847900.0,8668900.0,11501900.0,2334400.0,9544800.0,10073800.0,41642400.0,134012900.0,10422100.0,6947100.0,43746000.0,42320600.0,41014200.0,67867400.0,49972400.0,26405800.0,4832600.0,3126000.0,18324500.0,5173650000.0,0.0,0.0
2026-04-17,35519900.0,8216400.0,20581700.0,940100.0,4220500.0,1964800.0,2346500.0,11625200.0,0.0,25581900.0,61651600.0,6912900.0,48967100.0,46462700.0,8946300.0,15033900.0,3225500.0,16283500.0,9582600.0,48568200.0,160324400.0,7799900.0,10886000.0,50657600.0,53488900.0,26066300.0,67121900.0,70661900.0,18419400.0,5805500.0,4104300.0,24763700.0,6145300000.0,0.0,0.0
2026-04-20,34833900.0,6113300.0,16922000.0,485200.0,2992700.0,1648500.0,1475400.0,11540400.0,0.0,18784200.0,21104400.0,3868800.0,47873500.0,22993900.0,7810500.0,10141800.0,2395200.0,12534000.0,10296200.0,27582200.0,119381400.0,5731000.0,8084700.0,33482700.0,37138500.0,28827400.0,35210200.0,43546800.0,11638300.0,4672300.0,2924100.0,18933600.0,4661130000.0,0.0,0.0
2026-04-21,38950900.0,8918900.0,16275500.0,816500.0,3814800.0,2182000.0,1367100.0,14684400.0,0.0,23123800.0,58623500.0,4872900.0,38384100.0,32235200.0,11681200.0,11806900.0,2708100.0,8660100.0,10965400.0,32048500.0,107945300.0,6357300.0,11197200.0,44830000.0,39580500.0,27450400.0,46653800.0,58941400.0,9808200.0,7285400.0,3748800.0,17312400.0,5160270000.0,0.0,0.0
2026-04-22,49054200.0,8699400.0,23702500.0,897800.0,3840000.0,1570900.0,1215200.0,11569600.0,0.0,20293000.0,28004500.0,4121400.0,34667700.0,20274300.0,9003400.0,9352300.0,2845600.0,9215600.0,8125600.0,29378200.0,107501000.0,5921300.0,7236300.0,43701500.0,37368400.0,21474400.0,55203500.0,42518500.0,16317200.0,9835900.0,2642200.0,17624500.0,4919460000.0,0.0,0.0
2026-04-23,45619700.0,7428000.0,19501600.0,1271100.0,4424200.0,1873700.0,1570700.0,12902000.0,0.0,18650300.0,49921700.0,6795600.0,35984300.0,32886600.0,7097600.0,12060300.0,3064300.0,11667000.0,7710400.0,38308000.0,113561800.0,6077600.0,11288800.0,58654400.0,40099800.0,22664100.0,67600200.0,56174000.0,12224900.0,7067000.0,3272600.0,16376000.0,5307260000.0,0.0,0.0
2026-04-24,81616700.0,7508000.0,22491100.0,824100.0,2285300.0,2031200.0,1695200.0,9086800.0,0.0,26426100.0,33626300.0,5490000.0,20671100.0,21568600.0,6067500.0,12008700.0,3847800.0,13348300.0,8401600.0,27457400.0,214134400.0,5364900.0,13786200.0,38677200.0,45563100.0,22130400.0,35018600.0,45182000.0,21603600.0,5281500.0,3481400.0,16016300.0,4608830000.0,0.0,0.0
2026-04-27,50585300.0,6782500.0,17451600.0,764500.0,1982700.0,3390200.0,1620400.0,9188400.0,0.0,28576900.0,24643700.0,4055500.0,22968700.0,23399400.0,7897800.0,15812200.0,4985000.0,12805200.0,6795400.0,30867300.0,187172400.0,4077000.0,9166400.0,31275400.0,32717000.0,19386300.0,34184900.0,33135900.0,16561200.0,5442500.0,4577600.0,17029500.0,4783750000.0,0.0,0.0
2026-04-28,43002500.0,7414100.0,25519200.0,770900.0,3167600.0,5607000.0,1776000.0,7491600.0,0.0,27824100.0,36382400.0,4867700.0,21447700.0,24139400.0,7179800.0,30710700.0,4087100.0,10606800.0,8020600.0,30438100.0,180275400.0,5174300.0,7965700.0,24757200.0,34147900.0,14379700.0,27141200.0,43117400.0,14715800.0,8217600.0,5205600.0,16341800.0,4900650000.0,0.0,0.0
2026-04-29,44704400.0,6270500.0,15962500.0,1193400.0,2273800.0,3156100.0,1516900.0,7659200.0,0.0,35376300.0,56809400.0,7200300.0,24594100.0,29428900.0,7071100.0,18294700.0,3493000.0,18947500.0,6092200.0,38288300.0,123711800.0,4047600.0,9002400.0,33348100.0,31724900.0,17751400.0,26498000.0,41859200.0,10313000.0,4536300.0,4992800.0,16538800.0,5123100000.0,0.0,0.0
2026-04-30,42115300.0,6141700.0,21821600.0,868600.0,3007700.0,3392400.0,2049300.0,9770800.0,0.0,72040000.0,51626100.0,10382400.0,23258800.0,29220700.0,8157200.0,15142200.0,4137700.0,52765000.0,9118400.0,70909400.0,225239200.0,7065100.0,9491700.0,32523600.0,40622200.0,17604200.0,27772200.0,67240900.0,12788100.0,6268700.0,3954800.0,19867700.0,5723790000.0,0.0,0.0
2026-05-01,34279200.0,7652400.0,11882600.0,605900.0,2168700.0,2339600.0,1509700.0,6088000.0,0.0,30105200.0,43740400.0,5359200.0,20621900.0,28936700.0,6863600.0,12610400.0,3761800.0,21404000.0,6541000.0,31372400.0,128647000.0,4447300.0,6814800.0,33219900.0,39172600.0,16378800.0,20538300.0,43049800.0,9926400.0,4408600.0,3144000.0,10480900.0,4847390000.0,0.0,0.0
2026-05-04,42000200.0,7167900.0,15140400.0,855500.0,3292300.0,1740900.0,1479400.0,8734400.0,0.0,26298600.0,35069300.0,6593900.0,26396700.0,28632300.0,8215200.0,12672400.0,3750500.0,16203900.0,12986200.0,28066500.0,125368100.0,5330800.0,9642800.0,70525900.0,34542000.0,16241300.0,20076300.0,51950600.0,9978500.0,4927400.0,4209300.0,10340700.0,5215480000.0,0.0,0.0
2026-05-05,64235100.0,15684800.0,21175200.0,1540800.0,5412100.0,1823300.0,1456300.0,8900000.0,0.0,23878600.0,26357900.0,11281600.0,33457000.0,24863200.0,5556700.0,11637500.0,4007100.0,17171300.0,7641600.0,25700900.0,113406600.0,6200100.0,7664300.0,89747100.0,37101100.0,17126000.0,18635000.0,36933200.0,14579000.0,5456200.0,3567200.0,10637300.0,5279760000.0,0.0,0.0
2026-05-06,87732200.0,35627200.0,20707000.0,2245900.0,3845600.0,2265400.0,2619100.0,8795600.0,0.0,31308500.0,38323100.0,9031100.0,58397500.0,23330300.0,7982300.0,14060300.0,4807900.0,19915500.0,8590400.0,30285900.0,188362800.0,5296600.0,9399500.0,55524800.0,38778500.0,19779200.0,45605300.0,53288900.0,17736400.0,5583200.0,8214800.0,16371500.0,6579640000.0,0.0,0.0
2026-05-07,44885500.0,18255700.0,22791700.0,2560600.0,3121500.0,3171300.0,2014000.0,20458000.0,0.0,24433500.0,44772900.0,5610100.0,42874600.0,28350400.0,7269700.0,16531400.0,6613800.0,12307400.0,13252200.0,34942400.0,168307900.0,4464000.0,9545800.0,50184900.0,43779100.0,22942900.0,39193500.0,51724600.0,13403200.0,5458100.0,7895800.0,14935400.0,6237040000.0,0.0,0.0
2026-05-08,58134900.0,20371600.0,22561400.0,1747400.0,2182400.0,2539900.0,1805200.0,16164800.0,0.0,21461800.0,29715200.0,3215100.0,25990700.0,22474300.0,5550600.0,12447200.0,6044100.0,13557000.0,30569600.0,33383800.0,136421400.0,4934400.0,5741000.0,41745400.0,44320400.0,79927300.0,38130400.0,47227100.0,18531200.0,4081000.0,8074500.0,15183700.0,5302740000.0,0.0,0.0
2026-05-11,46085400.0,18520900.0,16825500.0,1403600.0,3158200.0,1970500.0,2053500.0,11173200.0,0.0,30753700.0,34366600.0,4025400.0,61486200.0,20150400.0,6223200.0,10967900.0,5849000.0,15940600.0,15588400.0,35657900.0,160685800.0,8373300.0,7489500.0,41414500.0,36019100.0,54779700.0,48204200.0,44024000.0,14680000.0,7279200.0,5905400.0,18699200.0,5821910000.0,0.0,0.0
2026-05-12,39140100.0,12796100.0,19004300.0,1054400.0,3892500.0,1871500.0,2143200.0,14181600.0,0.0,26017500.0,37418900.0,5686700.0,51692800.0,27404600.0,8632500.0,19883100.0,4366600.0,11351600.0,12054400.0,38594200.0,159176600.0,6250700.0,9051200.0,38781100.0,45873000.0,34195200.0,41155200.0,54185300.0,18121800.0,6556200.0,4904300.0,17935400.0,5624790000.0,0.0,0.0
2026-05-13,30423400.0,14164600.0,16981200.0,1342100.0,3366200.0,1776000.0,1654600.0,11203600.0,0.0,28144600.0,33257100.0,3459200.0,24146500.0,20742300.0,7464500.0,12357000.0,3451000.0,14634400.0,13030200.0,29667100.0,150405400.0,5524900.0,6685900.0,55189400.0,40012500.0,26587400.0,28484700.0,44200200.0,13127800.0,4461000.0,6385400.0,13786600.0,5716600000.0,0.0,0.0
2026-05-14,26113600.0,15728200.0,19733800.0,893400.0,3165700.0,1535700.0,1606600.0,11263600.0,0.0,21136700.0,27235600.0,5167300.0,26379200.0,17428700.0,6974400.0,10642000.0,3428200.0,10651200.0,8258800.0,27077500.0,180782900.0,5022200.0,9636200.0,37052600.0,33327500.0,25324100.0,28249000.0,45307600.0,18577100.0,3611300.0,5117100.0,14200400.0,5267050000.0,0.0,0.0
2026-05-15,29131600.0,10833000.0,18957100.0,1043000.0,3080300.0,1904100.0,1967000.0,15437600.0,0.0,20309700.0,54466000.0,12498700.0,27273200.0,35408000.0,12167000.0,17527200.0,3866400.0,13272600.0,12298000.0,50771200.0,180977600.0,6230600.0,6989400.0,32629700.0,51792700.0,22469100.0,25080500.0,60410800.0,11868600.0,4871200.0,6632200.0,25323000.0,5582070000.0,0.0,0.0
2026-05-18,28432100.0,8634500.0,17863300.0,1073500.0,3297800.0,2161800.0,2295200.0,18799200.0,0.0,26837200.0,38596100.0,8422900.0,31649800.0,27243300.0,10141600.0,12375500.0,3969300.0,13772400.0,9612600.0,32564100.0,146280900.0,8799400.0,7731200.0,32034600.0,49834500.0,32319500.0,32037100.0,47843900.0,12117200.0,8086700.0,6321800.0,17183200.0,5489500000.0,0.0,0.0
2026-05-19,38756900.0,8800800.0,20652100.0,789400.0,3440400.0,2213800.0,2853300.0,17860000.0,0.0,39545700.0,42904700.0,10069800.0,22197000.0,30276900.0,9677900.0,16595200.0,4087500.0,11749900.0,9449800.0,33018700.0,140948200.0,10093900.0,8355800.0,29777300.0,46827500.0,30076900.0,28639300.0,54255900.0,14083000.0,9039500.0,5860700.0,16957100.0,5441140000.0,0.0,0.0
2026-05-20,36137500.0,9617000.0,16312600.0,963900.0,2547800.0,1718500.0,2223400.0,17533200.0,0.0,31744400.0,58906300.0,14892500.0,22745900.0,31562000.0,7353800.0,16999700.0,4056900.0,11329700.0,8667800.0,27864000.0,184201600.0,7425800.0,8375600.0,31307700.0,36779200.0,24347700.0,21766400.0,45768000.0,10254300.0,6014000.0,7901600.0,28471600.0,5384150000.0,0.0,0.0
2026-05-21,27252000.0,11620600.0,16865300.0,1100100.0,2922100.0,1416500.0,2149700.0,10584400.0,0.0,24852800.0,37584600.0,7762000.0,62941400.0,31680500.0,5239000.0,15708400.0,5116300.0,13476100.0,8613200.0,31393500.0,203381800.0,6123100.0,6297300.0,24311900.0,36415400.0,30826400.0,30832500.0,43332200.0,8937900.0,5221300.0,4621400.0,53006600.0,5440620000.0,0.0,0.0
2026-05-22,34758600.0,10554600.0,14086400.0,1324000.0,2555500.0,1750000.0,2048300.0,11113600.0,0.0,20442100.0,22429400.0,6321900.0,52650100.0,23849300.0,5462300.0,8240200.0,3056200.0,11688600.0,6478000.0,22390300.0,169275700.0,7774400.0,4616700.0,27578000.0,33118600.0,32970700.0,30208000.0,41762000.0,7111900.0,4801800.0,8062500.0,30330600.0,4952440000.0,0.0,0.0
2026-05-25,,,,,,,,,,,,,,,,,,,,,,,,,,,,,,,,,,,0.0
2026-05-26,38473800.0,11835300.0,22562900.0,1304700.0,2996900.0,2164500.0,2704600.0,8319600.0,0.0,27747400.0,30406100.0,5494400.0,30128800.0,24506500.0,6619600.0,13004200.0,4227400.0,12234200.0,9625800.0,30398000.0,187202600.0,9059200.0,8157200.0,31723900.0,34254700.0,32920000.0,44846700.0,41123600.0,10132000.0,6523700.0,8511800.0,28796600.0,5496060000.0,0.0,0.0
2026-05-27,27589300.0,6982200.0,17601000.0,1052300.0,2059500.0,2060200.0,2390100.0,13091600.0,0.0,23087300.0,22523800.0,5958800.0,29691000.0,24519900.0,5835500.0,13209600.0,3808100.0,23143600.0,11345600.0,28901500.0,167601200.0,7404500.0,10048900.0,34159800.0,35148700.0,29193300.0,23685700.0,42106300.0,14695600.0,5293000.0,4896900.0,22062200.0,5524250000.0,0.0,0.0
2026-05-28,31438500.0,7194300.0,17855600.0,1725000.0,2981300.0,2499500.0,2844300.0,9488400.0,0.0,24357500.0,32001600.0,5938300.0,31801200.0,23710600.0,7193400.0,14691400.0,4115700.0,16772400.0,9478200.0,47250500.0,143996000.0,7625200.0,10196700.0,52085200.0,32840000.0,20458600.0,26165700.0,41562600.0,8905800.0,5384100.0,3598000.0,21613100.0,5494860000.0,0.0,0.0
2026-05-29,30803200.0,15385900.0,41798400.0,1491200.0,3035200.0,3148300.0,7028000.0,19256800.0,0.0,44415800.0,39142200.0,9639700.0,28460800.0,26952800.0,13897700.0,32477000.0,4901300.0,19806500.0,18931200.0,79654400.0,289410600.0,12776400.0,12355800.0,92196600.0,37541700.0,34878600.0,44318800.0,55075700.0,11232300.0,7218800.0,3781200.0,42191000.0,7858290000.0,0.0,0.0
2026-06-01,33309200.0,9991500.0,30586000.0,1477200.0,2661200.0,3449900.0,2816300.0,18361200.0,0.0,28672100.0,32671000.0,8054100.0,28317600.0,23826100.0,8041000.0,12776300.0,4594600.0,29138800.0,11613400.0,53628900.0,212850700.0,8077300.0,11093800.0,57654000.0,33890600.0,37294600.0,41564800.0,43634900.0,18040400.0,6162100.0,4322700.0,26176200.0,6583960000.0,0.0,0.0
2026-06-02,24293200.0,9144300.0,38306700.0,1282600.0,4817000.0,4081200.0,2218200.0,16741200.0,0.0,50412300.0,25237500.0,15426600.0,27651000.0,18378800.0,5669000.0,12533200.0,4211600.0,18252000.0,14775200.0,37036800.0,193362900.0,7864700.0,9599500.0,43163100.0,30085200.0,19498000.0,64463600.0,31581900.0,10147900.0,5077300.0,4544900.0,27366400.0,5904410000.0,0.0,0.0
2026-06-03,29411100.0,8069700.0,50126400.0,1275500.0,3928600.0,2285600.0,2174100.0,20986400.0,0.0,55441600.0,28203400.0,7056500.0,30856300.0,29167300.0,6507200.0,14964300.0,5011100.0,23020100.0,9602600.0,39037000.0,160907000.0,6225100.0,9351000.0,41072500.0,40270200.0,21579800.0,53228900.0,51402500.0,10245200.0,3927700.0,3884900.0,32880600.0,5753860000.0,0.0,0.0
2026-06-04,29110000.0,10214000.0,80979400.0,1287700.0,2163900.0,2889600.0,2345200.0,29799200.0,0.0,44055500.0,22697900.0,4417900.0,40211400.0,24307800.0,7274800.0,19361600.0,3541600.0,21469200.0,9729400.0,26899500.0,169022200.0,8089800.0,8194000.0,40834000.0,40782600.0,24826300.0,29704900.0,49923000.0,10974100.0,6075900.0,2969400.0,22870400.0,5398910000.0,0.0,0.0
2026-06-05,46900600.0,9094700.0,51146100.0,1668400.0,3894300.0,3570200.0,3092000.0,20955200.0,0.0,37471200.0,46035600.0,9880800.0,32124900.0,35812800.0,8034900.0,25708100.0,5428100.0,30091600.0,11353200.0,34782200.0,219655500.0,13228700.0,10963200.0,38283500.0,99606600.0,21477400.0,50039700.0,93989400.0,19644200.0,7330000.0,3673400.0,36638100.0,5591290000.0,0.0,0.0
2026-06-08,25158800.0,6043100.0,37099000.0,946500.0,2159100.0,2233400.0,2086100.0,13349600.0,0.0,27942500.0,25217800.0,5352200.0,28561700.0,27277400.0,7559800.0,12828900.0,3842300.0,19512400.0,11192800.0,32086700.0,138372800.0,8800500.0,7200700.0,26978900.0,47401500.0,13433200.0,23284300.0,49319100.0,11245400.0,4790000.0,3327700.0,19514100.0,4898180000.0,0.0,0.0
2026-06-09,37799800.0,7334100.0,37026900.0,966100.0,4456800.0,2384200.0,1998600.0,14962400.0,0.0,29535100.0,34705500.0,8007300.0,35304000.0,41761300.0,8354500.0,20591600.0,5431700.0,16977400.0,13424200.0,35317300.0,180962500.0,10390200.0,8259300.0,38680000.0,91932200.0,23730200.0,39208700.0,87683500.0,21199500.0,11117700.0,4059000.0,23959000.0,6006390000.0,0.0,0.0
2026-06-10,27777400.0,6867400.0,38193500.0,727600.0,6960900.0,1272100.0,1715600.0,10109600.0,0.0,32357100.0,30345200.0,5804900.0,23605600.0,39285000.0,8350800.0,20880500.0,4152700.0,17064000.0,13900400.0,32576000.0,161746600.0,11249200.0,7345900.0,30612600.0,65334300.0,13000800.0,28025700.0,60341300.0,13139700.0,6904200.0,5195000.0,22414900.0,5247300000.0,0.0,0.0
2026-06-11,30463100.0,5326700.0,35187600.0,885200.0,4725200.0,1733300.0,1903400.0,14136000.0,0.0,35538200.0,55089500.0,11281600.0,25218800.0,41468800.0,7399000.0,14264500.0,4565400.0,17628000.0,10258200.0,47224100.0,158643200.0,8653900.0,6684700.0,27554500.0,71798900.0,26119300.0,36369700.0,86330500.0,13826500.0,5408800.0,5127400.0,22438000.0,5658920000.0,0.0,0.0
2026-06-12,31553100.0,6052500.0,27600900.0,723100.0,2551100.0,1169900.0,1737300.0,9243600.0,0.0,24704600.0,29873300.0,8861800.0,24732300.0,34415200.0,6459400.0,11757700.0,4028800.0,14326400.0,9239200.0,34865800.0,112001800.0,6781700.0,6832000.0,35378000.0,51168400.0,62987600.0,31174400.0,57079500.0,10362500.0,4958100.0,4573500.0,14753500.0,4950530000.0,0.0,0.0
2026-06-15,33482400.0,7240800.0,32394200.0,959000.0,3353800.0,1546900.0,1893700.0,10184000.0,0.0,27727500.0,32019600.0,3787600.0,25313600.0,23889000.0,7732000.0,20055200.0,4388500.0,17653300.0,9524200.0,32266400.0,149936700.0,8976400.0,9158900.0,41748200.0,46710200.0,28928300.0,36702400.0,60176400.0,11184900.0,5346400.0,4455200.0,20722500.0,5674670000.0,0.0,0.0
2026-06-16,28411700.0,8090900.0,31573700.0,747900.0,2575600.0,1279600.0,1523400.0,8576000.0,0.0,24876100.0,24471900.0,4675000.0,21916300.0,23807700.0,7718100.0,17565100.0,3874300.0,11344400.0,9516000.0,31506800.0,125694100.0,9345200.0,8518900.0,30409900.0,45348700.0,27885000.0,31702300.0,67093100.0,10943500.0,4581900.0,4942900.0,23060700.0,5286210000.0,0.0,0.0
2026-06-17,27085300.0,6229500.0,40005500.0,940200.0,2541300.0,1197200.0,1928000.0,8393200.0,0.0,24543600.0,47184800.0,11508300.0,19556500.0,39920100.0,8548000.0,17055400.0,3591000.0,20478300.0,8665600.0,41987800.0,128363500.0,10126600.0,7055800.0,32290800.0,51669300.0,28723000.0,47979200.0,85945200.0,10934100.0,6181400.0,4490400.0,21711100.0,5883740000.0,0.0,0.0
2026-06-18,43805600.0,11130400.0,45076100.0,1919200.0,3099500.0,2079700.0,3742900.0,21517600.0,0.0,44470100.0,41111700.0,6836500.0,20362600.0,32463200.0,18989800.0,46857900.0,8106400.0,28824600.0,25211000.0,59714200.0,241272000.0,19130300.0,17076100.0,55338000.0,50154600.0,70326000.0,68495300.0,80875700.0,25817100.0,7262600.0,7976300.0,36526800.0,9061110000.0,0.0,0.0
2026-06-22,25983200.0,9494400.0,26403700.0,906800.0,2635300.0,1927700.0,2191900.0,13743200.0,0.0,52814800.0,26479500.0,4572200.0,28045000.0,22796200.0,8518300.0,21205900.0,4891100.0,15405500.0,9745800.0,45171100.0,122041400.0,10345000.0,10533000.0,56924500.0,43518600.0,27782000.0,33707700.0,46628100.0,13686200.0,7284300.0,4971200.0,17053900.0,5976740000.0,0.0,0.0
2026-06-23,30196800.0,7770100.0,33122200.0,1120200.0,3840100.0,1914800.0,2529800.0,9488000.0,0.0,34007700.0,29811300.0,6504600.0,26838900.0,26821700.0,11802000.0,16854000.0,3783500.0,13103300.0,10732200.0,40647600.0,153496200.0,7589000.0,7259600.0,44661900.0,53354200.0,22306700.0,31867000.0,66846800.0,20364500.0,10277700.0,3855400.0,23411400.0,5640530000.0,0.0,0.0
2026-06-24,26548300.0,6350600.0,29938700.0,1409300.0,2882700.0,2720400.0,2020200.0,7018000.0,0.0,44997300.0,38841000.0,5179800.0,25170000.0,28664900.0,8139200.0,20632600.0,4698700.0,13963600.0,8772000.0,44509900.0,151810700.0,8324100.0,8618500.0,46520700.0,52480400.0,26770900.0,33372100.0,57439500.0,9991200.0,6106100.0,3722600.0,20600100.0,5994860000.0,0.0,0.0
2026-06-25,27031300.0,8231200.0,23353700.0,828400.0,3042600.0,2514000.0,2492700.0,12028800.0,0.0,44491400.0,29322400.0,5630500.0,21891200.0,27599900.0,10130400.0,16021400.0,6192700.0,16968600.0,11640400.0,66179000.0,149550000.0,7333300.0,11197200.0,61840100.0,49668000.0,26903000.0,22633900.0,53934400.0,14769500.0,6305000.0,3633200.0,20384700.0,5565760000.0,0.0,0.0
2026-06-26,52705100.0,11865200.0,34839300.0,1503800.0,2349500.0,1432400.0,8239200.0,13329200.0,0.0,114706300.0,27647500.0,5584100.0,67767400.0,39832500.0,16316800.0,53357500.0,7422800.0,18867700.0,26841200.0,186201600.0,179304100.0,9735700.0,16724600.0,61360500.0,47081800.0,34394200.0,46217400.0,71034000.0,17974100.0,21988200.0,5487400.0,36636000.0,9105600000.0,0.0,0.0
2026-06-29,26671000.0,8535700.0,24285200.0,1848000.0,2418400.0,1925500.0,2450000.0,19759200.0,0.0,34213900.0,37325700.0,5901500.0,22875200.0,24834100.0,8608400.0,15015800.0,4522000.0,15011400.0,10123800.0,51229900.0,148835700.0,10042400.0,10387700.0,45017400.0,44939100.0,42899300.0,20705400.0,58035200.0,14881400.0,6708600.0,2814800.0,20367000.0,5794570000.0,0.0,0.0
2026-06-30,34488500.0,10281800.0,28517400.0,1582900.0,3268000.0,1770200.0,2870900.0,14752000.0,0.0,35237200.0,38103900.0,8034000.0,14832600.0,23230300.0,8469500.0,16422100.0,4752600.0,18111100.0,12372800.0,44945700.0,166476700.0,14148300.0,9353800.0,38069700.0,42121800.0,32812600.0,23360300.0,55626000.0,15074300.0,7742500.0,4182000.0,23034000.0,6037540000.0,0.0,0.0
2026-07-01,28326800.0,9098200.0,23712600.0,1765900.0,4063100.0,1312800.0,2909700.0,10740400.0,0.0,26736400.0,38152300.0,7890500.0,14440800.0,20607900.0,6516500.0,21734800.0,3902100.0,45536300.0,8601200.0,48065800.0,146147600.0,9391700.0,9571700.0,58561300.0,40803800.0,21668000.0,23141500.0,47100900.0,18534800.0,6259800.0,5090100.0,40391400.0,5782730000.0,0.0,0.0
2026-07-02,28142500.0,9764500.0,26749500.0,1061700.0,3809400.0,2132800.0,2785800.0,10423900.0,0.0,25974800.0,26111800.0,7605500.0,16972900.0,21178900.0,7998700.0,18308400.0,6871800.0,21705900.0,11373200.0,42128900.0,142068700.0,13040200.0,9256000.0,60641000.0,50959800.0,22180300.0,28030600.0,57447800.0,18375000.0,5898700.0,4254100.0,29512200.0,5463520000.0,0.0,0.0
2026-07-06,30684200.0,8509300.0,24544000.0,1185100.0,2787500.0,1506700.0,2327500.0,10190000.0,0.0,26915800.0,25159400.0,4600500.0,12476700.0,18581300.0,6803700.0,18992600.0,6744000.0,17674100.0,9894600.0,34224500.0,108999000.0,9006600.0,8323100.0,37360100.0,30220400.0,20511900.0,22711300.0,50673300.0,12788500.0,6428200.0,3395800.0,29523300.0,4971110000.0,0.0,0.0
2026-07-07,29166800.0,8969200.0,24116700.0,1689500.0,3416700.0,1689800.0,1940200.0,9551200.0,0.0,24045600.0,28558300.0,5813600.0,18921600.0,18057100.0,9089700.0,17835200.0,3688500.0,18560800.0,16986400.0,29297500.0,124154600.0,9256700.0,8061400.0,52570400.0,42483100.0,26177000.0,30040600.0,43721500.0,14898400.0,5986600.0,3027300.0,19941400.0,5049590000.0,0.0,0.0
2026-07-08,23768500.0,11912800.0,31624100.0,1171100.0,2546600.0,1325100.0,1645500.0,7980600.0,0.0,22094800.0,30771300.0,5509600.0,15213700.0,24078400.0,6769400.0,14160000.0,4735900.0,13606500.0,10642400.0,25908300.0,147419100.0,8997900.0,14272300.0,40587800.0,35603200.0,19194500.0,18053500.0,43767400.0,11411200.0,4425200.0,3605700.0,19892000.0,5102020000.0,0.0,0.0
2026-07-09,26900800.0,9932000.0,28074000.0,1030300.0,2161400.0,1488400.0,4545200.0,6283500.0,0.0,24729100.0,21882200.0,3223100.0,13051600.0,16466800.0,6426100.0,15782500.0,3605400.0,26579700.0,11512400.0,31083200.0,132037400.0,18763700.0,7748000.0,35286100.0,33654700.0,17866200.0,20904400.0,41441700.0,11455600.0,3946300.0,2907500.0,20464500.0,4442950000.0,0.0,0.0
2026-07-10,20704500.0,5592500.0,14595900.0,762800.0,2321800.0,1169300.0,2102300.0,9269800.0,0.0,18146100.0,24550300.0,6507600.0,14548400.0,15888500.0,6534700.0,10694600.0,2980800.0,40608900.0,7138000.0,24644600.0,148421000.0,9074900.0,12473000.0,31163000.0,26415900.0,14591800.0,25241200.0,42191300.0,9595100.0,3001200.0,2996000.0,12461700.0,4006370000.0,0.0,0.0
2026-07-13,22957400.0,9149500.0,21294500.0,1001100.0,6235600.0,1339500.0,2373300.0,6475300.0,0.0,15901700.0,32133300.0,5769700.0,23873300.0,19375500.0,5272200.0,12085800.0,4169600.0,19840700.0,7580800.0,28914900.0,121411000.0,6716300.0,7816100.0,39786500.0,36552400.0,18864700.0,39091400.0,44013600.0,14329800.0,3720300.0,3613300.0,17043400.0,4729990000.0,0.0,0.0
2026-07-14,21201400.0,7566300.0,20118700.0,522300.0,4234700.0,1256100.0,2409200.0,12139500.0,0.0,18259400.0,28248700.0,5315900.0,17284300.0,18326900.0,8770600.0,13775400.0,3834500.0,16748200.0,9182000.0,27863900.0,124379600.0,8518600.0,7668100.0,49963700.0,29448100.0,15801700.0,24043700.0,35143100.0,14279000.0,3560900.0,5415600.0,14682000.0,4836950000.0,0.0,0.0
2026-07-15,27826200.0,8095900.0,16324100.0,567400.0,3770000.0,1866000.0,2423200.0,12002800.0,0.0,28284600.0,26948800.0,6735500.0,20413000.0,18832700.0,10547300.0,18383800.0,6050900.0,19003400.0,12415800.0,36253700.0,124797200.0,8078300.0,6180000.0,26064500.0,32627600.0,15407500.0,20620300.0,43844800.0,17012300.0,3873700.0,5504500.0,16467900.0,5236550000.0,0.0,0.0
2026-07-16,27093700.0,8412300.0,23407200.0,543100.0,5089100.0,2916300.0,2735300.0,8026800.0,0.0,41158500.0,22780300.0,4841200.0,24564600.0,24081300.0,11097600.0,17889900.0,4812000.0,15816000.0,18231600.0,37047400.0,122986100.0,7805600.0,6485400.0,28951300.0,39402000.0,31134300.0,29037500.0,46409800.0,24891300.0,5017800.0,7070000.0,20777600.0,5365300000.0,0.0,0.0
2026-07-17,32115900.0,7560400.0,23272200.0,854900.0,5202700.0,2117700.0,2508000.0,9102600.0,0.0,29959300.0,42020100.0,7561300.0,23953800.0,28738500.0,10167700.0,32903000.0,3782000.0,22267900.0,21510400.0,33049800.0,144281900.0,8579300.0,8917400.0,31875100.0,54109300.0,22367300.0,22573700.0,62651000.0,20986500.0,6068200.0,4441000.0,28289800.0,5303290000.0,0.0,0.0
2026-07-20,23440700.0,6025900.0,14420500.0,828300.0,4973600.0,1616600.0,1507900.0,7379300.0,0.0,24736600.0,19767900.0,3784800.0,16492800.0,20539900.0,8114700.0,14967200.0,3693400.0,10225200.0,10113200.0,27915800.0,88701500.0,8758700.0,5788300.0,30571300.0,29687600.0,17937400.0,36380200.0,50422300.0,11653600.0,3770300.0,3256700.0,17738900.0,5152910000.0,0.0,0.0
2026-07-21,29045100.0,6357800.0,17291100.0,619900.0,4981800.0,3143800.0,1833500.0,9880300.0,0.0,23369800.0,27198800.0,2786200.0,20478400.0,18190200.0,7793100.0,12949400.0,3539500.0,9140500.0,8477600.0,24126600.0,108685600.0,7989500.0,7027600.0,23161800.0,33728300.0,20061100.0,36564300.0,34324300.0,18210100.0,3485200.0,3721400.0,22717000.0,5149030000.0,0.0,0.0
2026-07-22,24776700.0,3342900.0,16966200.0,588100.0,4151600.0,1345500.0,1762700.0,9080600.0,0.0,39334100.0,24851700.0,3428200.0,14983100.0,19116000.0,9100200.0,11701300.0,4524400.0,11019600.0,9663000.0,28142500.0,137645600.0,6198700.0,5371200.0,38588300.0,23692200.0,21031400.0,39873900.0,32836200.0,10259500.0,2935100.0,2971500.0,23494800.0,4890390000.0,0.0,0.0
2026-07-23,27155100.0,4338800.0,16348700.0,577000.0,3233300.0,2268600.0,1785200.0,6592300.0,0.0,69419700.0,52554200.0,5002200.0,17661700.0,27795100.0,8063300.0,13755600.0,5105700.0,15494800.0,7738000.0,30351800.0,110505300.0,7755700.0,6499200.0,29757900.0,44028600.0,14155500.0,29795400.0,55437300.0,11048800.0,3098500.0,2538200.0,21516800.0,5515210000.0,0.0,0.0
2026-07-24,27200700.0,4721500.0,15149400.0,730300.0,3828900.0,2394600.0,1586300.0,5779200.0,0.0,31806600.0,41964600.0,5092700.0,14828800.0,19771000.0,6351800.0,11980400.0,3703500.0,11503500.0,11897600.0,27659400.0,114836800.0,7968300.0,6620700.0,21177000.0,42876700.0,18959500.0,34926300.0,44782000.0,11525100.0,3405200.0,2553500.0,18405900.0,4860620000.0,0.0,0.0
2026-07-27,31800300.0,6023000.0,18502100.0,787800.0,3084800.0,4979600.0,2109500.0,6580300.0,0.0,28471600.0,28939800.0,4046300.0,28363300.0,19445500.0,9647900.0,19937600.0,4874400.0,11195300.0,7548600.0,27856200.0,154353700.0,7237900.0,7301800.0,36708200.0,42681500.0,15752100.0,30265400.0,41461200.0,17932300.0,5017300.0,4478000.0,19008700.0,5038290000.0,0.0,0.0
2026-07-28,36315500.0,8561600.0,20328400.0,953000.0,3304800.0,7884000.0,2682800.0,8475300.0,0.0,29511900.0,33698300.0,3320700.0,20006600.0,20531100.0,10491000.0,34982900.0,5261500.0,12009300.0,14104200.0,32367500.0,134111500.0,10648800.0,12848800.0,43597300.0,51398700.0,18442100.0,27430400.0,47322200.0,18276300.0,8157500.0,5857500.0,24867900.0,5590890000.0,0.0,0.0
2026-07-29,32304900.0,8189500.0,21374400.0,900300.0,3145200.0,4199900.0,1973400.0,7152500.0,0.0,27501600.0,53074500.0,5391000.0,22149600.0,33297400.0,6105600.0,21711700.0,3650700.0,22371100.0,9104400.0,47209000.0,147680800.0,8390800.0,14616800.0,27207900.0,57233300.0,19510900.0,31484100.0,70697200.0,21700200.0,21265700.0,4925900.0,23480000.0,5836350000.0,0.0,0.0
2026-07-30,36936600.0,7284700.0,23639800.0,618600.0,4174100.0,3640700.0,2334500.0,8958800.0,0.0,30168000.0,30570700.0,3973000.0,23465000.0,22198800.0,8216500.0,17616100.0,4040200.0,42271500.0,13081800.0,110160700.0,129010200.0,8253100.0,9571100.0,27801600.0,66753700.0,18165300.0,34973900.0,66811300.0,17474200.0,14508000.0,4599600.0,28747000.0,5594430000.0,0.0,0.0
2026-07-31,26615700.0,8472300.0,20391000.0,491200.0,5599300.0,3420400.0,1760200.0,7887400.0,0.0,46498000.0,38659800.0,8490100.0,18218400.0,28350700.0,6782100.0,14725900.0,4965200.0,24261500.0,7765200.0,60846000.0,139961200.0,9699400.0,9152600.0,29085100.0,50540500.0,13533800.0,38770200.0,62445900.0,11956100.0,10849600.0,4390700.0,22799100.0,5391020000.0,0.0,0.0
2026-08-03,24422300.0,8335700.0,17315100.0,1105700.0,2908900.0,2383600.0,2014100.0,10302600.0,0.0,38669700.0,30860100.0,5758500.0,23340700.0,23175700.0,8136300.0,23197100.0,7440500.0,25938100.0,14161200.0,66762100.0,128406900.0,6645300.0,8843600.0,77282900.0,44965100.0,16768900.0,27710400.0,59927500.0,12676900.0,9517100.0,4022300.0,23942500.0,5201470000.0,0.0,0.0
2026-08-04,48463600.0,14097400.0,29564200.0,930200.0,3996800.0,3078100.0,2437300.0,8354500.0,0.0,35705700.0,46524700.0,5461600.0,25440200.0,20751800.0,7362400.0,17085700.0,7486000.0,17959200.0,13615600.0,50455500.0,134922000.0,8525200.0,7362300.0,175034700.0,59778600.0,19421300.0,25467000.0,69154800.0,13929100.0,5802700.0,11503000.0,29620000.0,5906940000.0,0.0,0.0
2026-08-05,49615800.0,20227000.0,16880400.0,1116800.0,3532800.0,1813500.0,1692400.0,7324900.0,0.0,46926300.0,25771800.0,5609200.0,24378400.0,17791000.0,6472600.0,15868600.0,4775300.0,14897200.0,8666200.0,33388900.0,158187400.0,6257600.0,9753300.0,63515900.0,33540200.0,16755300.0,32375400.0,44689100.0,12790400.0,5933200.0,6091500.0,21446300.0,5615640000.0,0.0,0.0
2026-08-06,24675300.0,7774600.0,13907500.0,2207900.0,2441500.0,8762900.0,2116500.0,6911300.0,0.0,25235900.0,25818200.0,4831900.0,26407700.0,16314100.0,6931800.0,13568500.0,4214900.0,11811500.0,13658800.0,36441500.0,113940600.0,8510300.0,8766700.0,41751400.0,33035900.0,19508300.0,33374000.0,38416900.0,10628900.0,5084700.0,5422800.0,23203100.0,5330830000.0,0.0,0.0
2026-08-07,26618800.0,7208500.0,14698300.0,1591900.0,3220100.0,3329300.0,1523800.0,5882000.0,0.0,19859900.0,23459400.0,55016600.0,34474400.0,18416800.0,6532100.0,11221700.0,4909700.0,11250300.0,17009600.0,28846200.0,105669400.0,4734000.0,7565500.0,77579900.0,31070400.0,24244900.0,30292700.0,43586300.0,9159600.0,3909500.0,7860700.0,18819300.0,5019970000.0,0.0,0.0
2026-08-10,19656600.0,5434100.0,13854100.0,1244800.0,1993300.0,2298400.0,1479200.0,8178500.0,0.0,18991400.0,30292400.0,8610100.0,17017400.0,16226900.0,8985100.0,13710800.0,4742100.0,14967300.0,11943600.0,31206100.0,115846600.0,5883800.0,7386500.0,57402700.0,26243200.0,34015000.0,21661500.0,39249500.0,11776100.0,2859500.0,4609100.0,19144000.0,4879540000.0,0.0,0.0
2026-08-11,18052500.0,6277300.0,12882700.0,1493000.0,1901200.0,2243700.0,1801400.0,6343100.0,0.0,29081800.0,17988300.0,5052200.0,15464800.0,14942800.0,5945900.0,16018000.0,3030600.0,13146900.0,9579000.0,23049800.0,101273100.0,5823900.0,7936700.0,43162500.0,29286100.0,30082100.0,26115400.0,36740600.0,9703600.0,3686900.0,3356800.0,17005800.0,4739500000.0,0.0,0.0
2026-08-12,18628300.0,10008600.0,15859200.0,1079700.0,2591500.0,3419000.0,1311800.0,6919400.0,0.0,25012000.0,25243300.0,4810300.0,22204000.0,15480600.0,4629300.0,12651900.0,4351700.0,16186900.0,8544900.0,29001500.0,108783600.0,5472700.0,7195000.0,35220300.0,29066000.0,16943300.0,28975300.0,33179100.0,9534200.0,4034300.0,2680000.0,22054700.0,4574170000.0,0.0,0.0
2026-08-13,18764900.0,7907800.0,13180500.0,836300.0,2396100.0,3511400.0,1324900.0,5822700.0,0.0,17866100.0,28659200.0,7637900.0,21098800.0,14719300.0,4852700.0,10140600.0,4023300.0,11164200.0,9858700.0,23039000.0,98867200.0,6246700.0,7491300.0,36511200.0,31599700.0,17306200.0,35064000.0,35634500.0,8194000.0,3120100.0,2839700.0,16822200.0,4833230000.0,0.0,0.0
2026-08-14,25570300.0,4707400.0,29513600.0,451800.0,2170500.0,2443400.0,1165100.0,6750300.0,0.0,17808600.0,26611000.0,4659900.0,18133500.0,13163400.0,4998100.0,9166400.0,2735400.0,8758000.0,7930700.0,16217600.0,75680900.0,3867000.0,7249600.0,24065800.0,23790600.0,13900200.0,35649800.0,31367900.0,6324700.0,3153600.0,3040000.0,14520000.0,4159900000.0,0.0,0.0
2026-08-17,20057600.0,5683900.0,20042600.0,572700.0,2518000.0,2164000.0,1242800.0,6412000.0,0.0,18291300.0,22620500.0,4755400.0,13863100.0,14546800.0,5515500.0,12056400.0,4911800.0,17225600.0,9817800.0,29635800.0,93678700.0,6856200.0,9867500.0,24590900.0,26452600.0,18111800.0,23423100.0,34356600.0,9479400.0,3575900.0,4037700.0,18131100.0,4452630000.0,0.0,0.0
2026-08-18,23721500.0,8886900.0,22878200.0,690700.0,2585800.0,3315400.0,1845200.0,6887300.0,0.0,19248800.0,29462900.0,6312600.0,16881400.0,18263700.0,7838200.0,12524500.0,3089200.0,27094900.0,16318800.0,24087600.0,103128200.0,6224700.0,12746100.0,28082100.0,48997200.0,15416900.0,30373800.0,43920900.0,14030100.0,5584100.0,4310800.0,20675000.0,4602700000.0,0.0,0.0
2026-08-19,19208400.0,5740500.0,35091400.0,779800.0,1928700.0,2695300.0,1642300.0,10751400.0,0.0,19733800.0,29670000.0,7762300.0,15005900.0,14995700.0,7728500.0,15993900.0,5351600.0,16971700.0,11953400.0,19961900.0,96797300.0,6954200.0,13948500.0,36132600.0,35801700.0,16414800.0,36176600.0,40306000.0,8424700.0,6206500.0,4322300.0,34286600.0,5184100000.0,0.0,0.0
2026-08-20,15178900.0,4207300.0,19729800.0,839000.0,2106500.0,1565500.0,2503700.0,8902400.0,0.0,18570400.0,41762500.0,4956800.0,17163500.0,21638700.0,6475900.0,14928000.0,3526300.0,13872200.0,9057100.0,20020800.0,92457000.0,5350000.0,15794100.0,27018400.0,33396400.0,16675500.0,31972700.0,45520300.0,10447900.0,5219700.0,3737000.0,83633100.0,4759610000.0,0.0,0.0
2026-08-21,14343900.0,8123600.0,19037100.0,603600.0,3938500.0,1676900.0,2365600.0,8201000.0,0.0,20849800.0,37545400.0,4508700.0,19707800.0,22949600.0,6186800.0,15595800.0,3776000.0,13848000.0,12531300.0,22510800.0,98869300.0,6627600.0,9785200.0,41076200.0,33399400.0,12570200.0,37001500.0,39188700.0,8947200.0,3207800.0,5095600.0,44454200.0,4497270000.0,0.0,0.0
2026-08-24,16602200.0,5306400.0,18717200.0,658500.0,2201000.0,1651400.0,2204700.0,7245600.0,0.0,26338200.0,20714600.0,5809600.0,17251100.0,12868900.0,5436100.0,14787700.0,4115900.0,12990600.0,11667300.0,17230800.0,135187300.0,5997000.0,7061800.0,35115500.0,37443100.0,14461300.0,46176900.0,32430900.0,10645600.0,3982100.0,5193900.0,35616300.0,4400800000.0,0.0,0.0
2026-08-25,19001400.0,4385100.0,18014900.0,549700.0,3717600.0,1748900.0,1359900.0,8346500.0,0.0,20649700.0,29540300.0,7753500.0,12364100.0,14618000.0,4687000.0,11940100.0,3192700.0,9769100.0,7087600.0,19519000.0,122309000.0,10194100.0,9125700.0,24558500.0,23869600.0,15060000.0,55598600.0,27422300.0,7049800.0,3921600.0,4036000.0,27032500.0,4260240000.0,0.0,0.0
2026-08-26,14348100.0,7664600.0,19196300.0,416300.0,3872800.0,1515500.0,1221600.0,13619900.0,0.0,20420300.0,28585000.0,5671200.0,13106100.0,10555700.0,7214100.0,17133900.0,4182300.0,31416300.0,6220800.0,20758900.0,179900000.0,8577000.0,8249100.0,27924200.0,20392400.0,11166200.0,51877000.0,28751600.0,7449300.0,3930900.0,3428500.0,28409400.0,4100600000.0,0.0,0.0
2026-08-27,16441800.0,4692700.0,21330000.0,523600.0,2313900.0,1897200.0,2239600.0,23443200.0,0.0,23391400.0,32490100.0,10555700.0,14880800.0,13658700.0,7306200.0,13452600.0,5980400.0,15221400.0,7431000.0,28688800.0,298909800.0,6241300.0,7817200.0,40739300.0,28723500.0,11492100.0,37931500.0,34557100.0,12749800.0,4604800.0,2966200.0,29816600.0,4362240000.0,0.0,0.0
2026-08-28,15373900.0,3063000.0,16596100.0,526800.0,4190900.0,1850000.0,1401300.0,14728300.0,0.0,25347200.0,35134500.0,8008400.0,20107800.0,19052800.0,5765600.0,9887200.0,3887300.0,16042400.0,5279500.0,29207300.0,195116400.0,5465100.0,5868900.0,25060200.0,34105400.0,18571100.0,37801200.0,36744300.0,8896900.0,3840500.0,3074100.0,19420800.0,4297560000.0,0.0,0.0
2026-08-31,12463000.0,5021700.0,21948000.0,1102300.0,3128400.0,1271200.0,2392600.0,17823500.0,0.0,33493600.0,36481400.0,8136100.0,38638700.0,20883400.0,7900100.0,23764800.0,5244100.0,13383800.0,12161200.0,27208900.0,124702700.0,6555600.0,12097900.0,25941200.0,32237200.0,15279400.0,23206700.0,38810800.0,6748000.0,4082600.0,4146600.0,34188700.0,5386090000.0,0.0,0.0
2026-09-01,16212800.0,4369200.0,19288900.0,1425000.0,2210500.0,1437400.0,1507800.0,13740700.0,0.0,23342700.0,48867800.0,8030400.0,14156700.0,22801600.0,6033600.0,14824100.0,3701000.0,15796900.0,7278700.0,21046900.0,109756200.0,5529500.0,8503800.0,24567200.0,35236100.0,14443000.0,17599100.0,41126300.0,7920800.0,4279200.0,4288600.0,22074600.0,4858180000.0,0.0,0.0
2026-09-02,11938800.0,4363800.0,38874600.0,1060200.0,2526400.0,3252600.0,2163000.0,12386000.0,0.0,22582300.0,34409100.0,6075800.0,13313100.0,22395200.0,7910600.0,18492800.0,5106800.0,16552700.0,10510000.0,15336100.0,157104700.0,7054500.0,7431100.0,39874000.0,23476200.0,16639600.0,27545000.0,29566200.0,6301000.0,3011200.0,4766100.0,25181800.0,4738910000.0,0.0,0.0
2026-09-03,14868100.0,4108500.0,60242600.0,869600.0,3228900.0,3895000.0,2171100.0,12070100.0,0.0,20726900.0,23037600.0,7194800.0,14009200.0,16651200.0,5940300.0,13763000.0,4576000.0,19737100.0,8943500.0,24125900.0,134681600.0,10320000.0,6105800.0,38108000.0,29449800.0,18913200.0,28750500.0,43531600.0,7827800.0,4241000.0,4321900.0,25541200.0,4726400000.0,0.0,0.0
2026-09-04,19678700.0,4204100.0,32863300.0,649300.0,1554900.0,2165700.0,2076200.0,8422800.0,0.0,23189300.0,25350900.0,3011600.0,13112200.0,13951100.0,4320100.0,17290700.0,4225500.0,15966200.0,12451300.0,18101800.0,135352400.0,6138900.0,5588200.0,27963000.0,32871100.0,14952000.0,18799100.0,34054200.0,12276300.0,3318600.0,4616700.0,20540500.0,4103570000.0,0.0,0.0
2026-09-07,,,,,,,,,,,,,,,,,,,,,,,,,,,,,,,,,,,0.0
2026-09-08,28166500.0,4741600.0,30464900.0,735300.0,2216100.0,2982000.0,2236900.0,8026600.0,0.0,22915800.0,27470400.0,3481200.0,40223400.0,17332400.0,8084700.0,19426900.0,4197600.0,18909700.0,8540400.0,18882300.0,122965600.0,10086300.0,8325100.0,24582300.0,28341400.0,24378100.0,53956300.0,44746100.0,13079900.0,4751000.0,7000200.0,22664800.0,4966930000.0,0.0,0.0
2026-09-09,22152400.0,3673900.0,25918200.0,739500.0,1705400.0,2871300.0,2065600.0,5877200.0,0.0,33151600.0,31651700.0,5440600.0,25387600.0,19141700.0,6124600.0,12337500.0,4434000.0,35900700.0,11854100.0,12889600.0,82955500.0,7371700.0,9270000.0,20356800.0,26763400.0,26478800.0,22753400.0,32812400.0,7499300.0,9798800.0,3891300.0,15460800.0,4896940000.0,0.0,0.0
2026-09-10,16005500.0,2810900.0,23994300.0,938500.0,2129800.0,1301200.0,1925700.0,7400800.0,0.0,23557600.0,53424500.0,9840800.0,17837200.0,27044700.0,4929500.0,12019900.0,4345400.0,21531900.0,9466500.0,16038800.0,105768000.0,7445600.0,10925000.0,21330700.0,31414400.0,18956200.0,23109000.0,42740400.0,8368100.0,10055200.0,4544300.0,17174900.0,4893500000.0,0.0,0.0
2026-09-11,19026200.0,4638000.0,21166900.0,613600.0,2137700.0,2556700.0,1772000.0,6649500.0,0.0,24708300.0,38955300.0,8728500.0,15395500.0,26353300.0,4701200.0,9988700.0,4096800.0,16925000.0,7022600.0,14510500.0,89060100.0,8767100.0,11526600.0,15410400.0,26649100.0,15391400.0,92557900.0,45512700.0,10629200.0,4767600.0,3174800.0,17068600.0,4722480000.0,0.0,0.0
2026-09-14,24810100.0,5673800.0,32662800.0,582500.0,3466900.0,2383500.0,2012800.0,25381500.0,0.0,35905400.0,44071500.0,8884700.0,18228800.0,26060900.0,4740800.0,14066100.0,4165000.0,19332300.0,9009900.0,23091900.0,132267200.0,10764800.0,8704500.0,29149500.0,35219000.0,14449300.0,37099600.0,43992400.0,14305900.0,10905000.0,5232800.0,23877400.0,4963750000.0,0.0,0.0
2026-09-15,17134000.0,4909600.0,24783900.0,2778400.0,2264700.0,1581400.0,2198700.0,17227100.0,0.0,21928600.0,42245600.0,9403700.0,12906800.0,25300500.0,5283500.0,13148900.0,4783500.0,19502800.0,9584500.0,17794600.0,88059700.0,8173500.0,8802900.0,31238200.0,26631700.0,20448700.0,34847100.0,46195000.0,9452600.0,5728200.0,5593100.0,19316300.0,5154930000.0,0.0,0.0
2026-09-16,22317700.0,4470600.0,23152500.0,2624600.0,2114600.0,1707000.0,2096900.0,11758600.0,0.0,18928900.0,48625900.0,13144400.0,15823800.0,27599400.0,4887300.0,17074800.0,7134200.0,17217800.0,8019900.0,16670300.0,96563600.0,6880700.0,6949800.0,20984000.0,35688000.0,17743600.0,42278900.0,59217700.0,10490900.0,5514600.0,3832600.0,15150900.0,5307920000.0,0.0,0.0
2026-09-17,28464700.0,7162400.0,24389600.0,949400.0,2120600.0,2079700.0,2320000.0,12331300.0,0.0,19238400.0,45356000.0,8137600.0,22494900.0,22159600.0,6568800.0,16563600.0,4941900.0,15928000.0,9154800.0,17841600.0,94191300.0,10553600.0,6737800.0,23776100.0,37270300.0,21956000.0,49346300.0,49652800.0,12447700.0,4967200.0,3952100.0,19216200.0,5058210000.0,0.0,0.0
2026-09-18,31867300.0,10722300.0,44032800.0,1207000.0,8497500.0,2050900.0,4175000.0,19469000.0,0.0,47631800.0,34871100.0,6721300.0,23126600.0,31106300.0,16428400.0,28048200.0,9577400.0,27596400.0,18531200.0,39622300.0,190287400.0,23539900.0,12944300.0,39302700.0,48478700.0,32298600.0,64383600.0,65395100.0,12905100.0,7837100.0,5269000.0,45337600.0,8858350000.0,0.0,0.0
2026-09-21,44494300.0,4998500.0,26498600.0,990700.0,3057100.0,2000000.0,2160100.0,13372700.0,0.0,30455400.0,44495800.0,8832400.0,14289400.0,18968200.0,4485300.0,18100400.0,6334600.0,48720500.0,10228900.0,27959900.0,109806100.0,12011300.0,5822100.0,22006700.0,46730600.0,26038700.0,35547100.0,50484700.0,9943100.0,4867500.0,4506500.0,23966900.0,4828050000.0,0.0,0.0
2026-09-22,28282800.0,4571300.0,20570800.0,680600.0,3217600.0,2478300.0,1980600.0,8918400.0,0.0,29788600.0,30714000.0,8941200.0,17857200.0,25684300.0,5680700.0,17266800.0,5016800.0,28122100.0,7997300.0,21652800.0,95746700.0,7740400.0,5636100.0,21991700.0,40128800.0,22048800.0,32939900.0,34802300.0,11256000.0,3518200.0,4771300.0,19372800.0,5286270000.0,0.0,0.0
2026-09-23,16338200.0,3965900.0,23387700.0,770700.0,2589200.0,2391200.0,2280700.0,13225800.0,0.0,35576200.0,68957400.0,14504900.0,72555700.0,24351400.0,6632700.0,13016400.0,16605700.0,30829200.0,9069400.0,19445600.0,89547300.0,8173400.0,6580200.0,35119600.0,33191800.0,19258700.0,38534400.0,54931700.0,10181300.0,3549000.0,4412200.0,22770800.0,5110910000.0,0.0,0.0
2026-09-24,25318900.0,3556900.0,20930400.0,1429700.0,3459600.0,2961900.0,2893300.0,8399300.0,0.0,23777200.0,74979500.0,11008900.0,43226800.0,27307900.0,6320600.0,13163300.0,7387500.0,34808500.0,9788500.0,16657600.0,77469900.0,9642900.0,7428400.0,22675800.0,29000900.0,25304900.0,33525900.0,43983700.0,7720300.0,4122500.0,3645000.0,26174000.0,5316390000.0,0.0,0.0
2026-09-25,17516535.0,4349414.0,15753539.0,872581.0,1938592.0,2229553.0,4602713.0,7472762.0,0.0,21265244.0,58227044.0,17300875.0,27399933.0,22409666.0,4059419.0,12068196.0,6460792.0,25649562.0,8910165.0,37985485.0,87931936.0,6701175.0,5663209.0,17677784.0,30017218.0,18756601.0,29156168.0,35238956.0,7745453.0,4104743.0,4885234.0,18766175.0,2644756000.0,0.0,0.0
